Exchange,Symbol,Shortname,Longname,Sector,Industry,Currentprice,Marketcap,Ebitda,Revenuegrowth,City,State,Country,Fulltimeemployees,Longbusinesssummary,Weight,Total ESG Risk score,Environment Risk Score,ESG Risk Level,Controversy Level,ISO3,country,gain_score,vulnerability_score,readiness_score,risk_label,sector_encoded,env_share,climate_gap,esg_per_marketcap,high_carbon_sector,profitability_ratio,norm_vulnerability,norm_carbon_sector,norm_esg,norm_readiness_inv,norm_profit_inv,climate_credit_risk_score,climate_risk_tier,risk_target
NMS,AAPL,Apple Inc.,Apple Inc.,Technology,Consumer Electronics,254.49,3846819807232,134660997120.0,0.061,Cupertino,CA,United States,164000.0,"Apple Inc. designs, manufactures, and markets smartphones, personal computers, tablets, wearables, and accessories worldwide. The company offers iPhone, a line of smartphones; Mac, a line of personal computers; iPad, a line of multi-purpose tablets; and wearables, home, and accessories comprising AirPods, Apple TV, Apple Watch, Beats products, and HomePod. It also provides AppleCare support and cloud services; and operates various platforms, including the App Store that allow customers to discover and download applications and digital content, such as books, music, video, games, and podcasts, as well as advertising services include third-party licensing arrangements and its own advertising platforms. In addition, the company offers various subscription-based services, such as Apple Arcade, a game subscription service; Apple Fitness+, a personalized fitness service; Apple Music, which offers users a curated listening experience with on-demand radio stations; Apple News+, a subscription news and magazine service; Apple TV+, which offers exclusive original content; Apple Card, a co-branded credit card; and Apple Pay, a cashless payment service, as well as licenses its intellectual property. The company serves consumers, and small and mid-sized businesses; and the education, enterprise, and government markets. It distributes third-party applications for its products through the App Store. The company also sells its products through its retail and online stores, and direct sales force; and third-party cellular network carriers, wholesalers, retailers, and resellers. Apple Inc. was founded in 1976 and is headquartered in Cupertino, California.",0.0692091524397274,17.2,0.5,Low,Significant Controversy Level,USA,United States,66.7646656881949,0.312019243435194,0.647312557199093,1,9,0.029069767441860465,-0.335293313763899,0.004471225807786498,0,0.03500579800146554,0.4421087602450484,0.0,0.29190751445086704,0.765553795034871,0.9460126563333641,0.40753377928508927,Medium,1
NMS,NVDA,NVIDIA Corporation,NVIDIA Corporation,Technology,Semiconductors,134.7,3298803056640,61184000000.0,1.224,Santa Clara,CA,United States,29600.0,"NVIDIA Corporation provides graphics and compute and networking solutions in the United States, Taiwan, China, Hong Kong, and internationally. The Graphics segment offers GeForce GPUs for gaming and PCs, the GeForce NOW game streaming service and related infrastructure, and solutions for gaming platforms; Quadro/NVIDIA RTX GPUs for enterprise workstation graphics; virtual GPU or vGPU software for cloud-based visual and virtual computing; automotive platforms for infotainment systems; and Omniverse software for building and operating metaverse and 3D internet applications. The Compute & Networking segment comprises Data Center computing platforms and end-to-end networking platforms, including Quantum for InfiniBand and Spectrum for Ethernet; NVIDIA DRIVE automated-driving platform and automotive development agreements; Jetson robotics and other embedded platforms; NVIDIA AI Enterprise and other software; and DGX Cloud software and services. The company's products are used in gaming, professional visualization, data center, and automotive markets. It sells its products to original equipment manufacturers, original device manufacturers, system integrators and distributors, independent software vendors, cloud service providers, consumer internet companies, add-in board manufacturers, distributors, automotive manufacturers and tier-1 automotive suppliers, and other ecosystem participants. NVIDIA Corporation was incorporated in 1993 and is headquartered in Santa Clara, California.",0.0593496381573215,13.6,2.3,Low,Moderate Controversy Level,USA,United States,66.7646656881949,0.312019243435194,0.647312557199093,1,9,0.1691176470588235,-0.335293313763899,0.004122707468887912,0,0.018547333365914558,0.4421087602450484,0.0,0.18786127167630057,0.765553795034871,0.9713955596589064,0.37885819678527355,Low,0
NMS,MSFT,Microsoft Corporation,Microsoft Corporation,Technology,Software - Infrastructure,436.6,3246068596736,136551997440.0,0.16,Redmond,WA,United States,228000.0,"Microsoft Corporation develops and supports software, services, devices and solutions worldwide. The Productivity and Business Processes segment offers office, exchange, SharePoint, Microsoft Teams, office 365 Security and Compliance, Microsoft viva, and Microsoft 365 copilot; and office consumer services, such as Microsoft 365 consumer subscriptions, Office licensed on-premises, and other office services. This segment also provides LinkedIn; and dynamics business solutions, including Dynamics 365, a set of intelligent, cloud-based applications across ERP, CRM, power apps, and power automate; and on-premises ERP and CRM applications. The Intelligent Cloud segment offers server products and cloud services, such as azure and other cloud services; SQL and windows server, visual studio, system center, and related client access licenses, as well as nuance and GitHub; and enterprise services including enterprise support services, industry solutions, and nuance professional services. The More Personal Computing segment offers Windows, including windows OEM licensing and other non-volume licensing of the Windows operating system; Windows commercial comprising volume licensing of the Windows operating system, windows cloud services, and other Windows commercial offerings; patent licensing; and windows Internet of Things; and devices, such as surface, HoloLens, and PC accessories. Additionally, this segment provides gaming, which includes Xbox hardware and content, and first- and third-party content; Xbox game pass and other subscriptions, cloud gaming, advertising, third-party disc royalties, and other cloud services; and search and news advertising, which includes Bing, Microsoft News and Edge, and third-party affiliates. The company sells its products through OEMs, distributors, and resellers; and directly through digital marketplaces, online, and retail stores. The company was founded in 1975 and is headquartered in Redmond, Washington.",0.0584008785436112,15.1,1.5,Low,Significant Controversy Level,USA,United States,66.7646656881949,0.312019243435194,0.647312557199093,1,9,0.09933774834437087,-0.335293313763899,0.004651780931303612,0,0.04206688594853057,0.4421087602450484,0.0,0.23121387283236994,0.765553795034871,0.9351227637035037,0.3882366975365541,Low,0
NMS,AMZN,"Amazon.com, Inc.","Amazon.com, Inc.",Consumer Cyclical,Internet Retail,224.92,2365033807872,111583002624.0,0.11,Seattle,WA,United States,1551000.0,"Amazon.com, Inc. engages in the retail sale of consumer products, advertising, and subscriptions service through online and physical stores in North America and internationally. The company operates through three segments: North America, International, and Amazon Web Services (AWS). It also manufactures and sells electronic devices, including Kindle, Fire tablets, Fire TVs, Echo, Ring, Blink, and eero; and develops and produces media content. In addition, the company offers programs that enable sellers to sell their products in its stores; and programs that allow authors, independent publishers, musicians, filmmakers, Twitch streamers, skill and app developers, and others to publish and sell content. Further, it provides compute, storage, database, analytics, machine learning, and other services, as well as advertising services through programs, such as sponsored ads, display, and video advertising. Additionally, the company offers Amazon Prime, a membership program. The company's products offered through its stores include merchandise and content purchased for resale and products offered by third-party sellers. It serves consumers, sellers, developers, enterprises, content creators, advertisers, and employees. Amazon.com, Inc. was incorporated in 1994 and is headquartered in Seattle, Washington.",0.0425499486683522,30.6,6.0,High,Significant Controversy Level,USA,United States,66.7646656881949,0.312019243435194,0.647312557199093,3,2,0.19607843137254902,-0.335293313763899,0.012938504260762825,0,0.04718029917906318,0.4421087602450484,0.0,0.6791907514450868,0.765553795034871,0.9272366530262173,0.5218411500526405,High,2
NMS,GOOGL,Alphabet Inc.,Alphabet Inc.,Communication Services,Internet Content & Information,191.41,2351625142272,123469996032.0,0.151,Mountain View,CA,United States,181269.0,"Alphabet Inc. offers various products and platforms in the United States, Europe, the Middle East, Africa, the Asia-Pacific, Canada, and Latin America. It operates through Google Services, Google Cloud, and Other Bets segments. The Google Services segment provides products and services, including ads, Android, Chrome, devices, Gmail, Google Drive, Google Maps, Google Photos, Google Play, Search, and YouTube. It is also involved in the sale of apps and in-app purchases and digital content in the Google Play and YouTube; and devices, as well as in the provision of YouTube consumer subscription services. The Google Cloud segment offers infrastructure, cybersecurity, databases, analytics, AI, and other services; Google Workspace that include cloud-based communication and collaboration tools for enterprises, such as Gmail, Docs, Drive, Calendar, and Meet; and other services for enterprise customers. The Other Bets segment sells healthcare-related and internet services. The company was incorporated in 1998 and is headquartered in Mountain View, California.",0.0423087098196338,24.2,1.6,Medium,High Controversy Level,USA,United States,66.7646656881949,0.312019243435194,0.647312557199093,2,1,0.06611570247933884,-0.335293313763899,0.010290755769271713,0,0.05250411462802726,0.4421087602450484,0.0,0.4942196531791907,0.765553795034871,0.9190260516210176,0.46552876043235164,High,2
NMS,META,"Meta Platforms, Inc.","Meta Platforms, Inc.",Communication Services,Internet Content & Information,585.25,1477457739776,79208996864.0,0.189,Menlo Park,CA,United States,72404.0,"Meta Platforms, Inc. engages in the development of products that enable people to connect and share with friends and family through mobile devices, personal computers, virtual reality headsets, and wearables worldwide. It operates in two segments, Family of Apps and Reality Labs. The Family of Apps segment offers Facebook, which enables people to share, discuss, discover, and connect with interests; Instagram, a community for sharing photos, videos, and private messages, as well as feed, stories, reels, video, live, and shops; Messenger, a messaging application for people to connect with friends, family, communities, and businesses across platforms and devices through text, audio, and video calls; and WhatsApp, a messaging application that is used by people and businesses to communicate and transact privately. The Reality Labs segment provides augmented and virtual reality related products comprising consumer hardware, software, and content that help people feel connected, anytime, and anywhere. The company was formerly known as Facebook, Inc. and changed its name to Meta Platforms, Inc. in October 2021. The company was incorporated in 2004 and is headquartered in Menlo Park, California",0.0265813329085953,34.1,2.7,High,High Controversy Level,USA,United States,66.7646656881949,0.312019243435194,0.647312557199093,3,1,0.07917888563049853,-0.335293313763899,0.023080186378237773,0,0.053611683591037275,0.4421087602450484,0.0,0.7803468208092486,0.765553795034871,0.9173179144079189,0.5511960970000592,High,2
NMS,TSLA,"Tesla, Inc.","Tesla, Inc.",Consumer Cyclical,Auto Manufacturers,421.06,1351627833344,13244000256.0,0.078,Austin,TX,United States,140473.0,"Tesla, Inc. designs, develops, manufactures, leases, and sells electric vehicles, and energy generation and storage systems in the United States, China, and internationally. The company operates in two segments, Automotive, and Energy Generation and Storage. The Automotive segment offers electric vehicles, as well as sells automotive regulatory credits; and non-warranty after-sales vehicle, used vehicles, body shop and parts, supercharging, retail merchandise, and vehicle insurance services. This segment also provides sedans and sport utility vehicles through direct and used vehicle sales, a network of Tesla Superchargers, and in-app upgrades; purchase financing and leasing services; services for electric vehicles through its company-owned service locations and Tesla mobile service technicians; and vehicle limited warranties and extended service plans. The Energy Generation and Storage segment engages in the design, manufacture, installation, sale, and leasing of solar energy generation and energy storage products, and related services to residential, commercial, and industrial customers and utilities through its website, stores, and galleries, as well as through a network of channel partners; and provision of service and repairs to its energy product customers, including under warranty, as well as various financing options to its solar customers. The company was formerly known as Tesla Motors, Inc. and changed its name to Tesla, Inc. in February 2017. Tesla, Inc. was incorporated in 2003 and is headquartered in Austin, Texas.",0.0243174937863789,25.2,3.3,Medium,Significant Controversy Level,USA,United States,66.7646656881949,0.312019243435194,0.647312557199093,2,2,0.13095238095238096,-0.335293313763899,0.018644185461654667,0,0.009798555437581978,0.4421087602450484,0.0,0.523121387283237,0.765553795034871,0.984888275370178,0.48078550303848167,High,2
NMS,AVGO,Broadcom Inc.,Broadcom Inc.,Technology,Semiconductors,220.79,1031217348608,22958000128.0,0.164,Palo Alto,CA,United States,20000.0,"Broadcom Inc. designs, develops, and supplies various semiconductor devices with a focus on complex digital and mixed signal complementary metal oxide semiconductor based devices and analog III-V based products worldwide. The company operates in two segments, Semiconductor Solutions and Infrastructure Software. It provides set-top box system-on-chips (SoCs); cable, digital subscriber line, and passive optical networking central office/consumer premise equipment SoCs; wireless local area network access point SoCs; Ethernet switching and routing custom silicon solutions; serializer/deserializer application specific integrated circuits; optical and copper, and physical layer devices; and fiber optic components and RF semiconductor devices. The company also offers RF front end modules and filter; Wi-Fi, Bluetooth, and global positioning system/global navigation satellite system SoCs; custom touch controllers; inductive charging; attached small computer system interface, and redundant array of independent disks controllers and adapters; peripheral component interconnect express; fiber channel host bus adapters; read channel based SoCs; custom flash controllers; preamplifiers; optocouplers, industrial fiber optics, and motion control encoders and subsystems; light emitting diode, ethernet PHYs, switch ICs, and camera microcontrollers. Its products are used in various applications, including enterprise and data center networking, home connectivity, set-top boxes, broadband access, telecommunication equipment, smartphones and base stations, data center servers and storage systems, factory automation, power generation and alternative energy systems, and electronic displays. Broadcom Inc. was founded in 1961 and is headquartered in Palo Alto, California.",0.0185529040232474,20.0,7.3,Low,Significant Controversy Level,USA,United States,66.7646656881949,0.312019243435194,0.647312557199093,1,9,0.365,-0.335293313763899,0.01939455346343544,0,0.022263008044802687,0.4421087602450484,0.0,0.3728323699421965,0.765553795034871,0.9656650973556573,0.4337764800347174,Medium,1
NYQ,BRK-B,Berkshire Hathaway Inc. New,Berkshire Hathaway Inc.,Financial Services,Insurance - Diversified,453.2,978776031232,149547008000.0,-0.002,Omaha,NE,United States,396500.0,"Berkshire Hathaway Inc., through its subsidiaries, engages in the insurance, freight rail transportation, and utility businesses worldwide. The company provides property, casualty, life, accident, and health insurance and reinsurance; and operates railroad systems in North America. It also generates, transmits, stores, and distributes electricity from natural gas, coal, wind, solar, hydroelectric, nuclear, and geothermal sources; operates natural gas distribution and storage facilities, interstate pipelines, liquefied natural gas facilities, and compressor and meter stations; and holds interest in coal mining assets. In addition, the company manufactures boxed chocolates and other confectionery products; specialty chemicals, metal cutting tools, and components for aerospace and power generation applications; flooring products; insulation, roofing, and engineered products; building and engineered components; paints and coatings; and bricks and masonry products, as well as offers manufactured and site-built home construction, and related lending and financial services. Further, it provides recreational vehicles, apparel and footwear products, jewelry, and custom picture framing products, as well as alkaline batteries; castings, forgings, fasteners/fastener systems, aerostructures, and precision components; and cobalt, nickel, and titanium alloys. Additionally, the company distributes televisions and information; franchises and services quick service restaurants; distributes electronic components; and offers logistics services, grocery and foodservice distribution services, and professional aviation training and shared aircraft ownership programs. It also retails automobiles; furniture, bedding, and accessories; household appliances, electronics, and computers; jewelry, watches, crystal, china, stemware, flatware, gifts, and collectibles; kitchenware; and motorcycle clothing and equipment. The company was incorporated in 1998 and is headquartered in Omaha, Nebraska.",0.0176094184142796,20.7,1.0,Medium,Low Controversy Level,USA,United States,66.7646656881949,0.312019243435194,0.647312557199093,2,5,0.04830917874396135,-0.335293313763899,0.021148862803622805,0,0.1527898142456175,0.4421087602450484,0.0,0.3930635838150289,0.765553795034871,0.7643614292096903,0.41971547738197046,Medium,1
NYQ,WMT,Walmart Inc.,Walmart Inc.,Consumer Defensive,Discount Stores,92.24,740999888896,40779001856.0,0.048,Bentonville,AR,United States,2100000.0,"Walmart Inc. engages in the operation of retail, wholesale, other units, and eCommerce worldwide. The company operates through three segments: Walmart U.S., Walmart International, and Sam's Club. It operates supercenters, supermarkets, hypermarkets, warehouse clubs, cash and carry stores, and discount stores under Walmart and Walmart Neighborhood Market brands; membership-only warehouse clubs; ecommerce websites, such as walmart.com.mx, walmart.ca, flipkart.com, PhonePe and other sites; and mobile commerce applications. The company offers grocery and consumables, including dairy, meat, bakery, deli, produce, dry, chilled or frozen packaged foods, alcoholic and nonalcoholic beverages, floral, snack foods, candy, other grocery items, health and beauty aids, paper goods, laundry and home care, baby care, pet supplies, and other consumable items; fuel, tobacco and other categories. It is also involved in the provision of health and wellness products covering pharmacy, optical and hearing services, and over-the-counter drugs and other medical products; and home and apparel including home improvement, outdoor living, gardening, furniture, apparel, jewelry, tools and power equipment, housewares, toys, seasonal items, mattresses and tire and battery centers. In addition, the company offers consumer electronics and accessories, software, video games, office supplies, appliances, and third-party gift cards. Further, it operates digital payment platforms; and offers financial services and related products, including money transfers, bill payments, money orders, check cashing, prepaid access, co-branded credit cards, installment lending, and earned wage access. Additionally, the company markets lines of merchandise under private brands, including Allswell, Athletic Works, Equate, and Free Assembly. The company was formerly known as Wal-Mart Stores, Inc. and changed its name to Walmart Inc. in February 2018. Walmart Inc. was founded in 1945 and is based in Bentonville, Arkansas.",0.0133315249578394,25.3,5.9,Medium,Significant Controversy Level,USA,United States,66.7646656881949,0.312019243435194,0.647312557199093,2,3,0.233201581027668,-0.335293313763899,0.03414305505186233,0,0.055032399420134555,0.4421087602450484,0.0,0.5260115606936416,0.765553795034871,0.9151268295563496,0.4746764104802202,High,2
NYQ,LLY,Eli Lilly and Company,Eli Lilly and Company,Healthcare,Drug Manufacturers - General,767.76,690458853376,16566500352.0,0.204,Indianapolis,IN,United States,43000.0,"Eli Lilly and Company discovers, develops, and markets human pharmaceuticals worldwide. The company offers Basaglar, Humalog, Humalog Mix 75/25, Humalog U-100, Humalog U-200, Humalog Mix 50/50, insulin lispro, insulin lispro protamine, insulin lispro mix 75/25, Humulin, Humulin 70/30, Humulin N, Humulin R, and Humulin U-500 for diabetes; Jardiance, Mounjaro, and Trulicity for type 2 diabetes; and Zepbound for obesity. It provides oncology products, including Alimta, Cyramza, Erbitux, Jaypirca, Retevmo, Tyvyt, and Verzenio. In addition, the company offers Olumiant for rheumatoid arthritis, atopic dermatitis, severe alopecia areata, and COVID-19; Taltz for plaque psoriasis, psoriatic arthritis, ankylosing spondylitis, and non-radiographic axial spondylarthritis; Omvoh for ulcerative colitis; Cymbalta for depressive disorder, diabetic peripheral neuropathic pain, generalized anxiety disorder, fibromyalgia, and chronic musculoskeletal pain; Ebglyss for severe atopic dermatitis; and Emgality for migraine prevention and episodic cluster headache. Further, it provides Cialis for erectile dysfunction and benign prostatic hyperplasia; and Forteo for osteoporosis. It operates Lilly Seaport Innovation Center (LSC), a research and development facility in the Boston Seaport to advancing Lilly's efforts in RNA and DNA-based therapies as well as discovering new drug targets to create life-changing medicines across several disease states, including diabetes, obesity, cardiovascular diseases, neurodegeneration, and chronic pain. It has collaborations with Incyte Corporation; Boehringer Ingelheim Pharmaceuticals, Inc.; F. Hoffmann-La Roche Ltd and Genentech, Inc.; Biologics, Inc., AbCellera Biologics Inc.; Verge Genomics; and Chugai Pharmaceutical Co., Ltd, as well as development collaboration with Eli Lilly and Company for developing QIAstat-Dx IVD panel, for the detection of various APOE genotypes. The company was founded in 1876 and is headquartered in Indianapolis, Indiana.",0.0124222278222706,24.3,2.5,Medium,Moderate Controversy Level,USA,United States,66.7646656881949,0.312019243435194,0.647312557199093,2,6,0.102880658436214,-0.335293313763899,0.0351939871307104,0,0.023993465028362027,0.4421087602450484,0.0,0.49710982658959535,0.765553795034871,0.9629963172904854,0.47079283902241986,High,2
NYQ,JPM,JP Morgan Chase & Co.,JPMorgan Chase & Co.,Financial Services,Banks - Diversified,237.6,668924837888,3343453568.0,0.03,New York,NY,United States,316043.0,"JPMorgan Chase & Co. operates as a financial services company worldwide. It operates through three segments: Consumer & Community Banking, Commercial & Investment Bank, and Asset & Wealth Management. It offers deposit, investment and lending products, cash management, and payments and services; mortgage origination and servicing activities; residential mortgages and home equity loans; and credit cards, auto loans, leases, and travel services to consumers and small businesses through bank branches, ATMs, and digital and telephone banking. The company also provides investment banking products and services, including corporate strategy and structure advisory, and equity and debt market capital-raising services, as well as loan origination and syndication; payments; and cash and derivative instruments, risk management solutions, prime brokerage, and research, as well as offers securities services, including custody, fund accounting and administration, and securities lending products for asset managers, insurance companies, and public and private investment funds. In addition, it provides financial solutions, including lending, payments, investment banking, and asset management to small and midsized companies, local governments, nonprofit clients, and large corporations, as well as investors, developers, and owners of multifamily, office, retail, industrial, and affordable housing properties. Further, the company offers multi-asset investment management solutions in equities, fixed income, alternatives, and money market funds to institutional clients and retail investors; and retirement products and services, brokerage, custody, estate planning, lending, deposits, and investment management products to high net worth clients. JPMorgan Chase & Co. was founded in 1799 and is headquartered in New York, New York.",0.0120348036549762,29.3,1.1,Medium,Significant Controversy Level,USA,United States,66.7646656881949,0.312019243435194,0.647312557199093,2,5,0.03754266211604096,-0.335293313763899,0.043801632620652946,0,0.004998249995554514,0.4421087602450484,0.0,0.6416184971098267,0.765553795034871,0.992291498676006,0.5170749583170413,High,2
NYQ,V,Visa Inc.,Visa Inc.,Financial Services,Credit Services,317.71,615235846144,24973000704.0,0.117,San Francisco,CA,United States,,"Visa Inc. operates as a payment technology company in the United States and internationally. The company operates VisaNet, a transaction processing network that enables authorization, clearing, and settlement of payment transactions. It also offers credit, debit, and prepaid card products; tap to pay, tokenization, and click to pay services; Visa Direct, a solution that facilitates the delivery of funds to eligible cards, bank accounts, and digital wallets; Visa B2B Connect, a multilateral business-to-business cross-border payments network; Visa Cross-Border Solution, a cross-border consumer payments solution; and Visa DPS that provides a range of value-added services, including fraud mitigation, dispute management, data analytics, campaign management, a suite of digital solutions, and contact center services. The company also provides acceptance solutions, which include Cybersource and Authorize.net that provides new and enhanced payment integrations with ecommerce platforms, enabling sellers and acquirers to offer tailored commerce experiences; risk and identity solutions, such as Visa Advanced Authorization, Visa Secure, Visa Consumer Authentication Service, Visa Protect Authentication Intelligence, and Visa Provisioning Intelligence; and Visa Consulting and Analytics, a payment consulting advisory services. It provides its services under the Visa, Visa Electron, Interlink, V PAY, and PLUS brands. The company serves merchants, financial institutions, and government entities. Visa Inc. was founded in 1958 and is headquartered in San Francisco, California.",0.0110688708065074,16.7,1.8,Low,Significant Controversy Level,USA,United States,66.7646656881949,0.312019243435194,0.647312557199093,1,5,0.10778443113772455,-0.335293313763899,0.027144062077441525,0,0.04059093900415371,0.4421087602450484,0.0,0.2774566473988439,0.765553795034871,0.9373990281930736,0.4023371563554533,Medium,1
NYQ,MA,Mastercard Incorporated,Mastercard Incorporated,Financial Services,Credit Services,528.03,484642324480,16784000000.0,0.128,Purchase,NY,United States,33400.0,"Mastercard Incorporated, a technology company, provides transaction processing and other payment-related products and services in the United States and internationally. The company offers integrated products and value-added services for account holders, merchants, financial institutions, digital partners, businesses, governments, and other organizations, such as programs that enable issuers to provide consumers with credits to defer payments; payment products and solutions that allow its customers to access funds in deposit and other accounts; prepaid programs services; and commercial credit, debit, and prepaid payment products and solutions. It also provides solutions that enable businesses or governments to make payments to businesses, including Virtual Card Number, which is generated dynamically from a physical card and leverages the credit limit of the funding account; a platform to optimize supplier payment enablement campaigns for financial institutions; and treasury intelligence platform that offers corporations with recommendations to enhance working capital performance and accelerate spend on cards. In addition, the company offers Mastercard Send, which partners with digital messaging and payment platforms to enable consumers to send money directly within applications to other consumers; and Mastercard Cross-Border Services enables a range of payment flows through a distribution network with a single point of access to send and receive money globally through various channels, including bank accounts, mobile wallets, cards, and cash payouts. Further, it provides cyber and intelligence solutions; insights and analytics, consulting, marketing, loyalty, processing, and payment gateway solutions for e-commerce merchants; and open banking and digital identity services. The company offers payment solutions and services under the MasterCard, Maestro, and Cirrus name. Mastercard Incorporated was founded in 1966 and is headquartered in Purchase, New York.",0.0087193282229185,17.1,2.2,Low,High Controversy Level,USA,United States,66.7646656881949,0.312019243435194,0.647312557199093,1,5,0.1286549707602339,-0.335293313763899,0.03528375285494834,0,0.03463172560920778,0.4421087602450484,0.0,0.2890173410404625,0.765553795034871,0.9465895657583735,0.4067244182044688,Medium,1
NYQ,ORCL,Oracle Corporation,Oracle Corporation,Technology,Software - Infrastructure,169.66,474532249600,21802999808.0,0.069,Austin,TX,United States,159000.0,"Oracle Corporation offers products and services that address enterprise information technology environments worldwide. Its Oracle cloud software as a service offering include various cloud software applications, including Oracle Fusion cloud enterprise resource planning (ERP), Oracle Fusion cloud enterprise performance management, Oracle Fusion cloud supply chain and manufacturing management, Oracle Fusion cloud human capital management, Oracle Cerner healthcare, and NetSuite applications suite, as well as Oracle Fusion Sales, Service, and Marketing. The company also offers cloud-based industry solutions for various industries; Oracle application licenses; and Oracle license support services. In addition, it provides cloud and license business' infrastructure technologies, such as the Oracle Database and MySQL Database; Java, a software development language; and middleware, including development tools and others. The company's cloud and license business' infrastructure technologies also comprise cloud-based compute, storage, and networking capabilities; and Oracle autonomous database and MySQL HeatWave, as well as Internet-of-Things, digital assistant, and blockchain. Further, it provides hardware products and other hardware-related software offerings, including Oracle engineered systems, enterprise servers, storage solutions, industry-specific hardware, virtualization software, operating systems, management software, and related hardware services, as well as hardware support products; and consulting and customer services. The company markets and sells its cloud, license, hardware, support, and services offerings directly to businesses in various industries, government agencies, and educational institutions, as well as through indirect channels. Oracle Corporation was founded in 1977 and is headquartered in Austin, Texas.",0.0085374351921528,13.9,0.5,Low,Moderate Controversy Level,USA,United States,66.7646656881949,0.312019243435194,0.647312557199093,1,9,0.03597122302158273,-0.335293313763899,0.02929200283377326,0,0.04594629727774776,0.4421087602450484,0.0,0.19653179190751446,0.765553795034871,0.9291397801804335,0.37723377490679044,Low,0
NYQ,XOM,Exxon Mobil Corporation,Exxon Mobil Corporation,Energy,Oil & Gas Integrated,105.87,465308188672,71537999872.0,-0.015,Spring,TX,United States,62000.0,"Exxon Mobil Corporation engages in the exploration and production of crude oil and natural gas in the United States and internationally. It operates through Upstream, Energy Products, Chemical Products, and Specialty Products segments. The Upstream segment explores for and produces crude oil and natural gas. The Energy Products segment offers fuels, aromatics, and catalysts, as well as licensing services. It sells its products under the Exxon, Esso, and Mobil brands. The Chemical Products segment manufactures and markets petrochemicals including olefins, polyolefins, and intermediates. The Specialty Products segment offers performance products, including lubricants, basestocks, waxes, synthetics, elastomers, and resins. The company also involves in the manufacturing, trade, transport, and sale of crude oil, natural gas, petroleum products, petrochemicals, and other specialty products; and pursuit lower-emission business opportunities, including carbon capture and storage, hydrogen, lower-emission fuels, and lithium. Exxon Mobil Corporation was founded in 1870 and is based in Spring, Texas.",0.0083714826727031,41.6,23.1,Severe,Significant Controversy Level,USA,United States,66.7646656881949,0.312019243435194,0.647312557199093,4,4,0.5552884615384616,-0.335293313763899,0.08940311177142042,1,0.15374326438606434,0.4421087602450484,1.0,0.9971098265895955,0.765553795034871,0.7628909802172362,0.8007823053150951,Critical,3
NYQ,UNH,UnitedHealth Group Incorporated,UnitedHealth Group Incorporated,Healthcare,Healthcare Plans,500.13,460261654528,35035000832.0,0.092,Minnetonka,MN,United States,440000.0,"UnitedHealth Group Incorporated operates as a diversified health care company in the United States. The company operates through four segments: UnitedHealthcare, Optum Health, Optum Insight, and Optum Rx. The UnitedHealthcare segment offers consumer-oriented health benefit plans and services for national employers, public sector employers, mid-sized employers, small businesses, and individuals; health care coverage, and health and well-being services to individuals age 50 and older addressing their needs; Medicaid plans, children's health insurance and health care programs; and health and dental benefits, and hospital and clinical services, as well as health care benefits products and services to state programs caring for the economically disadvantaged, medically underserved, and those without the benefit of employer-funded health care coverage. The Optum Health segment provides care delivery, care management, wellness and consumer engagement, and health financial services patients, consumers, care delivery systems, providers, employers, payers, and public-sector entities. The Optum Insight segment offers software and information products, advisory consulting arrangements, and managed services outsourcing contracts to hospital systems, physicians, health plans, governments, life sciences companies, and other organizations. The Optum Rx segment provides pharmacy care services and programs, including retail network contracting, home delivery, specialty and community health pharmacy services, infusion, and purchasing and clinical capabilities, as well as develops programs in the areas of step therapy, formulary management, drug adherence, and disease/drug therapy management. UnitedHealth Group Incorporated was founded in 1974 and is based in Minnetonka, Minnesota.",0.0082806891423673,15.3,0.0,Low,Significant Controversy Level,USA,United States,66.7646656881949,0.312019243435194,0.647312557199093,1,6,0.0,-0.335293313763899,0.033241961066016255,0,0.07611974729445693,0.4421087602450484,0.0,0.23699421965317924,0.765553795034871,0.882605077112332,0.3847190329236797,Low,0
NMS,COST,Costco Wholesale Corporation,Costco Wholesale Corporation,Consumer Defensive,Discount Stores,954.07,423510736896,11521999872.0,0.01,Issaquah,WA,United States,333000.0,"Costco Wholesale Corporation, together with its subsidiaries, engages in the operation of membership warehouses in the United States, Puerto Rico, Canada, Mexico, Japan, the United Kingdom, Korea, Australia, Taiwan, China, Spain, France, Iceland, New Zealand, and Sweden. The company offers branded and private-label products in a range of merchandise categories. It offers merchandise, such as sundries, dry groceries, candies, coolers, freezers, deli, liquor, and tobacco; appliances, electronics, health and beauty aids, hardware, lawn and garden, sporting goods, tires, toys and seasonal products, office supplies, automotive care products, postages, tickets, apparel, small appliances, furniture, domestics, housewares, special order kiosks, and jewelry; and meat, produce, service deli, and bakery products. The company also operates gasoline, pharmacies, optical, food courts, hearing-aid centers, and tire installation centers; and offers business delivery, travel, grocery, and various other services online. It also operates e-commerce websites. The company was formerly known as Costco Companies, Inc. and changed its name to Costco Wholesale Corporation in August 1999. Costco Wholesale Corporation was founded in 1976 and is based in Issaquah, Washington.",0.007619493664505,23.3,6.5,Medium,Significant Controversy Level,USA,United States,66.7646656881949,0.312019243435194,0.647312557199093,2,3,0.27896995708154504,-0.335293313763899,0.05501631474746223,0,0.027205921522668305,0.4421087602450484,0.0,0.4682080924855492,0.765553795034871,0.9580419382254811,0.4616268808847056,High,2
NYQ,PG,Procter & Gamble Company (The),The Procter & Gamble Company,Consumer Defensive,Household & Personal Products,168.06,395788025856,24039999488.0,-0.006,Cincinnati,OH,United States,108000.0,"The Procter & Gamble Company engages in the provision of branded consumer packaged goods worldwide. The company operates through five segments: Beauty; Grooming; Health Care; Fabric & Home Care; and Baby, Feminine & Family Care. The Beauty segment offers conditioners, shampoos, styling aids, and treatments under the Head & Shoulders, Herbal Essences, Pantene, and Rejoice brands; and antiperspirants and deodorants, personal cleansing, and skin care products under the Olay, Old Spice, Safeguard, Secret, SK-II, and Native brands. The Grooming segment provides blades and razors, shave products, appliances, and other grooming products under the Braun, Gillette, and Venus brand names. The Health Care segment offers toothbrushes, toothpastes, and other oral care products under the Crest and Oral-B brand names; and gastrointestinal, pain relief, rapid diagnostics, respiratory, vitamins/minerals/supplements, and other personal health care products under Metamucil, Neurobion, Pepto-Bismol, and Vicks brands. The Fabric & Home Care segment provides fabric enhancers, laundry additives, and laundry detergents under the Ariel, Downy, Gain, and Tide brands; and air care, dish care, P&G professional, and surface care products under the Cascade, Dawn, Fairy, Febreze, Mr. Clean, and Swiffer brands. The Baby, Feminine & Family Care segment offers baby wipes, and taped diapers and pants under the Luvs and Pampers brands; adult incontinence and feminine care products under the Always, Always Discreet, and Tampax brands; and paper towels, tissues, and toilet papers under the Bounty, Charmin, and Puffs brands. It sells its products primarily through mass merchandisers, e-commerce, grocery stores, membership club stores, drug stores, department stores, distributors, wholesalers, specialty beauty stores, high-frequency stores, pharmacies, electronics stores, and professional channels, as well as directly to consumers. The company was founded in 1837 and is headquartered in Cincinnati, Ohio.",0.0071207270389399,28.6,9.6,Medium,Significant Controversy Level,USA,United States,66.7646656881949,0.312019243435194,0.647312557199093,2,3,0.3356643356643356,-0.335293313763899,0.07226090263378906,0,0.06073958259855618,0.4421087602450484,0.0,0.6213872832369942,0.765553795034871,0.906324983084831,0.502408942596074,High,2
NYQ,HD,"Home Depot, Inc. (The)","The Home Depot, Inc.",Consumer Cyclical,Home Improvement Retail,392.6,389994315776,24757999616.0,0.066,Atlanta,GA,United States,465000.0,"The Home Depot, Inc. operates as a home improvement retailer in the United States and internationally. It sells various building materials, home improvement products, lawn and garden products, and décor products, as well as facilities maintenance, repair, and operations products. The company also offers installation services for flooring, water heaters, bath, garage doors, cabinets, cabinet makeovers, countertops, sheds, furnaces and central air systems, and windows. In addition, it provides tool and equipment rental services. The company primarily serves homeowners; and professional renovators/remodelers, general contractors, maintenance professionals, handymen, property managers, and building service contractors, as well as specialty tradesmen, such as electricians, plumbers, and painters. It sells its products through websites, including homedepot.com; homedepot.ca and homedepot.com.mx; blinds.com, justblinds.com, and americanblinds.com for custom window coverings; thecompanystore.com, an online site for textiles and décor products; hdsupply.com for maintenance, repair, and operations (MRO) products and related services; and The Home Depot stores. The Home Depot, Inc. was incorporated in 1978 and is headquartered in Atlanta, Georgia.",0.0070164908687495,12.6,3.3,Low,Moderate Controversy Level,USA,United States,66.7646656881949,0.312019243435194,0.647312557199093,1,2,0.2619047619047619,-0.335293313763899,0.03230816319701703,0,0.06348297555757246,0.4421087602450484,0.0,0.15895953757225434,0.765553795034871,0.9020940125900335,0.36325752184717236,Low,0
NMS,NFLX,"Netflix, Inc.","Netflix, Inc.",Communication Services,Entertainment,909.05,388580671488,9976898560.0,0.15,Los Gatos,CA,United States,13000.0,"Netflix, Inc. provides entertainment services. It offers TV series, documentaries, feature films, and games across various genres and languages. The company also provides members the ability to receive streaming content through a host of internet-connected devices, including TVs, digital video players, TV set-top boxes, and mobile devices. It has operations in approximately 190 countries. The company was incorporated in 1997 and is headquartered in Los Gatos, California.",0.0069910576205273,16.4,0.1,Low,Moderate Controversy Level,USA,United States,66.7646656881949,0.312019243435194,0.647312557199093,1,1,0.006097560975609757,-0.335293313763899,0.04220487842897368,0,0.02567523114774406,0.4421087602450484,0.0,0.26878612716763,0.765553795034871,0.9604026302261259,0.40203636048939434,Medium,1
NYQ,JNJ,Johnson & Johnson,Johnson & Johnson,Healthcare,Drug Manufacturers - General,144.47,347828879360,30051999744.0,0.052,New Brunswick,NJ,United States,131900.0,"Johnson & Johnson, together with its subsidiaries, researches, develops, manufactures, and sells various products in the healthcare field worldwide. The company's Innovative Medicine segment offers products for various therapeutic areas, such as immunology, including rheumatoid arthritis, psoriatic arthritis, inflammatory bowel disease, and psoriasis; infectious diseases comprising HIV/AIDS; neuroscience, consisting of mood disorders, neurodegenerative disorders, and schizophrenia; oncology, such as prostate cancer, hematologic malignancies, lung cancer, and bladder cancer; cardiovascular and metabolism, including thrombosis, diabetes, and macular degeneration; and pulmonary hypertension comprising pulmonary arterial hypertension through retailers, wholesalers, distributors, hospitals, and healthcare professionals for prescription use. Its MedTech segment provides Interventional Solutions, including electrophysiology products to treat heart rhythm disorders; the heart recovery portfolio, which includes technologies to treat severe coronary artery disease requiring high-risk PCI or AMI cardiogenic shock; and neurovascular care that treats hemorrhagic and ischemic stroke. this segment also offers an orthopaedics portfolio that includes products and enabling technologies that support hips, knees, trauma, spine, sports, and other; surgery portfolios comprising advanced and general surgery technologies, as well as solutions for breast aesthetics, ear, nose, and throat procedures; contact lenses under the ACUVUE Brand; and TECNIS intraocular lenses for cataract surgery. It distributes its products to wholesalers, hospitals, and retailers, as well as physicians, nurses, hospitals, eye care professionals, and clinics. The company has a collaboration agreement with Stand Up To Cancer for research testing a combination of teclistamab and daratumumab to treat a rare disease AL amyloidosis. Johnson & Johnson was founded in 1886 and is based in New Brunswick, New Jersey.",0.00625788135158,24.0,0.9,Medium,High Controversy Level,USA,United States,66.7646656881949,0.312019243435194,0.647312557199093,2,6,0.0375,-0.335293313763899,0.06899944606140711,0,0.08639880564056451,0.4421087602450484,0.0,0.4884393063583815,0.765553795034871,0.8667523016527502,0.45856728138928216,High,2
NYQ,BAC,Bank of America Corporation,Bank of America Corporation,Financial Services,Banks - Diversified,44.17,338911100928,3343453568.0,-0.005,Charlotte,NC,United States,213000.0,"Bank of America Corporation, through its subsidiaries, provides banking and financial products and services for individual consumers, small and middle-market businesses, institutional investors, large corporations, and governments worldwide. It operates in four segments: Consumer Banking, Global Wealth & Investment Management (GWIM), Global Banking, and Global Markets. The Consumer Banking segment offers traditional and money market savings accounts, certificates of deposit and IRAs, non-interest and interest-bearing checking accounts, and investment accounts and products; credit and debit cards; residential mortgages, and home equity loans; and direct and indirect loans, such as automotive, recreational vehicle, and consumer personal loans. The GWIM segment provides investment management, brokerage, banking, and trust and retirement products and services; wealth management solutions; and customized solutions, including specialty asset management services. The Global Banking segment offers lending products and services, including commercial loans, leases, commitment facilities, trade finance, and commercial real estate and asset-based lending; treasury solutions, such as treasury management, foreign exchange, short-term investing options, and merchant services; working capital management solutions; debt and equity underwriting and distribution, and merger-related and other advisory services; and fixed-income and equity research, and certain market-based services. The Global Markets segment provides market-making, financing, securities clearing, settlement, and custody services; securities and derivative products; and risk management products using interest rate, equity, credit, currency and commodity derivatives, foreign exchange, fixed-income, and mortgage-related products. Bank of America Corporation was founded in 1784 and is based in Charlotte, North Carolina.",0.0060974392415119,28.3,1.7,Medium,Significant Controversy Level,USA,United States,66.7646656881949,0.312019243435194,0.647312557199093,2,5,0.06007067137809187,-0.335293313763899,0.08350272364200959,0,0.009865281954013953,0.4421087602450484,0.0,0.6127167630057804,0.765553795034871,0.984785367064127,0.5076538249246395,High,2
NYQ,CRM,"Salesforce, Inc.","Salesforce, Inc.",Technology,Software - Application,343.65,328873050112,9345000448.0,0.084,San Francisco,CA,United States,72682.0,"Salesforce, Inc. provides Customer Relationship Management (CRM) technology that brings companies and customers together worldwide. The company's service includes sales to store data, monitor leads and progress, forecast opportunities, gain insights through analytics and artificial intelligence, and deliver quotes, contracts, and invoices; and service that enables companies to deliver trusted and highly personalized customer support at scale. In addition, its platform offering comprise a flexible platform that enables companies of various sizes, locations, and industries to build business workflow and apps with customer; online learning platform that allows anyone to learn in-demand Salesforce skills; and Slack, an intelligent productivity platform. The company's marketing services enables companies to plan, personalize, automate, and optimize customer marketing journey, connecting interaction, and connected products; and commerce services, which empowers shopping experience across various customer touchpoint, such as mobile, web, social, and stores and provides click-to-code tools that offers customers to build and deploy solutions. Further, its analytics offering includes Tableau, an end-to-end analytics solution for range of enterprise use cases and intelligent analytics with AI models, spot trends, predict outcomes, creates summaries, timely recommendations, and take action from any device; and integration service including MuleSoft, which provides building blocks to deliver end-to-end and connected experiences. Additionally, the company provides data cloud, a hyperscale data engine native to Salesforce; vertical services to meet the needs of customers in industries, such as financial services, healthcare and life sciences, manufacturing and automotive and government; and offers salesforce starter for small and medium-sized businesses. Salesforce, Inc. was incorporated in 1999 and is headquartered in San Francisco, California.",0.0059168420147283,14.9,2.0,Low,Low Controversy Level,USA,United States,66.7646656881949,0.312019243435194,0.647312557199093,1,9,0.1342281879194631,-0.335293313763899,0.04530623593184575,0,0.028415221146328332,0.4421087602450484,0.0,0.2254335260115607,0.765553795034871,0.9561769079131959,0.38860800791128053,Low,0
NYQ,ABBV,AbbVie Inc.,AbbVie Inc.,Healthcare,Drug Manufacturers - General,175.58,310274424832,25629999104.0,0.038,North Chicago,IL,United States,50000.0,"AbbVie Inc. discovers, develops, manufactures, and sells pharmaceuticals worldwide. The company offers Humira, an injection for autoimmune and intestinal Behçet's diseases, and pyoderma gangrenosum; Skyrizi to treat moderate to severe plaque psoriasis, psoriatic disease, and Crohn's disease; Rinvoq to treat rheumatoid and psoriatic arthritis, ankylosing spondylitis, atopic dermatitis, axial spondyloarthropathy, ulcerative colitis, and Crohn's disease; Imbruvica for the treatment of adult patients with blood cancers; Epkinly to treat lymphoma; Elahere to treat cancer; and Venclexta/Venclyxto to treat blood cancers. It also provides facial injectables, plastics and regenerative medicine, body contouring, and skincare products; botox therapeutic; Vraylar for depressive disorder; Duopa and Duodopa to treat advanced Parkinson's disease; Ubrelvy for the acute treatment of migraine in adults; and Qulipta for episodic and chronic migraine. In addition, the company offers Ozurdex for eye diseases; Lumigan/Ganfort and Alphagan/Combigan for the reduction of elevated intraocular pressure in patients with open angle glaucoma or ocular hypertension; Restasis to increase tear production; and other eye care products. Further, it provides Mavyret/Maviret to treat chronic hepatitis C virus genotype 1-6 infection; Creon, a pancreatic enzyme therapy; Lupron to treat advanced prostate cancer, endometriosis and central precocious puberty, and patients with anemia caused by uterine fibroids; Linzess/Constella to treat irritable bowel syndrome with constipation and chronic idiopathic constipation; and Synthroid for hypothyroidism. It has collaborations with Calico Life Sciences LLC; REGENXBIO Inc.; Janssen Biotech, Inc.; Evolveimmune Therapeutics, Inc.; Genentech, Inc.; and Tentarix Biotherapeutics, LP. The company was incorporated in 2012 and is headquartered in North Chicago, Illinois.",0.0055822292289272,29.9,2.4,Medium,Significant Controversy Level,USA,United States,66.7646656881949,0.312019243435194,0.647312557199093,2,6,0.0802675585284281,-0.335293313763899,0.09636630546068867,0,0.08260429172619535,0.4421087602450484,0.0,0.6589595375722543,0.765553795034871,0.8726043529824843,0.5103085558864174,High,2
NYQ,KO,Coca-Cola Company (The),The Coca-Cola Company,Consumer Defensive,Beverages - Non-Alcoholic,62.55,269452886016,14830999552.0,-0.008,Atlanta,GA,United States,79100.0,"The Coca-Cola Company, a beverage company, manufactures, markets, and sells various nonalcoholic beverages worldwide. The company provides sparkling soft drinks, sparkling flavors; water, sports, coffee, and tea; juice, value-added dairy, and plant-based beverages; and other beverages. It also offers beverage concentrates and syrups, as well as fountain syrups to fountain retailers, such as restaurants and convenience stores. The company sells its products under the Coca-Cola, Diet Coke/Coca-Cola Light, Coca-Cola Zero Sugar, caffeine free Diet Coke, Cherry Coke, Fanta Orange, Fanta Zero Orange, Fanta Zero Sugar, Fanta Apple, Sprite, Sprite Zero Sugar, Simply Orange, Simply Apple, Simply Grapefruit, Fresca, Schweppes, Thums Up, Aquarius, Ayataka, BODYARMOR, Ciel, Costa, Dasani, dogadan, FUZE TEA, Georgia, glacéau smartwater, glacéau vitaminwater, Gold Peak, Ice Dew, I LOHAS, Powerade, Topo Chico, AdeS, Del Valle, fairlife, innocent, Minute Maid, and Minute Maid Pulpy brands. It operates through a network of independent bottling partners, distributors, wholesalers, and retailers, as well as through bottling and distribution operators. The company was founded in 1886 and is headquartered in Atlanta, Georgia.",0.0048477981288716,21.6,7.2,Medium,Significant Controversy Level,USA,United States,66.7646656881949,0.312019243435194,0.647312557199093,2,3,0.3333333333333333,-0.335293313763899,0.0801624370010177,0,0.05504116052080192,0.4421087602450484,0.0,0.41907514450867056,0.765553795034871,0.9151133178360167,0.4425941344526956,High,2
NMS,TMUS,"T-Mobile US, Inc.","T-Mobile US, Inc.",Communication Services,Telecom Services,220.31,255667552256,30663999488.0,0.047,Bellevue,WA,United States,67000.0,"T-Mobile US, Inc., together with its subsidiaries, provides mobile communications services in the United States, Puerto Rico, and the United States Virgin Islands. The company offers voice, messaging, and data services to customers in the postpaid, prepaid, and wholesale and other services. It also provides wireless devices, including smartphones, wearables, tablets, home broadband routers, and other mobile communication devices, as well as wireless devices and accessories; financing through equipment installment plans; reinsurance for device insurance policies and extended warranty contracts; leasing through JUMP! On Demand; and High Speed Internet services. In addition, the company offers services, devices, and accessories under the T-Mobile and Metro by T-Mobile brands through its owned and operated retail stores, T-Mobile app and customer care channels, and its websites. It also sells its devices to dealers and other third-party distributors for resale through independent third-party retail outlets and various third-party websites. The company was founded in 1994 and is headquartered in Bellevue, Washington. T-Mobile US, Inc. operate as a subsidiary Deutsche Telekom AG",0.0045997825436772,24.6,4.2,Medium,Significant Controversy Level,USA,United States,66.7646656881949,0.312019243435194,0.647312557199093,2,1,0.17073170731707316,-0.335293313763899,0.0962187019155564,0,0.11993700106807503,0.4421087602450484,0.0,0.5057803468208093,0.765553795034871,0.8150283534534261,0.45859719870807814,High,2
NYQ,CVX,Chevron Corporation,Chevron Corporation,Energy,Oil & Gas Integrated,142.85,254690115584,38942998528.0,-0.064,San Ramon,CA,United States,45600.0,"Chevron Corporation, through its subsidiaries, engages in the integrated energy and chemicals operations in the United States and internationally. The company operates in two segments, Upstream and Downstream. The Upstream segment is involved in the exploration, development, production, and transportation of crude oil and natural gas; processing, liquefaction, transportation, and regasification of liquefied natural gas; transportation of crude oil through pipelines; transportation, storage, and marketing of natural gas; and carbon capture and storage, as well as a gas-to-liquids plant. The Downstream segment refines crude oil into petroleum products; markets crude oil, refined products, and lubricants; manufactures and markets renewable fuels, commodity petrochemicals, plastics for industrial uses, and fuel and lubricant additives; and transports crude oil and refined products by pipeline, marine vessel, motor equipment, and rail car. The company was formerly known as ChevronTexaco Corporation and changed its name to Chevron Corporation in 2005. Chevron Corporation was founded in 1879 and is headquartered in San Ramon, California.",0.004582197222029,36.6,17.0,High,Significant Controversy Level,USA,United States,66.7646656881949,0.312019243435194,0.647312557199093,3,4,0.46448087431693985,-0.335293313763899,0.14370404566379358,1,0.1529034546107311,0.4421087602450484,1.0,0.8526011560693643,0.765553795034871,0.7641861684872941,0.7575592229860314,Critical,3
NYQ,MRK,"Merck & Company, Inc.","Merck & Co., Inc.",Healthcare,Drug Manufacturers - General,98.05,248031199232,22927998976.0,0.044,Rahway,NJ,United States,70000.0,"Merck & Co., Inc. operates as a healthcare company worldwide. It operates through two segments, Pharmaceutical and Animal Health. The Pharmaceutical segment offers human health pharmaceutical products in the areas of oncology, hospital acute care, immunology, neuroscience, virology, cardiovascular, and diabetes under the Keytruda, Bridion, Adempas, Lagevrio, Belsomra, Simponi, and Januvia brands, as well as vaccine products consisting of preventive pediatric, adolescent, and adult vaccines under the Gardasil/Gardasil 9, ProQuad, M-M-R II, Varivax, RotaTeq, Live Oral, Vaxneuvance, Pneumovax 23, and Vaqta names. The Animal Health segment discovers, develops, manufactures, and markets veterinary pharmaceuticals, vaccines, and health management solutions and services, as well as digitally connected identification, traceability, and monitoring products. vIt has development and commercialization agreement for three of Daiichi Sankyo's deruxtecan ADC candidates, which include patritumab deruxtecan, ifinatamab deruxtecan, and raludotatug deruxtecan for the treatment of multiple solid tumors both as monotherapy and/or in combination with other treatments; and AstraZeneca PLC to co-development and co-commercialize AstraZeneca's Lynparza products for multiple cancer types, and Koselugo for multiple indications. It also has licensed to develop, manufacture and  commercialize LM-299, a novel investigational PD-1/VEGF bispecific antibody from LaNova. The company also has a collaboration agreement with Eisai Co., Ltd., Bayer AG, and Ridgeback Biotherapeutics LP, as well Moderna, Inc. Merck & Co., Inc. was founded in 1891 and is headquartered in Rahway, New Jersey.",0.0044623948969961,21.4,1.9,Medium,Significant Controversy Level,USA,United States,66.7646656881949,0.312019243435194,0.647312557199093,2,6,0.08878504672897196,-0.335293313763899,0.08627946833407503,0,0.09243997951464938,0.4421087602450484,0.0,0.41329479768786126,0.765553795034871,0.8574353613539898,0.4350922347582501,Medium,1
NYQ,WFC,Wells Fargo & Company,Wells Fargo & Company,Financial Services,Banks - Diversified,70.34,234196303872,3343453568.0,-0.018,San Francisco,CA,United States,220167.0,"Wells Fargo & Company, a financial services company, provides diversified banking, investment, mortgage, and consumer and commercial finance products and services in the United States and internationally. The company operates through four segments: Consumer Banking and Lending; Commercial Banking; Corporate and Investment Banking; and Wealth and Investment Management. The Consumer Banking and Lending segment offers diversified financial products and services for consumers and small businesses. Its financial products and services include checking and savings accounts, and credit and debit cards, as well as home, auto, personal, and small business lending services. The Commercial Banking segment provides financial solutions to private, family owned, and certain public companies. Its products and services include banking and credit products across various industry sectors and municipalities, secured lending and lease products, and treasury management services. The Corporate and Investment Banking segment offers a suite of capital markets, banking, and financial products and services, such as corporate banking, investment banking, treasury management, commercial real estate lending and servicing, equity, and fixed income solutions, as well as sales, trading, and research capabilities services to corporate, commercial real estate, government, and institutional clients. The Wealth and Investment Management segment provides personalized wealth management, brokerage, financial planning, lending, private banking, and trust and fiduciary products and services to affluent, high-net worth, and ultra-high-net worth clients. It also operates through financial advisors in brokerage and wealth offices, consumer bank branches, independent offices, and digitally through WellsTrade and Intuitive Investor. The company was founded in 1852 and is headquartered in San Francisco, California.",0.0042134876359495,36.2,2.0,High,Severe Controversy Level,USA,United States,66.7646656881949,0.312019243435194,0.647312557199093,3,5,0.055248618784530384,-0.335293313763899,0.1545711840942849,0,0.014276286656630433,0.4421087602450484,0.0,0.8410404624277457,0.765553795034871,0.9779825389501863,0.575470651939835,High,2
NMS,CSCO,"Cisco Systems, Inc.","Cisco Systems, Inc.",Technology,Communication Equipment,58.52,233071116288,13752000512.0,-0.056,San Jose,CA,United States,90400.0,"Cisco Systems, Inc. designs, manufactures, and sells Internet Protocol based networking and other products related to the communications and information technology industry in the Americas, Europe, the Middle East, Africa, the Asia Pacific, Japan, and China. The company also offers switching portfolio encompasses campus switching as well as data center switching; enterprise routing portfolio interconnects public and private wireline and mobile networks, delivering highly secure, and reliable connectivity to campus, data center and branch networks; and wireless products include indoor and outdoor wireless coverage designed for seamless roaming use of voice, video, and data applications. In addition, it provides security, which comprising network security, identity and access management, secure access service edge, and threat intelligence, detection, and response offerings; collaboration products, such as Webex Suite, collaboration devices, contact center, and communication platform as a service; end-to-end collaboration solutions that can be delivered from the cloud, on-premise or within hybrid cloud environments allowing customers to transition their collaboration solutions from on-premise to the cloud; and observability offers network assurance, monitoring and analytics and observability suite. Further, the company offers a range of service and support options for its customers, including technical support and advanced services and advisory services. It serves businesses of various sizes, public institutions, governments, and service providers. The company sells its products and services directly, as well as through systems integrators, service providers, other resellers, and distributors. Cisco Systems, Inc. has strategic alliances with other companies. Cisco Systems, Inc. was incorporated in 1984 and is headquartered in San Jose, California.",0.004193244088571,13.9,0.4,Low,Moderate Controversy Level,USA,United States,66.7646656881949,0.312019243435194,0.647312557199093,1,9,0.02877697841726619,-0.335293313763899,0.05963844950579001,0,0.05900345238406549,0.4421087602450484,0.0,0.19653179190751446,0.765553795034871,0.9090025126339593,0.37522004815214305,Low,0
NYQ,ACN,Accenture plc,Accenture plc,Technology,Information Technology Services,366.37,229157109760,11065912320.0,0.026,Dublin,,Ireland,774000.0,"Accenture plc provides strategy and consulting, industry X, song, and technology and operation services in North America, Europe, the Middle East, Africa, and internationally. It offers systems integration and application management; security; intelligent platform; infrastructure; software engineering; data and AI; and automation services. The company also operates business processes; and designs, manufactures, and assembles automation equipment, robotics, and other commercial hardware products. It serves communications, media, and technology; banking and capital markets, and insurance; health and public service; consumer goods, retail, travel services; industrial; life science; chemicals, natural resources, energy, and utilities sectors. It has collaboration agreement with Kyoto University to advance learning, research, and innovation in human-centered  AI. The company was founded in 1951 and is based in Dublin, Ireland.",0.0041228261620705,9.8,0.8,Negligible,Moderate Controversy Level,IRL,Ireland,64.2468917867885,0.315577264183443,0.600515099919212,0,9,0.08163265306122448,-0.28493783573576903,0.042765419804184565,0,0.04828963121235694,0.46799769474501884,0.0,0.0780346820809249,1.0,0.9255257967355157,0.38296240798408376,Low,0
NYQ,NOW,"ServiceNow, Inc.","ServiceNow, Inc.",Technology,Software - Application,1091.25,225143422976,1824000000.0,0.222,Santa Clara,CA,United States,22668.0,"ServiceNow, Inc. provides end to-end intelligent workflow automation platform solutions for digital businesses in the North America, Europe, the Middle East and Africa, Asia Pacific, and internationally. The company operates the Now platform for end-to-end digital transformation, artificial intelligence, machine learning, robotic process automation, process mining, performance analytics, and collaboration and development tools. It also provides asset management, cloud observability, integrated risk management; information technology (IT) service management applications; IT service management product suite for enterprise's employees, customers, and partners; strategic portfolio management product suite; IT operations management product that connects a customer's physical and cloud-based IT infrastructure; IT asset management; and security operations that connects with internal and third party. In addition, the company offers integrated risk management product to manage risk and resilience; environmental, social and governance management product; human resources, legal, and workplace service delivery products; customer service management product; and field service management applications. Further, the company provides app engine product; automation engine; platform privacy and security product; and source-to-pay operations. It serves to government, financial services, healthcare, telecommunications, manufacturing, IT services, technology, oil and gas, education, and consumer products through service providers and resale partners. ServiceNow, Inc. has strategic collaboration with Amazon Web Services, Inc. to accelerate AI-driven business transformation. The company was formerly known as Service-now.com and changed its name to ServiceNow, Inc. in May 2012. ServiceNow, Inc. was founded in 2004 and is headquartered in Santa Clara, California.",0.0040506148617239,16.6,4.0,Low,None Controversy Level,USA,United States,66.7646656881949,0.312019243435194,0.647312557199093,1,9,0.24096385542168672,-0.335293313763899,0.07373077916546351,0,0.00810150248179551,0.4421087602450484,0.0,0.27456647398843936,0.765553795034871,0.9875055384058811,0.40648075535361267,Medium,1
NYQ,AXP,American Express Company,American Express Company,Financial Services,Credit Services,298.65,210382487552,3343453568.0,0.08,New York,NY,United States,74600.0,"American Express Company, together with its subsidiaries, operates as integrated payments company in the United States, Europe, the Middle East and Africa, the Asia Pacific, Australia, New Zealand, Latin America, Canada, the Caribbean, and Internationally. It operates through four segments: U.S. Consumer Services, Commercial Services, International Card Services, and Global Merchant and Network Services. The company's products and services include credit card, charge card, banking, and other payment and financing products; network services; expense management products and services; and travel and lifestyle services. It also provides merchant acquisition and processing, servicing and settlement, point-of-sale marketing, and information products and services for merchants; and fraud prevention services, as well as the design and operation of customer loyalty programs. In addition, the company operates lounges at airports under Centurion Lounge brand name. It sells its products and services to consumers, small businesses, mid-sized companies, and large corporations through mobile and online applications, affiliate marketing, customer referral programs, third-party service providers and business partners, direct mail, telephone, in-house sales teams, and direct response advertising. American Express Company was founded in 1850 and is headquartered in New York, New York.",0.0037850469689955,18.6,0.1,Low,Moderate Controversy Level,USA,United States,66.7646656881949,0.312019243435194,0.647312557199093,1,5,0.005376344086021505,-0.335293313763899,0.08841040058242805,0,0.015892261789012273,0.4421087602450484,0.0,0.3323699421965318,0.765553795034871,0.9754903173809198,0.42262027371354427,Medium,1
NYQ,MCD,McDonald's Corporation,McDonald's Corporation,Consumer Cyclical,Restaurants,292.68,209740349440,13845499904.0,0.027,Chicago,IL,United States,100000.0,"McDonald's Corporation operates and franchises restaurants under the McDonald's brand in the United States and internationally. It offers food and beverages, including hamburgers and cheeseburgers, various chicken sandwiches, fries, shakes, desserts, sundaes, cookies, pies, soft drinks, coffee, and other beverages; and full or limited breakfast, as well as sells various other products during limited-time promotions. The company owns and operates under various structures comprising conventional franchise, developmental license, or affiliate. McDonald's Corporation was founded in 1940 and is based in Chicago, Illinois.",0.0037734940924097,26.0,7.6,Medium,Significant Controversy Level,USA,United States,66.7646656881949,0.312019243435194,0.647312557199093,2,2,0.29230769230769227,-0.335293313763899,0.12396279528197206,0,0.0660125719298506,0.4421087602450484,0.0,0.546242774566474,0.765553795034871,0.898192767753897,0.47905236846182464,High,2
NMS,PEP,"Pepsico, Inc.","PepsiCo, Inc.",Consumer Defensive,Beverages - Non-Alcoholic,152.79,209626349568,16913000448.0,-0.006,Purchase,NY,United States,318000.0,"PepsiCo, Inc. engages in the manufacture, marketing, distribution, and sale of various beverages and convenient foods worldwide. The company operates through seven segments: Frito-Lay North America; Quaker Foods North America; PepsiCo Beverages North America; Latin America; Europe; Africa, Middle East and South Asia; and Asia Pacific, Australia and New Zealand and China Region. It provides dips, cheese-flavored snacks, and spreads, as well as corn, potato, and tortilla chips; cereals, rice, pasta, mixes and syrups, granola bars, grits, oatmeal, rice cakes, and side dishes; beverage concentrates, fountain syrups, and finished goods; ready-to-drink tea, coffee, and juices; dairy products; and sparkling water makers and related products, as well as distributes alcoholic beverages under Hard MTN Dew brand. The company offers its products primarily under the Lay's, Doritos, Fritos, Tostitos, BaiCaoWei, Cheetos, Cap'n Crunch, Life, Pearl Milling Company, Gatorade, Pepsi-Cola, Mountain Dew, Quaker, Rice-A-Roni, Aquafina, Bubly, Emperador, Diet Mountain Dew, Diet Pepsi, Gatorade Zero, Crush, Propel, Dr Pepper, Schweppes, Marias Gamesa, Ruffles, Sabritas, Saladitas, Tostitos, 7UP, Diet 7UP, H2oh!, Manzanita Sol, Mirinda, Pepsi Black, Pepsi Max, San Carlos, Toddy, Walkers, Chipsy, Kurkure, Sasko, Spekko, White Star, Smith's, Sting, SodaStream, Lubimyj Sad, Agusha, Chudo, Domik v Derevne, Lipton, and other brands. It serves wholesale and other distributors, foodservice customers, grocery stores, drug stores, convenience stores, discount/dollar stores, mass merchandisers, membership stores, hard discounters, e-commerce retailers and authorized independent bottlers, and others through a network of direct-store-delivery, customer warehouse, and distributor networks, as well as directly to consumers through e-commerce platforms and retailers. The company was founded in 1898 and is based in Purchase, New York.",0.0037714430905654,22.1,7.3,Medium,Significant Controversy Level,USA,United States,66.7646656881949,0.312019243435194,0.647312557199093,2,3,0.33031674208144796,-0.335293313763899,0.10542567785750166,0,0.0806816532504357,0.4421087602450484,0.0,0.4335260115606937,0.765553795034871,0.8755695230418323,0.4429750150888841,High,2
NYQ,BX,Blackstone Inc.,Blackstone Inc.,Financial Services,Asset Management,170.84,207208415232,3343453568.0,0.541,New York,NY,United States,4735.0,"Blackstone Inc. is an alternative asset management firm specializing in private equity, real estate, hedge fund solutions, credit, secondary funds of funds, public debt and equity and multi-asset class strategies. The firm typically invests in early-stage, seed, middle market, mature, late venture and later stage companies. It also provide capital markets services. The real estate segment specializes in opportunistic, core+ investments as well as debt investment opportunities collateralized by commercial real estate, and stabilized income-oriented commercial real estate across North America, Europe and Asia. The firm's corporate private equity business pursues transactions throughout the world across a variety of transaction types, including large buyouts, recapitalization, special situations, distressed mortgage loans, mid-cap buyouts, buy and build platforms, which involves multiple acquisitions behind a single management team and platform, and growth equity/development projects involving significant majority stakes in portfolio companies and minority investments in operating companies, shipping, real estate, corporate or consumer loans, and alternative energy greenfield development projects in energy and power, property, dislocated markets, shipping opportunities, financial institution breakups, re-insurance, and improving freight mobility, financial services, healthcare, life sciences, infrastructure, enterprise tech and consumer, as well as consumer technologies. The firm considers investment in Asia and Latin America. It seeks to invest between $0.25 million and $900 million per transaction. It invests in companies with enterprise value between $500 million and $5000 million. It has a three year investment period. The firm prefers to take majority and minority stakes. Its hedge fund business manages a broad range of commingled and customized fund solutions and its credit business focuses on loans, and securities of non-investment grade companies spread across the capital structure including senior debt, subordinated debt, preferred stock and common equity. Blackstone Inc. was founded in 1985 and is headquartered in New York, New York with additional offices across Asia, Europe, North America and Central America.",0.003727941394506,23.4,2.5,Medium,Moderate Controversy Level,USA,United States,66.7646656881949,0.312019243435194,0.647312557199093,2,5,0.10683760683760685,-0.335293313763899,0.11292977639831998,0,0.016135703582581415,0.4421087602450484,0.0,0.4710982658959537,0.765553795034871,0.975114871696988,0.4642012262549776,High,2
NYQ,IBM,International Business Machines,International Business Machines Corporation,Technology,Information Technology Services,223.36,206528708608,14675999744.0,0.015,Armonk,NY,United States,282200.0,"International Business Machines Corporation, together with its subsidiaries, provides integrated solutions and services worldwide. The company operates through Software, Consulting, Infrastructure, and Financing segments. The Software segment offers a hybrid cloud and AI platforms that allows clients to realize their digital and AI transformations across the applications, data, and environments in which they operate. The Consulting segment focuses on skills integration for strategy, experience, technology, and operations by domain and industry. The Infrastructure segment provides on-premises and cloud based server, and storage solutions, as well as life-cycle services for hybrid cloud infrastructure deployment. The Financing segment offers client and commercial financing, facilitates IBM clients' acquisition of hardware, software, and services. The company has a strategic partnership to various companies including hyperscalers, service providers, global system integrators, and software and hardware vendors that includes Adobe, Amazon Web services, Microsoft, Oracle, Salesforce, Samsung Electronics and SAP, and others. The company was formerly known as Computing-Tabulating-Recording Co. International Business Machines Corporation was incorporated in 1911 and is headquartered in Armonk, New York.",0.0037157126128858,14.1,1.8,Low,Moderate Controversy Level,USA,United States,66.7646656881949,0.312019243435194,0.647312557199093,1,9,0.12765957446808512,-0.335293313763899,0.06827138026007988,0,0.07106033753329496,0.4421087602450484,0.0,0.2023121387283237,0.765553795034871,0.8904079014763059,0.37509469108262045,Low,0
NYQ,DIS,Walt Disney Company (The),The Walt Disney Company,Communication Services,Entertainment,112.03,202879614976,16750999552.0,0.037,Burbank,CA,United States,173250.0,"The Walt Disney Company operates as an entertainment company worldwide. It operates through three segments: Entertainment, Sports, and Experiences. The company produces and distributes film and television video streaming content under the ABC Television Network, Disney, Freeform, FX, Fox, National Geographic, and Star brand television channels, as well as ABC television stations and A+E television networks; and produces original content under the ABC Signature, Disney Branded Television, FX Productions, Lucasfilm, Marvel, National Geographic Studios, Pixar, Searchlight Pictures, Twentieth Century Studios, 20th Television, and Walt Disney Pictures banners. It also offers direct-to-consumer streaming services through Disney+, Disney+ Hotstar, Hulu, and Star+; sports-related entertainment services through ESPN, ESPN on ABC, ESPN+ DTC, and Star; sale/licensing of film and episodic content to third-party television and VOD services; theatrical, home entertainment, and music distribution services; DVD and Blu-ray discs, electronic home video licenses, and VOD rental services; staging and licensing of live entertainment events; and post-production services. In addition, the company operates theme parks and resorts comprising Walt Disney World Resort, Disneyland Resort, Disneyland Paris, Hong Kong Disneyland Resort, Shanghai Disney Resort, Disney Cruise Line, Disney Vacation Club, National Geographic Expeditions, and Adventures by Disney, as well as Aulani, a Disney resort and spa in Hawaii. It also licenses its intellectual property to a third party for operations of the Tokyo Disney Resort; licenses trade names, characters, visual, literary, and other IP for use on merchandise, published materials, and games; operates a direct-to-home satellite distribution platform; sells branded merchandise through retail, online, and wholesale businesses; and develops and publishes books, comic books, and magazines. The company was founded in 1923 and is based in Burbank, California.",0.0036500608043532,15.7,0.0,Low,Moderate Controversy Level,USA,United States,66.7646656881949,0.312019243435194,0.647312557199093,1,1,0.0,-0.335293313763899,0.07738579354982145,0,0.08256620338116073,0.4421087602450484,0.0,0.24855491329479767,0.765553795034871,0.872663094353642,0.3871930427402962,Low,0
NYQ,TMO,Thermo Fisher Scientific Inc,Thermo Fisher Scientific Inc.,Healthcare,Diagnostics & Research,524.05,200449114112,10581999616.0,0.002,Waltham,MA,United States,122000.0,"Thermo Fisher Scientific Inc. provides life sciences solutions, analytical instruments, specialty diagnostics, and laboratory products and biopharma services in the North America, Europe, Asia-Pacific, and internationally. The company's Life Sciences Solutions segment offers reagents, instruments, and consumables for biological and medical research, discovery, and production of drugs and vaccines, as well as diagnosis of infections and diseases; and solutions include biosciences, genetic sciences, and bio production to pharmaceutical, biotechnology, agricultural, clinical, healthcare, academic, and government markets. Its Analytical Instruments segment provides instruments, consumables, software, and services for pharmaceutical, biotechnology, academic, government, environmental, and other research and industrial markets, as well as clinical laboratories. The company's Specialty Diagnostics segment offers liquid, ready-to-use, and lyophilized immunodiagnostic reagent kits, as well as calibrators, controls, protein detection assays, and instruments; immunodiagnostics develops, manufactures and markets complete bloodtest systems to support the clinical diagnosis and monitoring of allergy, asthma and autoimmune diseases; dehydrated and prepared culture media, collection and transport systems, instrumentation, and consumables; human leukocyte antigen typing and testing for organ transplant market; and healthcare products. Its Laboratory Products and Biopharma Services segment provides laboratory products, research and safety market channel, and pharma services and clinical research. It offers products and services through a direct sales force, customer-service professionals, electronic commerce, and third-party distributors under Thermo Scientific; Applied Biosystems; Invitrogen; Fisher Scientific; Unity Lab Services; and Patheon and PPD. It has a collaboration agreement with Mainz Biomed N.V. for the development of colorectal cancer screening product. Thermo Fisher Scientific Inc. was founded in 1956 and is headquartered in Waltham, Massachusetts.",0.0036063330205653,12.8,1.4,Low,Significant Controversy Level,USA,United States,66.7646656881949,0.312019243435194,0.647312557199093,1,6,0.10937499999999999,-0.335293313763899,0.06385660548665763,0,0.05279145115147457,0.4421087602450484,0.0,0.16473988439306364,0.765553795034871,0.9185829097266756,0.3666405156070794,Low,0
NYQ,MS,Morgan Stanley,Morgan Stanley,Financial Services,Capital Markets,123.44,198866780160,3343453568.0,0.165,New York,NY,United States,80000.0,"Morgan Stanley, a financial holding company, provides various financial products and services to corporations, governments, financial institutions, and individuals in the Americas, Europe, the Middle East, Africa, and Asia. It operates through Institutional Securities, Wealth Management, and Investment Management segments. The Institutional Securities segment offers capital raising and financial advisory services, including services related to the underwriting of debt, equity, and other securities, as well as advice on mergers and acquisitions, restructurings, real estate, and project finance. This segment also provides equity and fixed income products comprising sales, financing, prime brokerage, and market-making services; foreign exchange and commodities; corporate and commercial real estate loans, commercial mortgage and secured lending facilities, and financing for sales and trading customers, and asset-backed and mortgage lending; and wealth management services, investment, and research services. The Wealth Management segment offers financial advisor-led brokerage, custody, administrative, and investment advisory services; self-directed brokerage services; financial and wealth planning services; workplace services, including stock plan administration; annuity and insurance products; securities-based lending, residential real estate loans, and other lending products; banking; and retirement plan services to individual investors and small to medium-sized businesses and institutions. The Investment Management segment provides equity, fixed income, alternatives and solutions, and liquidity and overlay services to benefit/defined contribution plans, foundations, endowments, government entities, sovereign wealth funds, insurance companies, third-party fund sponsors, corporations, and individuals through institutional and intermediary channels. The company was founded in 1924 and is headquartered in New York, New York.",0.0035778648319882,24.6,1.1,Medium,Moderate Controversy Level,USA,United States,66.7646656881949,0.312019243435194,0.647312557199093,2,5,0.044715447154471545,-0.335293313763899,0.12370090157947877,0,0.016812529298809963,0.4421087602450484,0.0,0.5057803468208093,0.765553795034871,0.9740710439704234,0.47450146775977786,High,2
NYQ,ABT,Abbott Laboratories,Abbott Laboratories,Healthcare,Medical Devices,114.23,198127370240,10824999936.0,0.049,North Chicago,IL,United States,114000.0,"Abbott Laboratories, together with its subsidiaries, discovers, develops, manufactures, and sells health care products worldwide. It operates in four segments: Established Pharmaceutical Products, Diagnostic Products, Nutritional Products, and Medical Devices. The company provides generic pharmaceuticals for the treatment of pancreatic exocrine insufficiency, irritable bowel syndrome or biliary spasm, intrahepatic cholestasis or depressive symptoms, gynecological disorder, hormone replacement therapy, dyslipidemia, hypertension, hypothyroidism, Ménière's disease and vestibular vertigo, pain, fever, inflammation, and migraine, as well as provides anti-infective clarithromycin, influenza vaccine, and products to regulate physiological rhythm of the colon. It also offers laboratory and transfusion medicine systems in the areas of immunoassay, clinical chemistry, hematology, and transfusion; molecular diagnostics polymerase chain reaction instrument systems that automate the extraction, purification, and preparation of DNA and RNA from patient samples, and detect and measure infectious agents; point of care systems; cartridges for testing blood gas, chemistry, electrolytes, coagulation, and immunoassay; rapid diagnostics lateral flow testing products; molecular point-of-care testing for HIV, SARS-CoV-2, influenza A and B, RSV, and strep A; cardiometabolic test systems; drug and alcohol test, and remote patient monitoring and consumer self-test systems; and informatics and automation solutions for laboratories. In addition, the company provides pediatric and adult nutritional products; rhythm management, electrophysiology, heart failure, vascular, and structural heart devices for the treatment of cardiovascular diseases; diabetes care products, such as glucose and blood glucose monitoring systems; and neuromodulation devices for the management of chronic pain and movement disorders. Abbott Laboratories was founded in 1888 and is based in North Chicago, Illinois.",0.0035645619125812,24.8,2.3,Medium,Significant Controversy Level,USA,United States,66.7646656881949,0.312019243435194,0.647312557199093,2,6,0.09274193548387095,-0.335293313763899,0.12517200409998236,0,0.0546365700149718,0.4421087602450484,0.0,0.5115606936416185,0.765553795034871,0.9157372935180336,0.4704021967607816,High,2
NMS,ADBE,Adobe Inc.,Adobe Inc.,Technology,Software - Infrastructure,447.17,196844240896,8134000128.0,0.106,San Jose,CA,United States,29945.0,"Adobe Inc., together with its subsidiaries, operates as a diversified software company worldwide. It operates through three segments: Digital Media, Digital Experience, and Publishing and Advertising. The Digital Media segment offers products, services, and solutions that enable individuals, teams, and enterprises to create, publish, and promote content; and Document Cloud, a unified cloud-based document services platform. Its flagship product is Creative Cloud, a subscription service that allows members to access its creative products. This segment serves content creators, students, workers, marketers, educators, enthusiasts, and communicators. The Digital Experience segment provides an integrated platform and set of applications and services that enable brands and businesses to create, manage, execute, measure, monetize, and optimize customer experiences from analytics to commerce. This segment serves marketers, advertisers, agencies, publishers, merchandisers, merchants, web analysts, data scientists, developers, and executives across the C-suite. The Publishing and Advertising segment offers products and services, such as e-learning solutions, technical document publishing, web conferencing, document and forms platform, web application development, and high-end printing, as well as Advertising Cloud offerings. It also provides consulting, technical support, and learning services. The company offers its products and services directly to enterprise customers through its sales force and local field offices, as well as to end users through app stores and through its website at adobe.com. It also distributes products and services through distributors, value-added resellers, systems integrators, software vendors and developers, retailers, and original equipment manufacturers. The company was formerly known as Adobe Systems Incorporated and changed its name to Adobe Inc. in October 2018. Adobe Inc. was founded in 1982 and is headquartered in San Jose, California.",0.003541476793231,13.1,1.9,Low,Moderate Controversy Level,USA,United States,66.7646656881949,0.312019243435194,0.647312557199093,1,9,0.1450381679389313,-0.335293313763899,0.0665500801058295,0,0.04132201222131507,0.4421087602450484,0.0,0.17341040462427748,0.765553795034871,0.9362715377979479,0.3710105344835708,Low,0
NYQ,PM,Philip Morris International Inc,Philip Morris International Inc.,Consumer Defensive,Tobacco,124.22,193140981760,15301000192.0,0.084,Stamford,CT,United States,82700.0,"Philip Morris International Inc. operates as a tobacco company working to delivers a smoke-free future and evolving portfolio for the long-term to include products outside of the tobacco and nicotine sector. The company's product portfolio primarily consists of cigarettes and smoke-free products, including heat-not-burn, vapor, and oral nicotine products primarily under the IQOS and ZYN brands; and consumer accessories, such as lighters and matches. It also offers wellness and healthcare products. Philip Morris International Inc. was incorporated in 1987 and is headquartered in Stamford, Connecticut.",0.0034748504787919,28.5,3.4,Medium,Significant Controversy Level,USA,United States,66.7646656881949,0.312019243435194,0.647312557199093,2,3,0.11929824561403508,-0.335293313763899,0.14756060438490753,0,0.07922192407105635,0.4421087602450484,0.0,0.6184971098265896,0.765553795034871,0.8778207758446986,0.4986914698489395,High,2
NMS,ISRG,"Intuitive Surgical, Inc.","Intuitive Surgical, Inc.",Healthcare,Medical Instruments & Supplies,524.43,186790952960,2505100032.0,0.169,Sunnyvale,CA,United States,13676.0,"Intuitive Surgical, Inc. develops, manufactures, and markets products that enable physicians and healthcare providers to enhance the quality of and access to minimally invasive care in the United States and internationally. The company offers the da Vinci Surgical System that enables complex surgery using a minimally invasive approach; and Ion endoluminal system, which extends its commercial offerings beyond surgery into diagnostic procedures enabling minimally invasive biopsies in the lung. It also provides a suite of stapling, energy, and core instrumentation for its multi-port da Vinci surgical systems; progressive learning pathways to support the use of its technology; infrastructure of service and support specialists, a complement of services to its customers, including installation, repair, maintenance, 24/7 technical support, and proactive system health monitoring; and integrated digital capabilities providing connected offerings, streamlining performance for hospitals with program-enhancing insights. The company sells its products through direct sales organizations, such as capital and clinical sales teams. It has a collaboration agreement with FluoGuide A/S for head & neck cancer. The company was incorporated in 1995 and is headquartered in Sunnyvale, California.",0.0033606054313921,21.1,3.7,Medium,Low Controversy Level,USA,United States,66.7646656881949,0.312019243435194,0.647312557199093,2,6,0.17535545023696683,-0.335293313763899,0.11296050298816357,0,0.013411249272530078,0.4421087602450484,0.0,0.4046242774566474,0.765553795034871,0.9793166342488553,0.44467920597837246,High,2
NYQ,GE,GE Aerospace,GE Aerospace,Industrials,Aerospace & Defense,168.37,182225174528,8935000064.0,0.058,Evendale,OH,United States,125000.0,"General Electric Company, doing business as GE Aerospace, designs and produces commercial and defense aircraft engines, integrated engine components, electric power, and mechanical aircraft systems. It also offers aftermarket services to support its products. The company operates in the United States, Europe, China, Asia, the Americas, the Middle East, and Africa. General Electric Company was incorporated in 1892 and is based in Evendale, Ohio.",0.0032784613042062,40.5,14.2,Severe,Significant Controversy Level,USA,United States,66.7646656881949,0.312019243435194,0.647312557199093,4,7,0.35061728395061725,-0.335293313763899,0.22225249669757857,1,0.04903274252387715,0.4421087602450484,1.0,0.9653179190751444,0.765553795034871,0.9243797407091418,0.8073936091099502,Critical,3
NMS,INTU,Intuit Inc.,Intuit Inc.,Technology,Software - Application,643.39,180095795200,4496000000.0,0.41,Mountain View,CA,United States,18800.0,"Intuit Inc. provides financial management, compliance, and marketing products and services in the United States. The company operates in four segments: Small Business & Self-Employed, Consumer, Credit Karma, and ProTax. The Small Business & Self-Employed segment provides QuickBooks services, that includes financial and business management online services, desktop software, payroll solutions, time tracking, merchant payment processing and bill pay solutions, checking accounts, and financing services for small and mid-market businesses; and Mailchimp, a marketing automation and customer relationship management. This segment also offers QuickBooks online services and desktop software solutions comprising QuickBooks Online, QuickBooks Live, QuickBooks Online Advanced, QuickBooks Self-Employed, QuickBooks Solopreneur financial and business management offerings, QuickBooks Online Payroll QuickBooks Checking, QuickBooks Desktop software subscriptions, QuickBooks Basic Payroll, QuickBooks Assisted Payroll, and QuickBooks Enhanced Payroll. The Consumer segment provides do-it-yourself and assisted TurboTax income tax preparation products and services. The Credit Karma segment offers consumers with a personal finance platform that provides personalized recommendations of credit card, home, auto, and personal loan, and insurance product; online savings and checking accounts; and access to its credit scores and reports, credit and identity monitoring, credit report dispute, credit building tools, and tools. The ProTax segment provides Lacerte, ProSeries, and ProFile desktop tax-preparation software products; and ProConnect Tax Online bill pay tax products, electronic tax filing service, and bank products and related services. It sells products and services through direct sales channels, multi-channel shop-and-buy experiences, mobile application stores, and partner and other channels. The company was incorporated in 1984 and is headquartered in Mountain View, California.",0.0032401510776038,16.4,1.0,Low,Moderate Controversy Level,USA,United States,66.7646656881949,0.312019243435194,0.647312557199093,1,9,0.06097560975609757,-0.335293313763899,0.09106264797458191,0,0.02496449178620246,0.4421087602450484,0.0,0.26878612716763,0.765553795034871,0.9614987609347401,0.4021459735602558,Medium,1
NYQ,GS,"Goldman Sachs Group, Inc. (The)","The Goldman Sachs Group, Inc.",Financial Services,Capital Markets,566.1,177704452096,3343453568.0,0.042,New York,NY,United States,46400.0,"The Goldman Sachs Group, Inc., a financial institution, provides a range of financial services for corporations, financial institutions, governments, and individuals worldwide. It operates through Global Banking & Markets, Asset & Wealth Management, and Platform Solutions segments. The Global Banking & Markets segment provides financial advisory services, including strategic advisory assignments related to mergers and acquisitions, divestitures, corporate defense activities, restructurings, and spin-offs; and relationship lending, and acquisition financing, as well as secured lending, through structured credit and asset-backed lending and involved in financing under securities to resale agreements. This segment also offers client execution activities for cash and derivative instruments; credit and interest rate products; and provision of mortgages, currencies, commodities, and equities related products, as well as underwriting services. The Asset & Wealth Management segment manages assets across various classes, including equity, fixed income, hedge funds, credit funds, private equity, real estate, currencies, and commodities; and provides customized investment advisory solutions, wealth advisory services, personalized financial planning, and private banking services, as well as invests in corporate equity, credit, real estate, and infrastructure assets. The Platform Solutions segment offers credit cards and point-of-sale financing for purchase of goods or services. This segment also provides cash management services, such as deposit-taking and payment solutions for corporate and institutional clients. The Goldman Sachs Group, Inc. was founded in 1869 and is headquartered in New York, New York.",0.0031971277914314,25.5,0.9,Medium,Moderate Controversy Level,USA,United States,66.7646656881949,0.312019243435194,0.647312557199093,2,5,0.03529411764705882,-0.335293313763899,0.143496686206963,0,0.018814686568425366,0.4421087602450484,0.0,0.5317919075144508,0.765553795034871,0.9709832368424484,0.4819961552550728,High,2
NYQ,CAT,"Caterpillar, Inc.",Caterpillar Inc.,Industrials,Farm & Heavy Construction Machinery,366.04,176724836352,15818999808.0,-0.042,Irving,TX,United States,113200.0,"Caterpillar Inc. manufactures and sells construction and mining equipment, off-highway diesel and natural gas engines, industrial gas turbines, and diesel-electric locomotives in worldwide. Its Construction Industries segment offers asphalt pavers, compactors, road reclaimers, forestry machines, cold planers, material handlers, track-type tractors, excavators, telehandlers, motor graders, and pipelayers; compact track, wheel, track-type, backhoe, and skid steer loaders; and related parts and tools. The company's Resource Industries segment provides electric rope and hydraulic shovels, draglines, rotary drills, hard rock vehicles, tractors, mining trucks, wheel loaders, off-highway and articulated trucks, wheel tractor scrapers and dozers, fleet management products, landfill and soil compactors, machinery components, autonomous ready vehicles and solutions, work tools, and safety services and mining performance solutions, as well as related parts and services. Its Energy & Transportation segment offers reciprocating engine powered generator sets; reciprocating engines, drivetrain, and integrated systems and solutions; turbines, centrifugal gas compressors, and related services; and diesel-electric locomotives and components, and other rail-related products. The company's Financial Products segment provides operating and finance leases, installment sale contracts, revolving charge accounts, repair/rebuild financing services, working capital loans, and wholesale financing; and insurance and risk management products and services. Its All Other Operating segment offers filters and fluids, undercarriage, ground engaging tools, fluid transfer products, precision seals, and rubber sealing and connecting components; parts distribution; logistics solutions and distribution services; brand management and marketing strategy services; and digital investments services. Caterpillar Inc. was founded in 1925 and is headquartered in Irving, Texas.",0.0031795032655226,36.2,10.4,High,High Controversy Level,USA,United States,66.7646656881949,0.312019243435194,0.647312557199093,3,7,0.287292817679558,-0.335293313763899,0.20483821486130535,1,0.08951203540226663,0.4421087602450484,1.0,0.8410404624277457,0.765553795034871,0.8619509540288173,0.7638674934476982,Critical,3
NMS,TXN,Texas Instruments Incorporated,Texas Instruments Incorporated,Technology,Semiconductors,186.87,170465984512,6896999936.0,-0.084,Dallas,TX,United States,34000.0,"Texas Instruments Incorporated designs, manufactures, and sells semiconductors to electronics designers and manufacturers in the United States and internationally. The company operates through Analog and Embedded Processing segments. The Analog segment offers power products to manage power requirements across various voltage levels, including battery-management solutions, DC/DC switching regulators, AC/DC and isolated controllers and converters, power switches, linear regulators, voltage references, and lighting products. This segment provides signal chain products that sense, condition, and measure signals to allow information to be transferred or converted for further processing and control, including amplifiers, data converters, interface products, motor drives, clocks, and logic and sensing products. The Embedded Processing segment offers microcontrollers that are used in electronic equipment; digital signal processors for mathematical computations; and applications processors for specific computing activity. This segment offers products for use in various markets, such as industrial, automotive, personal electronics, communications equipment, enterprise systems, and calculators and other. It provides DLP products primarily for use in project high-definition images; calculators; and application-specific integrated circuits. The company markets and sells its semiconductor products through direct sales and distributors, as well as through its website. Texas Instruments Incorporated was founded in 1930 and is headquartered in Dallas, Texas.",0.0030668986069218,20.6,7.8,Medium,Moderate Controversy Level,USA,United States,66.7646656881949,0.312019243435194,0.647312557199093,2,9,0.37864077669902907,-0.335293313763899,0.12084522351466465,0,0.040459684410026585,0.4421087602450484,0.0,0.3901734104046243,0.765553795034871,0.9376014542849076,0.4361724278663708,Medium,1
NMS,QCOM,QUALCOMM Incorporated,QUALCOMM Incorporated,Technology,Semiconductors,152.89,169860792320,11959000064.0,0.187,San Diego,CA,United States,49000.0,"QUALCOMM Incorporated engages in the development and commercialization of foundational technologies for the wireless industry worldwide. It operates through three segments: Qualcomm CDMA Technologies (QCT); Qualcomm Technology Licensing (QTL); and Qualcomm Strategic Initiatives (QSI). The QCT segment develops and supplies integrated circuits and system software with advanced connectivity and high-performance, and low-power computing technologies for use in mobile devices; automotive systems for connectivity, digital cockpit, and ADAS/AD; and IoT, including consumer electronic devices, industrial devices, and edge networking products. The QTL segment grants licenses or provides rights to use portions of its intellectual property portfolio, which include various patent rights useful in the manufacture and sale of wireless products comprising products implementing CDMA2000, WCDMA, LTE and/or OFDMA-based 5G products. The QSI segment invests in early-stage companies in various industries, including 5G, artificial intelligence, automotive, consumer, enterprise, cloud, IoT, and extended reality, and investments, including non-marketable equity securities and, to a lesser extent, marketable equity securities, and convertible debt instruments. It also provides development, and other services and sells related products to the United States government agencies and their contractors. The company was incorporated in 1985 and is headquartered in San Diego, California.",0.003056010434153,15.4,5.3,Low,Significant Controversy Level,USA,United States,66.7646656881949,0.312019243435194,0.647312557199093,1,9,0.34415584415584416,-0.335293313763899,0.09066247595847786,0,0.07040471141492435,0.4421087602450484,0.0,0.23988439306358383,0.765553795034871,0.891419034334006,0.3864674806689685,Low,0
NYQ,VZ,Verizon Communications Inc.,Verizon Communications Inc.,Communication Services,Telecom Services,39.93,168090517504,48428998656.0,0.048,New York,NY,United States,101200.0,"Verizon Communications Inc., through its subsidiaries, engages in the provision of communications, technology, information, and entertainment products and services to consumers, businesses, and governmental entities worldwide. It operates in two segments, Verizon Consumer Group (Consumer) and Verizon Business Group (Business). The Consumer segment provides wireless services across the wireless networks in the United States under the Verizon and TracFone brands and through wholesale and other arrangements; and fixed wireless access (FWA) broadband through its wireless networks, as well as related equipment and devices, such as smartphones, tablets, smart watches, and other wireless-enabled connected devices. The segment also offers wireline services in the Mid-Atlantic and Northeastern United States, as well as Washington D.C. through its fiber-optic network, Verizon Fios product portfolio, and a copper-based network. The Business segment provides wireless and wireline communications services and products, including FWA broadband, data, video and conferencing, corporate networking, security and managed network, local and long-distance voice, and network access services to deliver various IoT services and products to businesses, government customers, and wireless and wireline carriers in the United States and internationally. The company was formerly known as Bell Atlantic Corporation and changed its name to Verizon Communications Inc. in June 2000. Verizon Communications Inc. was incorporated in 1983 and is headquartered in New York, New York.",0.0030241609517909,18.7,3.7,Low,Significant Controversy Level,USA,United States,66.7646656881949,0.312019243435194,0.647312557199093,1,1,0.19786096256684493,-0.335293313763899,0.11124958312746584,0,0.28811261560217133,0.4421087602450484,0.0,0.33526011560693636,0.765553795034871,0.555661185254037,0.3815044125239774,Low,0
NMS,BKNG,Booking Holdings Inc. Common St,Booking Holdings Inc.,Consumer Cyclical,Travel Services,5048.59,167091666944,7183000064.0,0.089,Norwalk,CT,United States,24200.0,"Booking Holdings Inc., together with its subsidiaries, provides online and traditional travel and restaurant reservations and related services in the United States, the Netherlands, and internationally. The company operates Booking.com, which offers online accommodation reservations; and Priceline, which provides online travel reservation services, as well as consumers hotel, flight, activity, rental car reservation, vacation packages, cruises, and hotel distribution services. It also operates Agoda that offers online accommodation reservation, flight, ground transportation, and activities reservation services. In addition, the company operates KAYAK, an online meta-search service that allows consumers to search and compare travel itineraries and prices; OpenTable for booking online restaurant reservations, as well as reservation management services to restaurants; and Rentalcars.com. Further, it offers travel-related insurance products and restaurant management services to consumers, travel service providers, and restaurants; and advertising services. The company was formerly known as The Priceline Group Inc. and changed its name to Booking Holdings Inc. in February 2018. Booking Holdings Inc. was founded in 1997 and is headquartered in Norwalk, Connecticut.",0.0030061903672209,19.2,1.0,Low,Significant Controversy Level,USA,United States,66.7646656881949,0.312019243435194,0.647312557199093,1,2,0.052083333333333336,-0.335293313763899,0.11490698699196526,0,0.04298837994361113,0.4421087602450484,0.0,0.3497109826589595,0.765553795034871,0.9337015987582831,0.4236437139900089,Medium,1
NYQ,DHR,Danaher Corporation,Danaher Corporation,Healthcare,Diagnostics & Research,228.55,165075959808,7511000064.0,0.031,Washington,DC,United States,61000.0,"Danaher Corporation designs, manufactures, and markets professional, medical, industrial, and commercial products and services worldwide. The Biotechnology segments offers bioprocess technologies, consumables, and services that advance, accelerate, and integrate the development and manufacture of therapeutics; cell line and cell culture media development services; cell culture media, process liquids and buffers for manufacturing, chromatography resins, filtration technologies, aseptic fill finish; single-use hardware and consumables and services, such as the design and installation of full manufacturing suites; lab filtration, separation, and purification; lab-scale protein purification and analytical tools; reagents, membranes, and services; and healthcare filtration solutions. The Life Sciences segment provides mass spectrometers; flow cytometry, genomics, lab automation, centrifugation, liquid handling automation instruments, antibodies and reagents, and particle counting and characterization; microscopes; protein consumables; industrial filtration products; and genomic medicines, such as custom nucleic acid products, plasmid DNA, RNA, and proteins under the ABCAM, ALDEVRON, BECKMAN COULTER, IDT, LEICA MICROSYSTEMS, MOLECULAR DEVICES, PALL, PHENOMENEX and SCIEX brands. The Diagnostics segment offers chemistry, immunoassay, microbiology, and automation systems; and molecular, acute care, and pathology diagnostics products. This segment also provides clinical instruments, reagents, consumables, software, and services for hospitals, physicians' offices, reference laboratories, and other critical care settings. The company has a research  collaboration  with Stanford  University's Department  of  Bioengineering for cancer drug development. The company was formerly known as Diversified Mortgage Investors, Inc. and changed its name to Danaher Corporation in 1984. Danaher Corporation was founded in 1969 and is based in Washington, the District of Columbia.",0.0029699252470853,11.9,1.4,Low,Moderate Controversy Level,USA,United States,66.7646656881949,0.312019243435194,0.647312557199093,1,6,0.1176470588235294,-0.335293313763899,0.07208802549953913,0,0.04550026589417412,0.4421087602450484,0.0,0.138728323699422,0.765553795034871,0.9298276676438214,0.3599615231907015,Low,0
NYQ,T,AT&T Inc.,AT&T Inc.,Communication Services,Telecom Services,22.75,163237838848,42773000192.0,-0.005,Dallas,TX,United States,143630.0,"AT&T Inc. provides telecommunications and technology services worldwide. The company operates through two segments, Communications and Latin America. The Communications segment offers wireless voice and data communications services; and sells handsets, wireless data cards, wireless computing devices, carrying cases/protective covers, and wireless chargers through its own company-owned stores, agents, and third-party retail stores. It also provides Virtual Private Networks, AT&T Dedicated Internet, Ethernet, data services, cloud solutions, outsourcing, and managed professional services, as well as customer premises equipment for multinational corporations, small and mid-sized businesses, governmental, and wholesale customers. In addition, this segment offers broadband services, including fiber connections, legacy telephony voice communication services, and other VoIP services and equipment to residential customers. This segment markets its communications services and products under the AT&T, AT&T Business, Cricket, AT&T PREPAID, and AT&T Fiber brand names. The Latin America segment provides postpaid and prepaid wireless services in Mexico under the AT&T and Unefon brand names, as well as sells smartphones through its owned stores, agents and third-party retail stores. The company was formerly known as SBC Communications Inc. and changed its name to AT&T Inc. in 2005. AT&T Inc. was incorporated in 1983 and is based in Dallas, Texas.",0.0029368551268046,23.9,3.3,Medium,Significant Controversy Level,USA,United States,66.7646656881949,0.312019243435194,0.647312557199093,2,1,0.13807531380753138,-0.335293313763899,0.14641213194604127,0,0.2620287091146089,0.4421087602450484,0.0,0.48554913294797686,0.765553795034871,0.5958888305045029,0.43061388225133607,Medium,1
NYQ,BLK,"BlackRock, Inc.","BlackRock, Inc.",Financial Services,Asset Management,1028.69,159322472448,7673999872.0,0.149,New York,NY,United States,20400.0,"BlackRock, Inc. is a publicly owned investment manager. The firm primarily provides its services to institutional, intermediary, and individual investors including corporate, public, union, and industry pension plans, insurance companies, third-party mutual funds, endowments, public institutions, governments, foundations, charities, sovereign wealth funds, corporations, official institutions, and banks. It also provides global risk management and advisory services. The firm manages separate client-focused equity, fixed income, and balanced portfolios. It also launches and manages open-end and closed-end mutual funds, offshore funds, unit trusts, and alternative investment vehicles including structured funds. The firm launches equity, fixed income, balanced, and real estate mutual funds. It also launches equity, fixed income, balanced, currency, commodity, and multi-asset exchange traded funds. The firm also launches and manages hedge funds. It invests in the public equity, fixed income, real estate, currency, commodity, and alternative markets across the globe. The firm primarily invests in growth and value stocks of small-cap, mid-cap, SMID-cap, large-cap, and multi-cap companies. It also invests in dividend-paying equity securities. The firm invests in investment grade municipal securities, government securities including securities issued or guaranteed by a government or a government agency or instrumentality, corporate bonds, and asset-backed and mortgage-backed securities. It employs fundamental and quantitative analysis with a focus on bottom-up and top-down approach to make its investments. The firm employs liquidity, asset allocation, balanced, real estate, and alternative strategies to make its investments. In real estate sector, it seeks to invest in Poland and Germany. The firm benchmarks the performance of its portfolios against various S&P, Russell, Barclays, MSCI, Citigroup, and Merrill Lynch indices. BlackRock, Inc. was founded in 1988 and is based in New York City with additional offices in Boston, Massachusetts; London, United Kingdom; Gurgaon, India; Hong Kong; Greenwich, Connecticut; Princeton, New Jersey; Edinburgh, United Kingdom; Sydney, Australia; Taipei, Taiwan; Singapore; Sao Paulo, Brazil; Philadelphia, Pennsylvania; Washington, District of Columbia; Toronto, Canada; Wilmington, Delaware; and San Francisco, California.",0.0028664127344873,18.3,0.9,Low,Moderate Controversy Level,USA,United States,66.7646656881949,0.312019243435194,0.647312557199093,1,5,0.04918032786885246,-0.335293313763899,0.11486138596030633,0,0.0481664623583133,0.4421087602450484,0.0,0.323699421965318,0.765553795034871,0.9257157526751575,0.41504166117360386,Medium,1
NYQ,SPGI,S&P Global Inc.,S&P Global Inc.,Financial Services,Financial Data & Stock Exchanges,491.81,152608636928,6645000192.0,0.159,New York,NY,United States,40450.0,"S&P Global Inc., together with its subsidiaries, provides credit ratings, benchmarks, analytics, and workflow solutions in the global capital, commodity, and automotive markets. It operates through S&P Global Market Intelligence, S&P Global Ratings, S&P Global Commodity Insights, S&P Global Mobility, and S&P Dow Jones Indices segments. The S&P Global Market Intelligence segment offers multi-asset-class data and analytics integrated with purpose-built workflow solutions. This segment offers Desktop, a product suite that provides data, analytics, and third-party research; Data and Advisory Solutions for research, reference data, market data, derived analytics, and valuation services; Enterprise Solutions, software and workflow solutions; and Credit & Risk Solutions for selling Ratings' credit ratings and related data and research. The S&P Global Ratings segment operates as an independent provider of credit ratings, research, and analytics, offering investors and other market participants information, ratings, and benchmarks. The S&P Global Commodity Insights segment provides information and benchmark prices for the commodity and energy markets. The S&P Global Mobility segment provides solutions serving the full automotive value chain, including vehicle manufacturers (OEMs), automotive suppliers, mobility service providers, retailers, consumers, and finance and insurance companies. The S&P Dow Jones Indices segment is an index provider that maintains various valuation and index benchmarks for investment advisors, wealth managers, and institutional investors. S&P Global Inc. was founded in 1860 and is headquartered in New York, New York.",0.0027456223441796,13.0,0.0,Low,Low Controversy Level,USA,United States,66.7646656881949,0.312019243435194,0.647312557199093,1,5,0.0,-0.335293313763899,0.08518521796465121,0,0.04354275305620532,0.4421087602450484,0.0,0.17052023121387283,0.765553795034871,0.9328466223412932,0.3698009909147839,Low,0
NYQ,PFE,"Pfizer, Inc.",Pfizer Inc.,Healthcare,Drug Manufacturers - General,26.36,149381857280,18365999104.0,0.312,New York,NY,United States,88000.0,"Pfizer Inc. discovers, develops, manufactures, markets, distributes, and sells biopharmaceutical products in the United States, Europe, and internationally. The company offers medicines and vaccines in various therapeutic areas, including cardiovascular metabolic, migraine, and women's health under the Eliquis, Nurtec ODT/Vydura, Zavzpret, and the Premarin family brands; infectious diseases with unmet medical needs under the Prevnar family, Abrysvo, Nimenrix, FSME/IMMUN-TicoVac, and Trumenba brands; and COVID-19 prevention and treatment, and potential future mRNA and antiviral products under the Comirnaty and Paxlovid brands. It also provides medicines and vaccines in various therapeutic areas, such as biosimilars for chronic immune and inflammatory diseases under the Xeljanz, Enbrel, Inflectra, Litfulo, Velsipity, and Cibinqo brands; amyloidosis, hemophilia, endocrine diseases, and sickle cell disease under the Vyndaqel family, Oxbryta, BeneFIX, Somavert, Ngenla, and Genotropin brands; sterile injectable and anti-infective medicines under the Sulperazon, Medrol, Zavicefta, Zithromax, and Panzyga brands; and biologics, small molecules, immunotherapies, and biosimilars under the Ibrance, Xtandi, Inlyta, Bosulif, Mektovi, Padcev, Adcetris, Talzenna, Tukysa, Elrexfio, Tivdak, Lorbrena, and Braftovi brands. In addition, the company involved in the contract manufacturing business. It serves wholesalers, retailers, hospitals, clinics, government agencies, pharmacies, individual provider offices, retail pharmacies, and integrated delivery systems. The company has collaboration agreements with Bristol-Myers Squibb Company; Astellas Pharma US, Inc.; Merck KGaA; and BioNTech SE, as well as has strategic clinical collaboration with Acepodia Inc. for the development of antibody-cell conjugation-based cell therapies in autoimmune diseases. Pfizer Inc. was founded in 1849 and is headquartered in New York, New York.",0.0026875684982136,24.6,2.1,Medium,Significant Controversy Level,USA,United States,66.7646656881949,0.312019243435194,0.647312557199093,2,6,0.08536585365853658,-0.335293313763899,0.16467863265275906,0,0.12294665120928934,0.4421087602450484,0.0,0.5057803468208093,0.765553795034871,0.8103867504685927,0.45813303840959474,High,2
NMS,HON,Honeywell International Inc.,Honeywell International Inc.,Industrials,Conglomerates,228.32,148464402432,9164000256.0,0.056,Charlotte,NC,United States,95000.0,"Honeywell International Inc. engages in the aerospace technologies, building automation, energy and sustainable solutions, and industrial automation businesses in the United States, Europe, and internationally. The company's Aerospace segment offers auxiliary power units, propulsion engines, integrated avionics, environmental control and electric power systems, engine controls, flight safety, communications, navigation hardware, data and software applications, radar and surveillance systems, aircraft lighting, advanced systems and instruments, satellite and space components, and aircraft wheels and brakes; spare parts; repair, overhaul, and maintenance services; and thermal systems, as well as wireless connectivity services. Its Honeywell Building Technologies segment provides software applications for building control and optimization; sensors, switches, control systems, and instruments for energy management; access control; video surveillance; fire products; and installation, maintenance, and upgrades of systems. The company's Performance Materials and Technologies segment offers automation control, instrumentation, and software and related services; catalysts and adsorbents, equipment, and consulting; and materials to manufacture end products, such as bullet-resistant armor, nylon, computer chips, and pharmaceutical packaging, as well as provides materials based on hydrofluoro-olefin technology. Its Safety and Productivity Solutions segment provides personal protective equipment, apparel, gear, and footwear; gas detection technology; custom-engineered sensors, switches, and controls for sensing and productivity solution; cloud-based notification and emergency messaging; mobile devices and software; custom-engineered sensors, switches, and controls; and data and asset management productivity solutions. Honeywell International Inc. was founded in 1885 and is headquartered in Charlotte, North Carolina.",0.0026710623254232,28.6,11.0,Medium,Significant Controversy Level,USA,United States,66.7646656881949,0.312019243435194,0.647312557199093,2,7,0.3846153846153846,-0.335293313763899,0.19263877085350095,1,0.061725235853741546,0.4421087602450484,1.0,0.6213872832369942,0.765553795034871,0.9048048691590864,0.7022569312034996,Critical,3
NYQ,NEE,"NextEra Energy, Inc.","NextEra Energy, Inc.",Utilities,Utilities - Regulated Electric,71.67,147382190080,14577999872.0,0.055,Juno Beach,FL,United States,16800.0,"NextEra Energy, Inc., through its subsidiaries, generates, transmits, distributes, and sells electric power to retail and wholesale customers in North America. The company generates electricity through wind, solar, nuclear,natural gas, and other clean energy. It also develops, constructs, and operates long-term contracted assets that consists of clean energy solutions, such as renewable generation facilities, battery storage projects, and electric transmission facilities; sells energy commodities; and owns, develops, constructs, manages and operates electric generation facilities in wholesale energy markets. The company had approximately 33,276 megawatts of net generating capacity; approximately 90,000 circuit miles of transmission and distribution lines; and 883 substations. It serves approximately 12 million people through approximately 5.9 million customer accounts in the east and lower west coasts of Florida. The company was formerly known as FPL Group, Inc. and changed its name to NextEra Energy, Inc. in 2010. NextEra Energy, Inc. was founded in 1925 and is headquartered in Juno Beach, Florida.",0.0026515919568084,23.3,9.4,Medium,Moderate Controversy Level,USA,United States,66.7646656881949,0.312019243435194,0.647312557199093,2,10,0.4034334763948498,-0.335293313763899,0.15809237186224884,1,0.09891290029064548,0.4421087602450484,1.0,0.4682080924855492,0.765553795034871,0.8474525636915574,0.6505679434313133,Critical,3
NMS,CMCSA,Comcast Corporation,Comcast Corporation,Communication Services,Telecom Services,38.22,146250366976,37285998592.0,0.065,Philadelphia,PA,United States,186000.0,"Comcast Corporation operates as a media and technology company worldwide. It operates through Residential Connectivity & Platforms, Business Services Connectivity, Media, Studios, and Theme Parks segments. The Residential Connectivity & Platforms segment provides residential broadband and wireless connectivity services, residential and business video services, sky-branded entertainment television networks, and advertising. The Business Services Connectivity segment offers connectivity services for small business locations, which include broadband, wireline voice, and wireless services, as well as solutions for medium-sized customers and larger enterprises; and small business connectivity services in the United Kingdom. The Media segment operates NBCUniversal's television and streaming business, including national and regional cable networks; the NBC and Telemundo broadcast networks and owned local broadcast television stations; and Peacock, a direct-to-consumer streaming services. It also operates international television networks comprising the Sky Sports networks, as well as other digital properties. The Studios segment operates NBCUniversal and Sky film and television studio production and distribution operations. The Theme Parks segment operates Universal theme parks in Orlando, Florida; Hollywood, California; Osaka, Japan; and Beijing, China. The company also offers a consolidated streaming platforms under the Philadelphia Flyers and the Wells Fargo Center arena in Philadelphia, Pennsylvania; and Xumo. Comcast Corporation was founded in 1963 and is headquartered in Philadelphia, Pennsylvania.",0.0026312290280347,23.1,4.0,Medium,Moderate Controversy Level,USA,United States,66.7646656881949,0.312019243435194,0.647312557199093,2,1,0.17316017316017315,-0.335293313763899,0.15794832161884942,0,0.2549463591986659,0.4421087602450484,0.0,0.46242774566474,0.765553795034871,0.6068115141943128,0.42476973443534605,Medium,1
NYQ,ANET,"Arista Networks, Inc.",Arista Networks Inc,Technology,Computer Hardware,112.81,142113521664,2833341952.0,0.2,Santa Clara,CA,United States,4023.0,"Arista Networks Inc engages in the development, marketing, and sale of data-driven, client to cloud networking solutions for data center, campus, and routing environments in the Americas, Europe, the Middle East, Africa, and the Asia-Pacific. Its cloud networking solutions consist of Extensible Operating System (EOS), a publish-subscribe state-sharing networking operating system offered in combination with a set of network applications. The company offers data center and cloud networking systems, including newer artificial intelligence (AI) ethernet switching platforms; campus wired and wireless products, and routing systems addressing Core Routing, Edge Routing, Data Center Interconnect (DCI), Multi-cloud and Wide Area Networking (WAN) use cases; and a suite of value-add software solutions that leverage EOS to provide end-to-end orchestration, automation, analytics, network monitoring, and security. It also provides post contract customer support services, such as technical support, hardware repair and replacement parts beyond standard warranty, bug fixes, patches, and upgrade services. The company serves a range of industries comprising internet companies, service providers, financial services organizations, government agencies, media and entertainment companies, telecommunication service providers, and others. It markets and sells its products through distributors, system integrators, value-added resellers, and original equipment manufacturer partners, as well as through its direct sales force. The company was formerly known as Arastra, Inc. and changed its name to Arista Networks Inc in October 2008. Arista Networks Inc was incorporated in 2004 and is headquartered in Santa Clara, California.",0.0025568019500418,16.7,0.4,Low,Low Controversy Level,USA,United States,66.7646656881949,0.312019243435194,0.647312557199093,1,9,0.023952095808383235,-0.335293313763899,0.11751168927812462,0,0.019937173597730486,0.4421087602450484,0.0,0.2774566473988439,0.765553795034871,0.969252092390038,0.4055224627751497,Medium,1
NMS,AMGN,Amgen Inc.,Amgen Inc.,Healthcare,Drug Manufacturers - General,263.38,141575438336,12247000064.0,0.232,Thousand Oaks,CA,United States,26700.0,"Amgen Inc. discovers, develops, manufactures, and delivers human therapeutics worldwide. The company's principal products include Enbrel to treat plaque psoriasis, rheumatoid arthritis, and psoriatic arthritis; Otezla for the treatment of adult patients with plaque psoriasis, psoriatic arthritis, and oral ulcers associated with Behçet's disease; Prolia to treat postmenopausal women with osteoporosis; XGEVA for skeletal-related events prevention; Repatha, which reduces the risks of myocardial infarction, stroke, and coronary revascularization; Nplate for the treatment of patients with immune thrombocytopenia; KYPROLIS to treat patients with relapsed or refractory multiple myeloma; Aranesp to treat a lower-than-normal number of red blood cells and anemia; EVENITY for the treatment of osteoporosis in postmenopausal for men and women; Vectibix to treat patients with wild-type RAS metastatic colorectal cancer; BLINCYTO for the treatment of patients with acute lymphoblastic leukemia; TEPEZZA to treat thyroid eye disease; and KRYSTEXXA for the treatment of chronic refractory gout. It also markets other products, including Neulasta, MVASI, AMJEVITA/AMGEVITA, TEZSPIRE, Parsabiv, Aimovig, LUMAKRAS/LUMYKRAS, EPOGEN, KANJINTI, TAVNEOS, RAVICTI, UPLIZNA and PROCYSBI. The company serves healthcare providers, including physicians or their clinics, dialysis centers, hospitals, and pharmacies. It distributes its products through pharmaceutical wholesale distributors, as well as direct-to-consumer channels. The company has collaboration agreements with AstraZeneca plc for the development and commercialization of TEZSPIRE; Novartis Pharma AG to develop and commercialize Aimovig; UCB for the development and commercialization of EVENITY; Kyowa Kirin Co., Ltd. for rocatinlimab development and commercialization; and BeiGene, Ltd. for oncology products expansion and development. Amgen Inc. was incorporated in 1980 and is headquartered in Thousand Oaks, California.",0.0025471211505921,22.0,0.7,Medium,Significant Controversy Level,USA,United States,66.7646656881949,0.312019243435194,0.647312557199093,2,6,0.031818181818181815,-0.335293313763899,0.155394186015427,0,0.08650511845800739,0.4421087602450484,0.0,0.43063583815028905,0.765553795034871,0.8665883417678415,0.4412098449383636,High,2
NYQ,PGR,Progressive Corporation (The),The Progressive Corporation,Financial Services,Insurance - Property & Casualty,239.97,140577062912,10823199744.0,0.267,Mayfield Village,OH,United States,61432.0,"The Progressive Corporation, an insurance holding company, provides personal and commercial auto, personal residential and commercial property, business related general liability, and other specialty property-casualty insurance products and related services in the United States. It operates in three segments: Personal Lines, Commercial Lines, and Property. The Personal Lines segment writes insurance for personal autos and recreational vehicles (RV). This segment's products include personal auto insurance; and special lines products, including insurance for motorcycles, ATVs, RVs, watercrafts, snowmobiles, and related products. The Commercial Lines segment provides auto-related liability and physical damage insurance, and business-related general liability and property insurance for autos, vans, and pick-up trucks used by small businesses, as well as non-fleet taxis, black-car services, and airport taxis; tractors, trailers, and straight trucks primarily used by regional general freight and expeditor-type businesses, and long-haul operators; dump trucks used by light contractors and heavy constructions; log trucks and garbage trucks used by dirt, sand and gravel, logging, garbage/debris removal, and coal-type businesses; and tow trucks and wreckers used in towing services and gas/service station businesses. The Property segment writes residential property insurance for homeowners, other property owners, and renters, as well as offers manufactured homes, personal umbrella insurance, and primary and excess flood insurance. The company offers policy issuance and claims adjusting services; acts as an agent to homeowners, general liability, workers' compensation insurance, and other products; and reinsurance services. It sells its products through independent insurance agencies, as well as through mobile applications and over the phone. The Progressive Corporation was founded in 1937 and is headquartered in Mayfield Village, Ohio.",0.0025291591143195,20.0,1.5,Medium,Moderate Controversy Level,USA,United States,66.7646656881949,0.312019243435194,0.647312557199093,2,5,0.075,-0.335293313763899,0.1422707203131696,0,0.07699122118360964,0.4421087602450484,0.0,0.3728323699421965,0.765553795034871,0.881261055177788,0.42533607581693045,Medium,1
NYQ,LOW,"Lowe's Companies, Inc.","Lowe's Companies, Inc.",Consumer Cyclical,Home Improvement Retail,247.72,139875090432,12433000448.0,-0.055,Mooresville,NC,United States,300000.0,"Lowe's Companies, Inc., together with its subsidiaries, operates as a home improvement retailer in the United States. The company offers a line of products for construction, maintenance, repair, remodeling, and decorating. It also provides home improvement products, such as appliances, seasonal and outdoor living, lawn and garden, lumber, kitchens and bath, tools, paint, millwork, hardware, flooring, rough plumbing, building materials, décor, and electrical. In addition, the company offers installation services through independent contractors in various product categories; and extended protection plans and repair services. It sells its national brand-name merchandise and private brand products to professional customers, homeowners, renters, businesses, and government. The company also sells its products through Lowes.com website; and through mobile applications. Lowe's Companies, Inc. was founded in 1921 and is based in Mooresville, North Carolina.",0.0025165297417959,11.8,3.3,Low,Moderate Controversy Level,USA,United States,66.7646656881949,0.312019243435194,0.647312557199093,1,2,0.2796610169491525,-0.335293313763899,0.08436098209878583,0,0.08888645154473933,0.4421087602450484,0.0,0.13583815028901736,0.765553795034871,0.8629157545086468,0.3524032798540626,Low,0
NYQ,SYK,Stryker Corporation,Stryker Corporation,Healthcare,Medical Devices,364.6,138991353856,5693000192.0,0.119,Portage,MI,United States,52000.0,"Stryker Corporation operates as a medical technology company. The company operates through two segments, MedSurg and Neurotechnology, and Orthopaedics and Spine. The Orthopaedics and Spine segment provides implants for use in total joint replacements, such as hip, knee and shoulder, and trauma and extremities surgeries. This segment also offers spinal implant products comprising cervical and thoracolumbar systems that include fixation, minimally invasive and interbody systems used in spinal injury, complex spine and degenerative therapies. The MedSurg and Neurotechnology segment offers surgical equipment, and surgical navigation systems, endoscopic and communications systems, patient handling, emergency medical equipment and intensive care disposable products, reprocessed and remanufactured medical devices, clinical communication and workflow solutions, and other medical device products that are used in various medical specialties, as well as patient and caregiver safety technologies. This segment also provides neurosurgical, neurovascular and craniomaxillofacial implant products, which include products used for minimally invasive endovascular procedures; products for brain and open skull based surgical procedures; orthobiologic and biosurgery products, such as synthetic bone grafts and vertebral augmentation products; minimally invasive products for the treatment of acute ischemic and hemorrhagic stroke; and craniomaxillofacial implant products, including cranial, maxillofacial, and chest wall devices, as well as dural substitutes and sealants. The company sells its products to doctors, hospitals, and other healthcare facilities through company-owned subsidiaries and branches, as well as third-party dealers and distributors in approximately 75 countries. Stryker Corporation was founded in 1941 and is headquartered in Portage, Michigan.",0.0025006302033538,28.3,4.0,Medium,Moderate Controversy Level,USA,United States,66.7646656881949,0.312019243435194,0.647312557199093,2,6,0.1413427561837456,-0.335293313763899,0.20360978733482812,0,0.04095938368870161,0.4421087602450484,0.0,0.6127167630057804,0.765553795034871,0.9368307980442852,0.5028583680226553,High,2
NYQ,UNP,Union Pacific Corporation,Union Pacific Corporation,Industrials,Railroads,226.32,137208094720,12030000128.0,0.025,Omaha,NE,United States,30518.0,"Union Pacific Corporation, through its subsidiary, Union Pacific Railroad Company, operates in the railroad business in the United States. The company offers transportation services for grain and grain products, fertilizers, food and refrigerated products, and coal and renewables to grain processors, animal feeders, ethanol producers, renewable biofuel producers, and other agricultural users; and construction products, industrial chemicals, plastics, forest products, specialized products, metals and ores, petroleum, liquid petroleum gases, soda ash, and sand, as well as finished automobiles, automotive parts, and merchandise in intermodal containers. Union Pacific Corporation was founded in 1862 and is headquartered in Omaha, Nebraska.",0.0024685471166568,23.5,7.3,Medium,Moderate Controversy Level,USA,United States,66.7646656881949,0.312019243435194,0.647312557199093,2,7,0.31063829787234043,-0.335293313763899,0.17127269384474988,1,0.08767704378192534,0.4421087602450484,1.0,0.47398843930635837,0.765553795034871,0.8647809515974663,0.6540348862681469,Critical,3
NYQ,TJX,"TJX Companies, Inc. (The)","The TJX Companies, Inc.",Consumer Cyclical,Apparel Retail,122.0,137147523072,7125000192.0,0.056,Framingham,MA,United States,349000.0,"The TJX Companies, Inc., together with its subsidiaries, operates as an off-price apparel and home fashions retailer in the United States, Canada, Europe, and Australia. It operates through four segments: Marmaxx, HomeGoods, TJX Canada, and TJX International. The company sells family apparel, including footwear and accessories; home fashions, such as home basics, furniture, rugs, lighting products, giftware, soft home products, decorative accessories, tabletop, and cookware, as well as expanded pet, and gourmet food departments; jewelry and accessories; and other merchandise. It offers its products through stores and e-commerce sites. The TJX Companies, Inc. was incorporated in 1962 and is headquartered in Framingham, Massachusetts.",0.0024674573561195,14.4,1.9,Low,Moderate Controversy Level,USA,United States,66.7646656881949,0.312019243435194,0.647312557199093,1,2,0.13194444444444445,-0.335293313763899,0.10499642776953584,0,0.0519513588900873,0.4421087602450484,0.0,0.2109826589595376,0.765553795034871,0.9198785336580396,0.38064291037015796,Low,0
NYQ,SCHW,Charles Schwab Corporation (The,The Charles Schwab Corporation,Financial Services,Capital Markets,74.31,136028905472,3343453568.0,0.052,Westlake,TX,United States,32100.0,"The Charles Schwab Corporation, together with its subsidiaries, operates as a savings and loan holding company that provides wealth management, securities brokerage, banking, asset management, custody, and financial advisory services in the United States and internationally. The company operates in two segments, Investor Services and Advisor Services. It offers brokerage accounts with equity and fixed income trading, margin lending, options trading, futures and forex trading, and cash management capabilities, including certificates of deposit; third-party mutual funds through the Mutual Fund Marketplace and Mutual Fund OneSource service, as well as mutual fund trading and clearing services to broker-dealers; exchange-traded funds; advisory solutions for managed portfolios, separately managed accounts, customized personal advice for tailored portfolios, specialized planning, and full-time portfolio management; banking products comprising checking and savings accounts, first lien residential real estate mortgage loans, home equity lines of credit, and pledged asset lines; and trust custody services, personal trust reporting services, and administrative trustee services. It also provides digital retirement calculators; integrated web-, mobile-, and software-based trading platforms, real-time market data, options trading, premium research, and multi-channel access; self-service education and support tools; online research and analysis tools; equity compensation plan sponsors full-service recordkeeping for stock plans, stock options, restricted stock, performance shares, and stock appreciation rights; retirement plan services; mutual fund clearing services; and advisor services, including interactive tools and educational content. The Company operates through branch offices. The Charles Schwab Corporation was founded in 1971 and is headquartered in Westlake, Texas.",0.0024473320110606,23.3,2.4,Medium,Moderate Controversy Level,USA,United States,66.7646656881949,0.312019243435194,0.647312557199093,2,5,0.10300429184549356,-0.335293313763899,0.1712871240061256,0,0.024578993386726998,0.4421087602450484,0.0,0.4682080924855492,0.765553795034871,0.9620932920056944,0.46203201626272694,High,2
NYQ,ETN,"Eaton Corporation, PLC",Eaton Corporation plc,Industrials,Specialty Industrial Machinery,338.12,133625020416,5449999872.0,0.079,Dublin,,Ireland,94000.0,"Eaton Corporation plc operates as a power management company worldwide. The company's Electrical Americas and Electrical Global segment provides electrical components, industrial components, power distribution and assemblies, residential products, single and three phase power quality and connectivity products, wiring devices, circuit protection products, utility power distribution products, power reliability equipment, and services, as well as hazardous duty electrical equipment, emergency lighting, fire detection, explosion-proof instrumentation, and structural support systems. Its Aerospace segment offers pumps, motors, hydraulic power units, hoses and fittings, and electro-hydraulic pumps; valves, cylinders, electronic controls, electromechanical actuators, sensors, aircraft flap and slat systems, and nose wheel steering systems; hose, thermoplastic tubing products, fittings, adapters, couplings, and sealing and ducting products; air-to-air refueling systems, fuel pumps, fuel inerting products, sensors, and adapters and regulators; oxygen generation system, payload carriages, and thermal management products; and wiring connectors and cables, as well as hydraulic and bag filters, strainers and cartridges, and golf grips for manufacturers of commercial and military aircraft, and related after-market customers, as well as industrial applications. The company's Vehicle segment offers transmissions, clutches, hybrid power systems, superchargers, engine valves and valve actuation systems, locking and limited slip differentials, transmission controls, and fuel vapor components for the vehicle industry. Its eMobility segment provides voltage inverters, converters, fuses, circuit protection units, vehicle controls, power distribution systems, fuel tank isolation valves, and commercial vehicle hybrid systems. Eaton Corporation plc was founded in 1911 and is based in Dublin, Ireland.",0.002404083079313,17.9,5.5,Low,Low Controversy Level,IRL,Ireland,64.2468917867885,0.315577264183443,0.600515099919212,1,7,0.30726256983240224,-0.28493783573576903,0.133956948663311,1,0.04078577391444445,0.46799769474501884,1.0,0.3121387283236994,1.0,0.9370985459912485,0.6543508967824894,Critical,3
NMS,AMAT,"Applied Materials, Inc.","Applied Materials, Inc.",Technology,Semiconductor Equipment & Materials,163.59,133110726656,8204000256.0,0.055,Santa Clara,CA,United States,35200.0,"Applied Materials, Inc. engages in the provision of manufacturing equipment, services, and software to the semiconductor, display, and related industries. The company operates through three segments: Semiconductor Systems, Applied Global Services, and Display and Adjacent Markets. The Semiconductor Systems segment develops, manufactures, and sells various manufacturing equipment that is used to fabricate semiconductor chips or integrated circuits. This segment also offers various technologies, including epitaxy, ion implantation, oxidation/nitridation, rapid thermal processing, physical vapor deposition, chemical vapor deposition, chemical mechanical planarization, electrochemical deposition, atomic layer deposition, etching, and selective deposition and removal, as well as metrology and inspection tools. The Applied Global Services segment provides integrated solutions to optimize equipment and fab performance and productivity comprising spares, upgrades, services, remanufactured earlier generation equipment, and factory automation software for semiconductor, display, and other products. The Display and Adjacent Markets segment offers products for manufacturing liquid crystal displays; organic light-emitting diodes; and other display technologies for TVs, monitors, laptops, personal computers, electronic tablets, smart phones, and other consumer-oriented devices. It operates in the United States, China, Korea, Taiwan, Japan, Southeast Asia, and Europe. The company was incorporated in 1967 and is headquartered in Santa Clara, California.",0.0023948302842723,12.7,4.5,Low,Low Controversy Level,USA,United States,66.7646656881949,0.312019243435194,0.647312557199093,1,9,0.35433070866141736,-0.335293313763899,0.09540929058873517,0,0.0616329011350206,0.4421087602450484,0.0,0.16184971098265893,0.765553795034871,0.9049472714603206,0.36440989975732246,Low,0
NYQ,BA,Boeing Company (The),The Boeing Company,Industrials,Aerospace & Defense,177.35,132689018880,-3991000064.0,-0.015,Arlington,VA,United States,171000.0,"The Boeing Company, together with its subsidiaries, designs, develops, manufactures, sells, services, and supports commercial jetliners, military aircraft, satellites, missile defense, human space flight and launch systems, and services worldwide. The company operates through Commercial Airplanes; Defense, Space & Security; and Global Services segments. The Commercial Airplanes segment develops, produces, and markets commercial jet aircraft for passenger and cargo requirements, as well as provides fleet support services. The Defense, Space & Security segment engages in the research, development, production, and modification of manned and unmanned military aircraft and weapons systems; strategic defense and intelligence systems, which include strategic missile and defense systems, command, control, communications, computers, intelligence, surveillance and reconnaissance, cyber and information solutions, and intelligence systems; and satellite systems, such as government and commercial satellites, and space exploration. The Global Services segment offers products and services, including supply chain and logistics management, engineering, maintenance and modifications, upgrades and conversions, spare parts, pilot and maintenance training systems and services, technical and maintenance documents, and data analytics and digital services to commercial and defense customers. The Boeing Company was incorporated in 1916 and is based in Arlington, Virginia.",0.0023872432281541,39.6,8.8,High,High Controversy Level,USA,United States,66.7646656881949,0.312019243435194,0.647312557199093,3,7,0.22222222222222224,-0.335293313763899,0.29844217957337577,1,-0.03007784741862732,0.4421087602450484,1.0,0.9393063583815029,0.765553795034871,1.0,0.8071521668309436,Critical,3
NYQ,BSX,Boston Scientific Corporation,Boston Scientific Corporation,Healthcare,Medical Devices,88.95,131097174016,4063000064.0,0.193,Marlborough,MA,United States,48000.0,"Boston Scientific Corporation develops, manufactures, and markets medical devices for use in various interventional medical specialties worldwide. It operates through two segments, MedSurg and Cardiovascular. The company offers devices to diagnose and treat gastrointestinal and pulmonary conditions, such as resolution clips, biliary stent systems, stents and electrocautery enhanced delivery systems, direct visualization systems, digital catheters, and single-use duodenoscopes; devices to treat urological conditions, including ureteral stents, catheters, baskets, guidewires, sheaths, balloons, single-use digital flexible ureteroscopes, holmium laser systems, artificial urinary sphincter, laser system, fiber, and hydrogel systems; and devices to treat neurological movement disorders and manage chronic pain, such as spinal cord stimulator system, proprietary programming software, radiofrequency generator, indirect decompression systems, practice optimization tools, and deep brain stimulation system. It also provides technologies for diagnosing and treating coronary artery disease and aortic valve conditions; WATCHMAN FLX, a Left Atrial Appendage Closure Device; and implantable devices that monitor the heart and deliver electricity to treat cardiac abnormalities, such as cardioverter and cardiac resynchronization therapy defibrillators, MRI S-ICD systems, cardiac resynchronization therapy pacemakers, quadripolar LV leads, ICD leads, pacing leads, remote patient management systems, insertable cardiac monitor systems, and remote cardiac monitoring systems. In addition, the company offers diagnosis and treatment of rate and rhythm disorders of the heart; peripheral arterial and venous diseases; and products to diagnose, treat and ease forms of cancer. The company was incorporated in 1979 and is headquartered in Marlborough, Massachusetts.",0.002358603926244,23.1,2.4,Medium,Moderate Controversy Level,USA,United States,66.7646656881949,0.312019243435194,0.647312557199093,2,6,0.10389610389610389,-0.335293313763899,0.17620517126616872,0,0.030992278014353867,0.4421087602450484,0.0,0.46242774566474,0.765553795034871,0.9522024675997159,0.45930882977588633,High,2
NYQ,C,"Citigroup, Inc.",Citigroup Inc.,Financial Services,Banks - Diversified,69.19,130856288256,3343453568.0,-0.024,New York,NY,United States,229000.0,"Citigroup Inc., a diversified financial service holding company, provides various financial product and services to consumers, corporations, governments, and institutions worldwide. It operates through five segments: Services, Markets, Banking, U.S. Personal Banking, and Wealth. The Services segment includes Treasury and Trade Solutions, which provides cash management, trade, and working capital solutions to multinational corporations, financial institutions, and public sector organizations; and Securities Services, such as cross-border support for clients, local market expertise, post-trade technologies, data solutions, and various securities services solutions. The Markets segment offers sales and trading services for equities, foreign exchange, rates, spread products, and commodities to corporate, institutional, and public sector clients; and market-making services, including asset classes, risk management solutions, financing, prime brokerage, research, securities clearing, and settlement. The banking segment includes investment banking; advisory services related to mergers and acquisitions, divestitures, restructurings, and corporate defense activities; and corporate lending, which includes corporate and commercial banking. The U.S. Personal Banking segment provides co-branded cards and retail banking services. The Wealth segment provides financial services to high-net-worth clients through banking, lending, mortgages, investment, custody, and trust product offerings; and to professional industries, including law firms, consulting groups, accounting, and asset management. The company was founded in 1812 and is headquartered in New York, New York.",0.0023542700868338,29.2,1.8,Medium,High Controversy Level,USA,United States,66.7646656881949,0.312019243435194,0.647312557199093,2,5,0.06164383561643836,-0.335293313763899,0.22314556212136122,0,0.025550576228014755,0.4421087602450484,0.0,0.6387283236994219,0.765553795034871,0.9605948780357854,0.5130382442298979,High,2
NYQ,COP,ConocoPhillips,ConocoPhillips,Energy,Oil & Gas E&P,95.12,123043438592,24445999104.0,-0.079,Houston,TX,United States,10300.0,"ConocoPhillips explores for, produces, transports, and markets crude oil, bitumen, natural gas, liquefied natural gas (LNG), and natural gas liquids in the United States, Canada, China, Libya, Malaysia, Norway, the United Kingdom, and internationally. The company's portfolio includes unconventional plays in North America; conventional assets in North America, Europe, Asia, and Australia; global LNG developments; oil sands assets in Canada; and an inventory of global exploration prospects. ConocoPhillips was founded in 1917 and is headquartered in Houston, Texas.",0.0022137070424282,33.9,17.6,High,Moderate Controversy Level,USA,United States,66.7646656881949,0.312019243435194,0.647312557199093,3,4,0.5191740412979352,-0.335293313763899,0.27551245631560317,1,0.19867779528708182,0.4421087602450484,1.0,0.7745664739884393,0.765553795034871,0.6935911470252963,0.7270893162155541,Critical,3
NMS,PANW,"Palo Alto Networks, Inc.","Palo Alto Networks, Inc.",Technology,Software - Infrastructure,186.78,122565033984,1094400000.0,0.121,Santa Clara,CA,United States,15289.0,"Palo Alto Networks, Inc. provides cybersecurity solutions worldwide. The company's network security platforms include Prisma Access, a security services edge (SSE) solution, as well as Strata Cloud Manager, a network security management solution. It also provides cloud security solutions, including Prisma Cloud, a cloud native application protection platform; and Code to Cloud platform, as well as offers VM-Series and CN-Series virtual firewalls for inline network security on multi- and hybrid-cloud environments. In addition, the company provides security operation solutions through Cortex platform that includes Cortex XSIAM, an AI-driven security operations platform; Cortex XDR for the prevention, detection, and response to complex cybersecurity attacks; and Cortex XSOAR for security orchestration, automation, and response; and Cortex Xpanse for attack surface management, as well as offers threat intelligence and advisory services under the Unit 42 name. Further, it provides subscription services covering the areas of threat prevention, malware and persistent threat, URL filtering, laptop and mobile device protection, DNS security, Internet of Things security, SaaS security API, and SaaS security inline, as well as threat intelligence, and data loss prevention. Additionally, the company offers professional services, including architecture design and planning, implementation, configuration, and firewall migration; education services, such as certifications, as well as online and in-classroom training; and support services. It sells its products and services through its channel partners, as well as directly to medium to large enterprises, service providers, and government entities operating in various industries, including education, energy, financial services, government entities, healthcare, Internet and media, manufacturing, public sector, and telecommunications. The company was incorporated in 2005 and is headquartered in Santa Clara, California.",0.002205099938612,13.9,0.7,Low,Low Controversy Level,USA,United States,66.7646656881949,0.312019243435194,0.647312557199093,1,9,0.05035971223021582,-0.335293313763899,0.11340917999349266,0,0.008929137164379737,0.4421087602450484,0.0,0.19653179190751446,0.765553795034871,0.9862291270514754,0.38294270959389465,Low,0
NMS,ADP,"Automatic Data Processing, Inc.","Automatic Data Processing, Inc.",Technology,Software - Application,294.02,119800504320,5733100032.0,0.071,Roseland,NJ,United States,64000.0,"Automatic Data Processing, Inc. engages in the provision of cloud-based human capital management (HCM) solutions worldwide. It operates in two segments, Employer Services and Professional Employer Organization (PEO). The Employer Services segment offers strategic, cloud-based platforms, and human resources (HR) outsourcing solutions. This segment's offerings include RUN Powered by ADP, a software platform for small business payroll, HR management, and tax compliance administration; ADP Workforce Now, a HCM solution used across mid-sized and large businesses to manage employees; and ADP Vantage HCM, a solution for HR management, benefits administration, payroll services, time and attendance management, and talent management. The PEO Services segment provides HR and employment administration outsourcing solutions under ADP TotalSource name to businesses through a co-employment model. The segment also provides employee benefits, protection and compliance, talent engagement, expertise, comprehensive outsourcing, and recruitment process outsourcing services. The company was founded in 1949 and is headquartered in Roseland, New Jersey.",0.0021553625543498,13.8,2.8,Low,Low Controversy Level,USA,United States,66.7646656881949,0.312019243435194,0.647312557199093,1,9,0.20289855072463767,-0.335293313763899,0.1151915017247233,0,0.04785539146551733,0.4421087602450484,0.0,0.19364161849710987,0.765553795034871,0.926195498664475,0.3760722947320732,Low,0
NYQ,DE,Deere & Company,Deere & Company,Industrials,Farm & Heavy Construction Machinery,432.49,117453471744,14364000256.0,-0.168,Moline,IL,United States,83000.0,"Deere & Company engages in the manufacture and distribution of various equipment worldwide. The company operates through four segments: Production and Precision Agriculture, Small Agriculture and Turf, Construction and Forestry, and Financial Services. The Production and Precision Agriculture segment provides large and medium tractors, combines, cotton pickers and strippers, sugarcane harvesters and loaders, harvesting front-end equipment, pull-behind scrapers, and tillage and seeding equipment, as well as application equipment, including sprayers and nutrient management, and soil preparation machinery for grain growers. The Small Agriculture and Turf segment offers utility tractors, and related loaders and attachments; turf and utility equipment, including riding lawn equipment, commercial mowing equipment, golf course equipment, and utility vehicles, as well as implements for mowing, tilling, snow and debris handling, aerating, residential, commercial, golf, and sports turf care applications; other outdoor power products; and hay and forage equipment. This segment also resells products from other manufacturers. It serves dairy and livestock producers, crop producers, and turf and utility customers. The Construction and Forestry segment provides a range of backhoe loaders, crawler dozers and loaders, four-wheel-drive loaders, excavators, motor graders, articulated dump trucks, landscape and skid-steer loaders, milling machines, pavers, compactors, rollers, crushers, screens, asphalt plants, log skidders, log feller bunchers, log loaders and forwarders, log harvesters, and attachments; and roadbuilding equipment. The Financial Services segment finances sales and leases agriculture and turf, and construction and forestry equipment. It also offers wholesale financing to dealers of the foregoing equipment; and extended equipment warranties, as well as finances retail revolving charge accounts. The company was founded in 1837 and is headquartered in Moline, Illinois.",0.0021131364706045,20.0,2.7,Low,Moderate Controversy Level,USA,United States,66.7646656881949,0.312019243435194,0.647312557199093,1,7,0.135,-0.335293313763899,0.17028019438703124,1,0.12229523778835232,0.4421087602450484,1.0,0.3728323699421965,0.765553795034871,0.8113913863355915,0.6183491089327109,Critical,3
NYQ,FI,"Fiserv, Inc.","Fiserv, Inc.",Technology,Information Technology Services,206.05,117225758720,8766000128.0,0.07,Milwaukee,WI,United States,42000.0,"Fiserv, Inc., together with its subsidiaries, provides payments and financial services technology services in the United States, Europe, the Middle East and Africa, Latin America, the Asia-Pacific, and internationally. It operates through Merchant Acceptance, Financial Technology, and Payments and Network segments. The Merchant Acceptance segment provides merchant acquiring and digital commerce services; mobile payment services; security and fraud protection products; Clover, a cloud based POS and integrated commerce operating system for small and mid-sized businesses and independent software vendors; and Carat, an integrated operating system for large businesses. This segment distributes through various channels, including direct sales teams, strategic partnerships with agent sales forces, independent software vendors, financial institutions, and other strategic partners in the form of joint venture alliances, revenue sharing alliances, and referral agreement. The Financial Technology segment offers customer deposit and loan accounts, as well as manages an institution's general ledger and central information files. This segment also provides digital banking, financial and risk management, professional services and consulting, check processing, and other products and services. The Payments and Network segment offers card transactions, such as debit, credit, and prepaid card processing and services; funds access, debit payments, cardless ATM access, and surcharge-free ATM network; security and fraud protection products; card production; print services; and various network services, as well as non-card digital payment software and services, including bill payment, account-to-account transfers, person-to-person payments, electronic billing, and security and fraud protection products. It serves merchants, banks, credit unions, other financial institutions, and corporate clients. Fiserv, Inc. was incorporated in 1984 and is headquartered in Milwaukee, Wisconsin.",0.0021090396253712,19.6,4.1,Low,Moderate Controversy Level,USA,United States,66.7646656881949,0.312019243435194,0.647312557199093,1,9,0.2091836734693877,-0.335293313763899,0.1671987472208702,0,0.07477878773161162,0.4421087602450484,0.0,0.3612716763005781,0.765553795034871,0.8846731586558341,0.4222090780722496,Medium,1
NYQ,BMY,Bristol-Myers Squibb Company,Bristol-Myers Squibb Company,Healthcare,Drug Manufacturers - General,57.33,116275560448,19161999360.0,0.084,Princeton,NJ,United States,34100.0,"Bristol-Myers Squibb Company discovers, develops, licenses, manufactures, markets, distributes, and sells biopharmaceutical products worldwide. It offers products for hematology, oncology, cardiovascular, immunology, fibrotic, and neuroscience diseases. The company's products include Eliquis for reduction in risk of stroke/systemic embolism in non-valvular atrial fibrillation, and for the treatment of DVT/PE; Opdivo for various anti-cancer indications, including bladder, blood, CRC, head and neck, RCC, HCC, lung, melanoma, MPM, stomach and esophageal cancer; Pomalyst/Imnovid for multiple myeloma; Orencia for active rheumatoid arthritis and psoriatic arthritis; and Sprycel for the treatment of Philadelphia chromosome-positive chronic myeloid leukemia. It also provides Yervoy for the treatment of patients with unresectable or metastatic melanoma; Empliciti for the treatment of multiple myeloma; Abecma for the treatment of relapsed or refractory multiple myeloma; Reblozyl for the treatment of anemia; Opdualag for the treatment of unresectable or metastatic melanoma; and Zeposia to treat relapsing forms of multiple sclerosis. In addition, the company offers Breyanzi for the treatment of relapsed or refractory large B-cell lymphoma; Onureg for the treatment of AML; Inrebic for the treatment of myelofibrosis; Camzyos for the treatment of symptomatic obstructive HCM to enhance functional capacity and symptom; Sotyktu for the treatment of moderate-to-severe plaque psoriasis; Augtyro for the treatment of locally advanced or metastatic ROS1-positive NSCLC; Revlimid, an oral immunomodulatory drug for the treatment of multiple myeloma; and Abraxane to treat breast cancer, NSCLC and pancreatic cancer. It sells products to wholesalers, distributors, pharmacies, retailers, hospitals, clinics, and government agencies. The company was formerly known as Bristol-Myers Company. Bristol-Myers Squibb Company was founded in 1887 and is headquartered in Princeton, New Jersey.",0.0020919443569806,22.7,1.3,Medium,Moderate Controversy Level,USA,United States,66.7646656881949,0.312019243435194,0.647312557199093,2,6,0.05726872246696035,-0.335293313763899,0.1952258919461562,0,0.1647981681289724,0.4421087602450484,0.0,0.4508670520231214,0.765553795034871,0.745841664913955,0.4352045414148246,Medium,1
NYQ,LMT,Lockheed Martin Corporation,Lockheed Martin Corporation,Industrials,Aerospace & Defense,489.02,115914858496,10225999872.0,0.013,Bethesda,MD,United States,122000.0,"Lockheed Martin Corporation, a security and aerospace company, engages in the research, design, development, manufacture, integration, and sustainment of technology systems, products, and services worldwide. The company operates through Aeronautics, Missiles and Fire Control, Rotary and Mission Systems, and Space segments. The Aeronautics segment offers combat and air mobility aircraft, unmanned air vehicles, and related technologies. The Missiles and Fire Control segment provides air and missile defense systems; tactical missiles and air-to-ground precision strike weapon systems; logistics; fire control systems; mission operations support, readiness, engineering support, and integration services; manned and unmanned ground vehicles; and energy management solutions. The Rotary and Mission Systems segment offers military and commercial helicopters, surface ships, sea and land-based missile defense systems, radar systems, sea and air-based mission and combat systems, command and control mission solutions, cyber solutions, and simulation and training solutions. The Space segment offers satellites; space transportation systems; strategic, advanced strike, and defensive systems; and classified systems and services in support of national security systems. This segment also provides network-enabled situational awareness and integrates space and ground global systems to help its customers gather, analyze, and securely distribute critical intelligence data. It serves primarily serves the U.S. government, as well as foreign military sales contracted through the U.S. government. The company was formerly known as The Lockheed Corporation and changed its name to Lockheed Martin Corporation in March 1995. Lockheed Martin Corporation was founded in 1912 and is based in Bethesda, Maryland.",0.0020854548727749,30.2,8.0,High,Significant Controversy Level,USA,United States,66.7646656881949,0.312019243435194,0.647312557199093,3,7,0.26490066225165565,-0.335293313763899,0.2605360554448863,1,0.08821992283545668,0.4421087602450484,1.0,0.6676300578034682,0.765553795034871,0.8639437017787023,0.7120436468354034,Critical,3
NMS,GILD,"Gilead Sciences, Inc.","Gilead Sciences, Inc.",Healthcare,Drug Manufacturers - General,92.57,115367206912,13948999680.0,0.07,Foster City,CA,United States,18000.0,"Gilead Sciences, Inc., a biopharmaceutical company, discovers, develops, and commercializes medicines in the areas of unmet medical need in the United States, Europe, and internationally. The company provides Biktarvy, Genvoya, Descovy, Odefsey, Truvada, Complera/ Eviplera, Stribild, Sunlencs, and Atripla products for the treatment of HIV/AIDS; Veklury, an injection for intravenous use, for the treatment of COVID-19; and Epclusa, Harvoni, Vemlidy, and Viread for the treatment of viral hepatitis. It also offers Yescarta, Tecartus, and Trodelvy products for the treatment of oncology; Letairis, an oral formulation for the treatment of pulmonary arterial hypertension; and AmBisome, a liposomal formulation for the treatment of serious invasive fungal infections. The company has collaboration agreements with Arcus Biosciences, Inc.; Merck Sharp & Dohme Corp.; Pionyr Immunotherapeutics Inc.; Tizona Therapeutics, Inc.; Galapagos NV; Janssen Sciences Ireland Unlimited Company; Japan Tobacco, Inc.; Dragonfly Therapeutics, Inc.; Arcellx, Inc.; Everest Medicines; Merck & Co, Inc.; Tentarix Biotherapeutics Inc.; Marengo Therapeutics; and Assembly Biosciences, Inc. It also has research collaboration, option, and license agreement with Merus N.V. for the discovery of novel dual tumor-associated antigens (TAA) targeting trispecific antibodies. The company has a collaboration with Terray Therapeutics, Inc. to discover and develop small molecule therapies. The company was incorporated in 1987 and is headquartered in Foster City, California.",0.0020756019283012,23.0,1.0,Medium,Moderate Controversy Level,USA,United States,66.7646656881949,0.312019243435194,0.647312557199093,2,6,0.043478260869565216,-0.335293313763899,0.19936341197498159,0,0.12090957260185767,0.4421087602450484,0.0,0.4595375722543352,0.765553795034871,0.813528414682354,0.4445743724610287,High,2
NYQ,NKE,"Nike, Inc.","NIKE, Inc.",Consumer Cyclical,Footwear & Accessories,76.94,114525192192,7200999936.0,-0.104,Beaverton,OR,United States,79400.0,"NIKE, Inc., together with its subsidiaries, engages in the design, development, marketing, and sale of athletic footwear, apparel, equipment, accessories, and services worldwide. The company provides athletic and casual footwear, apparel, and accessories under the NIKE, Jumpman, Converse, Chuck Taylor, All Star, One Star, Star Chevron, and Jack Purcell trademarks. It also sells a line of performance equipment and accessories comprising bags, sport balls, socks, eyewear, timepieces, digital devices, bats, gloves, protective equipment, and other equipment for sports activities under the NIKE brand; and various plastic products to other manufacturers. In addition, the company markets apparel with licensed college and professional team, and league logos, as well as sells sports apparel; licenses unaffiliated parties to manufacture and sell apparel, digital devices, and applications and other equipment for sports activities under NIKE-owned trademarks; and operates digital platforms, including fitness and activity apps; sport, fitness, and wellness content; and digital services and features in retail stores. It sells its products to footwear stores; sporting goods stores; athletic specialty stores; department stores; skate, tennis, and golf shops; and other retail accounts through NIKE-owned retail stores, digital platforms, independent distributors, licensees, and sales representatives. The company was founded in 1964 and is headquartered in Beaverton, Oregon.",0.0020604530188037,19.6,3.0,Low,Significant Controversy Level,USA,United States,66.7646656881949,0.312019243435194,0.647312557199093,1,2,0.1530612244897959,-0.335293313763899,0.17114138492027897,0,0.06287699499274899,0.4421087602450484,0.0,0.3612716763005781,0.765553795034871,0.9030285800867396,0.4240446202153402,Medium,1
NYQ,CB,Chubb Limited,Chubb Limited,Financial Services,Insurance - Property & Casualty,273.2,110126374912,11363000320.0,0.078,Zurich,,Switzerland,40000.0,"Chubb Limited provides insurance and reinsurance products worldwide. The company's North America Commercial P&C Insurance segment offers commercial property, casualty, workers' compensation, package policies, risk management, financial lines, marine, construction, environmental, medical risk, cyber risk, surety, and casualty; and group accident and health insurance to large, middle market, and small commercial businesses. Its North America Personal P&C Insurance segment provides affluent and high net worth individuals and families with homeowners, automobile and collector cars, valuable articles, personal and excess liability, travel insurance, and recreational marine insurance and services. The company's North America Agricultural Insurance segment offers multiple peril crop and crop-hail insurance; and coverage for farm, ranch, and specialty property and casualty, and commercial agriculture products. Its Overseas General Insurance segment provides coverage for traditional commercial property and casualty; specialty categories, such as financial lines, marine, energy, aviation, political risk, and construction; and group accident and health, and traditional and specialty personal lines for corporations, middle markets, and small customers through retail brokers, agents, and other channels. The company's Global Reinsurance segment offers traditional and specialty reinsurance under the Chubb Tempest Re brand to property and casualty companies. Its Life Insurance segment provides protection and savings products comprising whole life, endowment plans, individual and life, group term life, health protection, personal accident, credit life, universal life, group employee benefits, and unit linked contracts. It markets its products primarily through insurance and reinsurance brokers. The company was formerly known as ACE Limited and changed its name to Chubb Limited in January 2016. Chubb Limited was incorporated in 1985 and is headquartered in Zurich, Switzerland.",0.0019813127338562,23.6,1.5,Medium,Moderate Controversy Level,CHE,Switzerland,72.0035803135863,0.251258452297331,0.691330058569058,2,5,0.0635593220338983,-0.44007160627172703,0.21429925409656256,0,0.10318146156250008,0.0,0.0,0.476878612716763,0.5450346312154233,0.8408694175414236,0.30890572025148477,Low,0
NYQ,UPS,"United Parcel Service, Inc.","United Parcel Service, Inc.",Industrials,Integrated Freight & Logistics,125.68,107251539968,12007999488.0,0.056,Atlanta,GA,United States,500000.0,"United Parcel Service, Inc., a package delivery company, provides transportation and delivery, distribution, contract logistics, ocean freight, airfreight, customs brokerage, and insurance services. It operates through two segments, U.S. Domestic Package and International Package. The U.S. Domestic Package segment offers time-definite delivery of express letters, documents, small packages, and palletized freight through air and ground services in the United States. The International Package segment provides guaranteed day and time-definite international shipping services comprising guaranteed time-definite express options in Europe, Asia, the Indian sub-continent, the Middle East, Africa, Canada, and Latin America. The company also offers international air and ocean freight forwarding, post-sales, and mail and consulting services. In addition, it provides truckload and customs brokerage services; supply chain solutions to the healthcare and life sciences industries; fulfillment and transportation management services; and integrated supply chain and shipment insurance solutions. United Parcel Service, Inc. was founded in 1907 and is headquartered in Atlanta, Georgia.",0.0019295908181313,18.6,4.2,Low,Moderate Controversy Level,USA,United States,66.7646656881949,0.312019243435194,0.647312557199093,1,7,0.22580645161290322,-0.335293313763899,0.17342408328635256,1,0.11196109157577369,0.4421087602450484,1.0,0.3323699421965318,0.765553795034871,0.8273291205091243,0.6078041540263648,High,2
NMS,ADI,"Analog Devices, Inc.","Analog Devices, Inc.",Technology,Semiconductors,211.78,105105776640,4361349120.0,-0.248,Wilmington,MA,United States,26000.0,"Analog Devices, Inc. designs, manufactures, tests, and markets integrated circuits (ICs), software, and subsystems products in the United States, rest of North and South America, Europe, Japan, China, and rest of Asia. The company provides data converter products, which translate real-world analog signals into digital data, as well as translates digital data into analog signals; power management and reference products for power conversion, driver monitoring, sequencing, and energy management applications in the automotive, communications, industrial, and consumer markets; and power ICs that include performance, integration, and software design simulation tools for accurate power supply designs. It also offers amplifiers to condition analog signals; and radio frequency and microwave ICs to support cellular infrastructure; and micro-electro-mechanical systems technology solutions, including accelerometers used to sense acceleration, gyroscopes for sense rotation, inertial measurement units to sense multiple degrees of freedom, and broadband switches for radio and instrument systems, as well as isolators. In addition, the company provides digital signal processing and system products for numeric calculations. It serves clients in the industrial, automotive, consumer, instrumentation, aerospace, defense and healthcare, and communications markets through a direct sales force, third-party distributors, and independent sales representatives, as well as online. Analog Devices, Inc. was incorporated in 1965 and is headquartered in Wilmington, Massachusetts.",0.0018909858226522,22.9,9.3,Medium,Low Controversy Level,USA,United States,66.7646656881949,0.312019243435194,0.647312557199093,2,9,0.406113537117904,-0.335293313763899,0.21787575081087376,0,0.04149485650953466,0.4421087602450484,0.0,0.4566473988439306,0.765553795034871,0.9360049704142095,0.4559549760110929,High,2
NYQ,MMC,"Marsh & McLennan Companies, Inc","Marsh & McLennan Companies, Inc.",Financial Services,Insurance Brokers,211.74,103990173696,7246000128.0,0.059,New York,NY,United States,85000.0,"Marsh & McLennan Companies, Inc., a professional services company, provides advice and solutions to clients in the areas of risk, strategy, and people worldwide. It operates through Risk and Insurance Services, and Consulting segments. The Risk and Insurance Services segment offers risk management services, such as risk advice, risk transfer, and risk control and mitigation solutions, as well as insurance and reinsurance broking, strategic advisory services, and analytics solutions, and insurance program management services. It serves businesses, public entities, insurance companies, associations, professional services organizations, and private clients. The Consulting segment provides health, wealth and career advice, solutions and products; and specialized management, strategic, economic, and brand consulting services. Marsh & McLennan Companies, Inc. was founded in 1871 and is headquartered in New York, New York.",0.0018709147150666,21.1,0.1,Medium,Moderate Controversy Level,USA,United States,66.7646656881949,0.312019243435194,0.647312557199093,2,5,0.004739336492890996,-0.335293313763899,0.20290378648354557,0,0.06967966174556663,0.4421087602450484,0.0,0.4046242774566474,0.765553795034871,0.8925372349724648,0.4360012660507334,Medium,1
NYQ,MDT,Medtronic plc.,Medtronic plc,Healthcare,Medical Devices,81.03,103903961088,9013000192.0,0.028,Galway,,Ireland,95000.0,"Medtronic plc develops, manufactures, and sells device-based medical therapies to healthcare systems, physicians, clinicians, and patients worldwide. The Cardiovascular Portfolio segment offers implantable cardiac pacemakers, cardioverter defibrillators, and cardiac resynchronization therapy devices; cardiac ablation products; insertable cardiac monitor systems; TYRX products; and remote monitoring and patient-centered software. It also provides aortic valves, surgical valve replacement and repair products, endovascular stent grafts and accessories, and transcatheter pulmonary valves; and percutaneous coronary intervention products, percutaneous angioplasty balloons, and other products. The Neuroscience Portfolio segment offers medical devices and implants, biologic solutions, spinal cord stimulation and brain modulation systems, implantable drug infusion systems, and interventional products, as well as nerve ablation system under the Accurian name. The segment offers its products for spinal surgeons, neurosurgeons, neurologists, pain management specialists, anesthesiologists, orthopedic surgeons, urologists, urogynecologists, and interventional radiologists, as well as ear, nose, and throat specialists; and energy surgical instruments. The Medical Surgical Portfolio segment offers surgical stapling devices, vessel sealing instruments, wound closure and electrosurgery products, AI-powered surgical video and analytics platform, robotic-assisted surgery products, hernia mechanical devices, mesh implants, gynecology products, gastrointestinal and hepatologic diagnostics and therapies, and therapies to treat other non-exclusive diseases and conditions; and patient monitoring and airway management products. The Diabetes Operating Unit segment provides insulin pumps and consumables, continuous glucose monitoring systems, and InPen, a smart insulin pen system. The company was founded in 1949 and is headquartered in Galway, Ireland.",0.0018693636412372,22.8,1.8,Medium,Significant Controversy Level,IRL,Ireland,64.2468917867885,0.315577264183443,0.600515099919212,2,6,0.07894736842105263,-0.28493783573576903,0.21943340524515578,0,0.0867435668248159,0.46799769474501884,0.0,0.45375722543352603,1.0,0.8662205971466476,0.4897486510309773,High,2
NMS,VRTX,Vertex Pharmaceuticals Incorpor,Vertex Pharmaceuticals Incorporated,Healthcare,Biotechnology,397.27,102308536320,4446600192.0,0.116,Boston,MA,United States,5400.0,"Vertex Pharmaceuticals Incorporated, a biotechnology company, engages in developing and commercializing therapies for treating cystic fibrosis (CF). It markets TRIKAFTA/KAFTRIO for people with CF with at least one F508del mutation for 2 years of age or older; SYMDEKO/SYMKEVI for people with CF for 6 years of age or older;  ORKAMBI for CF patients 1 year or older; and KALYDECO for the treatment of patients with 1 year or older who have CF with ivacaftor. The company's pipeline includes VX-522, a CFTR mRNA therapeutic designed to treat the underlying cause of CF, which is in Phase 1 clinical trial; VX-548, a non-opioid medicine for the treatment of acute and neuropathic pain which is in Phase 3 clinical trial; Exa-cel, for the treatment of sickle cell disease and transfusion-dependent beta thalassemia which is in Phase 2/3 clinical trial. In addition, it provides inaxaplin for the treatment of APOL1-mediated focal segmental glomerulosclerosis and co-morbidities, such as hypertension which is in single Phase 2/3; VX- 880 and VX-264, treatment for Type 1 Diabetes which is in Phase 1/2 clinical trial;  VX-970, which is in Phase 2 clinical trial for the treatment of cancer; and VX-803 and VX-984 for treatment of cancer in Phase 1 clinical trial. Further, it sells the products to specialty pharmacy and specialty distributors in the United States, as well as retail pharmacies, hospitals, and clinics. Additionally, the company has collaborations with CRISPR Therapeutics AG.; Moderna, Inc.; Entrada Therapeutics, Inc.; Arbor Biotechnologies, Inc.; Mammoth Biosciences, Inc.; and Verve Therapeutics., as well as collaborations with Tevard Biosciences to develop novel tRNA-based therapies for duchenne muscular dystrophy. Vertex Pharmaceuticals Incorporated was founded in 1989 and is headquartered in Boston, Massachusetts.",0.0018406599323276,22.7,0.8,Medium,Moderate Controversy Level,USA,United States,66.7646656881949,0.312019243435194,0.647312557199093,2,6,0.03524229074889868,-0.335293313763899,0.22187786881242325,0,0.04346265083973005,0.4421087602450484,0.0,0.4508670520231214,0.765553795034871,0.9329701591876501,0.4539173908421942,High,2
NMS,MU,"Micron Technology, Inc.","Micron Technology, Inc.",Technology,Semiconductors,90.12,100408999936,8944000000.0,0.933,Boise,ID,United States,48000.0,"Micron Technology, Inc. designs, develops, manufactures, and sells memory and storage products in the United States, Taiwan, Mainland China, rest of the Asia Pacific, Hong Kong, Japan, Europe, and internationally. The company operates through four segments: Compute and Networking Business Unit, Mobile Business Unit, Embedded Business Unit, and Storage Business Unit. It provides memory and storage technologies comprising dynamic random access memory semiconductor devices with low latency that provide high-speed data retrieval; non-volatile and re-writeable semiconductor storage devices; and non-volatile re-writable semiconductor memory devices that provide fast read speeds under the Micron and Crucial brands, as well as through private labels. The company offers serves the data center, PC, graphics, networking, automotive, industrial, and consumer embedded markets, as well as for smartphone and other mobile-device markets. It markets its products through its direct sales force, independent sales representatives, distributors, and retailers; and web-based customer direct sales channel, as well as through channel and distribution partners. Micron Technology, Inc. was founded in 1978 and is headquartered in Boise, Idaho.",0.0018064848709125,18.2,7.2,Low,Moderate Controversy Level,USA,United States,66.7646656881949,0.312019243435194,0.647312557199093,1,9,0.39560439560439564,-0.335293313763899,0.1812586522283914,0,0.08907568052366664,0.4421087602450484,0.0,0.32080924855491333,0.765553795034871,0.862623917998689,0.4078654256828356,Medium,1
NMS,SBUX,Starbucks Corporation,Starbucks Corporation,Consumer Cyclical,Restaurants,87.97,99740385280,6700000256.0,-0.032,Seattle,WA,United States,,"Starbucks Corporation, together with its subsidiaries, operates as a roaster, marketer, and retailer of coffee worldwide. The company operates through three segments: North America, International, and Channel Development. Its stores offer coffee, tea, and other beverages, roasted whole beans and ground coffees, single serve products, and ready-to-drink beverages; and various food products, such as pastries, breakfast sandwiches, and lunch items. The company also licenses its trademarks through licensed stores, and grocery and foodservice accounts. The company offers its products under the Starbucks Coffee, Teavana, Seattle's Best Coffee, Ethos, and Starbucks Reserve brands. Starbucks Corporation was founded in 1971 and is based in Seattle, Washington.",0.0017944556478219,24.7,5.8,Medium,Significant Controversy Level,USA,United States,66.7646656881949,0.312019243435194,0.647312557199093,2,2,0.23481781376518218,-0.335293313763899,0.24764291746678121,0,0.06717439718315875,0.4421087602450484,0.0,0.5086705202312138,0.765553795034871,0.8964009543169259,0.46760151081754947,High,2
NYQ,PLD,"Prologis, Inc.","Prologis, Inc.",Real Estate,REIT - Industrial,103.32,95692398592,5739131904.0,0.068,San Francisco,CA,United States,2574.0,"Prologis, Inc. is the global leader in logistics real estate with a focus on high-barrier, high-growth markets. At September 30, 2024, the company owned or had investments in, on a wholly owned basis or through co-investment ventures, properties and development projects expected to total approximately 1.2 billion square feet (116 million square meters) in 20 countries. Prologis leases modern logistics facilities to a diverse base of approximately 6,700 customers principally across two major categories: business-to-business and retail/online fulfilment.",0.0017216272488319,10.3,2.7,Low,Low Controversy Level,USA,United States,66.7646656881949,0.312019243435194,0.647312557199093,1,8,0.2621359223300971,-0.335293313763899,0.1076365537028256,0,0.05997479411577628,0.4421087602450484,0.0,0.09248554913294799,0.765553795034871,0.9075044705128964,0.3438563711076668,Low,0
NMS,LRCX,Lam Research Corporation,Lam Research Corporation,Technology,Semiconductor Equipment & Materials,71.79,92371476480,4920197120.0,0.197,Fremont,CA,United States,17700.0,"Lam Research Corporation designs, manufactures, markets, refurbishes, and services semiconductor processing equipment used in the fabrication of integrated circuits. The company offers ALTUS systems to deposit conformal films for tungsten metallization applications; SABRE electrochemical deposition products for copper interconnect transition that offers copper damascene manufacturing; and VECTOR plasma-enhanced CVD products. It also provides SPEED gapfill high-density plasma chemical vapor deposition products; and Striker single-wafer atomic layer deposition products for dielectric film solutions. In addition, the company offers Flex for dielectric etch applications; Vantex, a dielectric etch system that provides RF technology and repeatable wafer-to-wafer performance enabled by Equipment Intelligence solutions; Kiyo for conductor etch applications; Syndion for through-silicon via etch applications; and Versys metal products for metal etch processes. Further, it provides Coronus bevel clean products to enhance die yield; and Da Vinci, DV-Prime, EOS, and SP series products to address various wafer cleaning applications. The company sells its products in the United States, China, Europe, Japan, Korea, Southeast Asia, and Taiwan. Lam Research Corporation was incorporated in 1980 and is headquartered in Fremont, California.",0.0016618796609002,13.6,4.5,Low,Low Controversy Level,USA,United States,66.7646656881949,0.312019243435194,0.647312557199093,1,9,0.33088235294117646,-0.335293313763899,0.1472315970065135,0,0.053265329379738845,0.4421087602450484,0.0,0.18786127167630057,0.765553795034871,0.9178520757441344,0.37350384839379636,Low,0
NYQ,MO,"Altria Group, Inc.","Altria Group, Inc.",Consumer Defensive,Tobacco,53.84,91248566272,12216000512.0,0.013,Richmond,VA,United States,6400.0,"Altria Group, Inc., through its subsidiaries, manufactures and sells smokeable and oral tobacco products in the United States. The company offers cigarettes primarily under the Marlboro brand; large cigars and pipe tobacco under the Black & Mild brand; moist smokeless tobacco and snus products under the Copenhagen, Skoal, Red Seal, and Husky brands; oral nicotine pouches under the on! brand; and e-vapor products under the NJOY ACE brand. It sells its products to distributors, as well as large retail organizations, such as chain stores. The company was founded in 1822 and is headquartered in Richmond, Virginia.",0.0016416770863955,31.3,6.1,High,Significant Controversy Level,USA,United States,66.7646656881949,0.312019243435194,0.647312557199093,3,3,0.194888178913738,-0.335293313763899,0.3430190881761233,0,0.13387608168643117,0.4421087602450484,0.0,0.6994219653179191,0.765553795034871,0.793530945061004,0.5145399434179688,High,2
NYQ,SO,Southern Company (The),The Southern Company,Utilities,Utilities - Regulated Electric,82.86,90788044800,13061000192.0,0.042,Atlanta,GA,United States,27819.0,"The Southern Company, through its subsidiaries, engages in the generation, transmission, and distribution of electricity. The company also develops, constructs, acquires, owns, and manages power generation assets, including renewable energy projects and sells electricity in the wholesale market; and distributes natural gas in Illinois, Georgia, Virginia, and Tennessee, as well as provides gas marketing services, gas distribution operations, and gas pipeline investments operations. In addition, it owns and operates nuclear, coal, hydro, cogeneration, solar, wind, battery storage, and fuel cell facilities. Further, the constructs, operates, and maintains approximately 77,900 miles of natural gas pipelines and 14 storage facilities with total capacity of 157 Bcf to provide natural gas to residential, commercial, and industrial customers. The company serves approximately 8.9 million electric and gas utility customers. Further, it develops distributed energy and resilience solutions; deploys microgrids for commercial, industrial, governmental, and utility customers; and offers digital wireless communications and fiber optics services. The Southern Company was incorporated in 1945 and is headquartered in Atlanta, Georgia.",0.0016333917228083,33.0,14.7,High,Moderate Controversy Level,USA,United States,66.7646656881949,0.312019243435194,0.647312557199093,3,10,0.44545454545454544,-0.335293313763899,0.3634839815385032,1,0.14386255614131258,0.4421087602450484,1.0,0.7485549132947977,0.765553795034871,0.7781294041965108,0.7277396737245831,Critical,3
NMS,EQIX,"Equinix, Inc.","Equinix, Inc.",Real Estate,REIT - Specialty,927.22,89465782272,3352907008.0,0.189,Redwood City,CA,United States,13151.0,"Equinix (Nasdaq: EQIX) is the world's digital infrastructure company. Digital leaders harness Equinix's trusted platform to bring together and interconnect foundational infrastructure at software speed. Equinix enables organizations to access all the right places, partners and possibilities to scale with agility, speed the launch of digital services, deliver world-class experiences and multiply their value, while supporting their sustainability goals.",0.001609602547996,13.9,3.4,Low,Low Controversy Level,USA,United States,66.7646656881949,0.312019243435194,0.647312557199093,1,8,0.24460431654676257,-0.335293313763899,0.15536666250500408,0,0.0374769763685323,0.4421087602450484,0.0,0.19653179190751446,0.765553795034871,0.9422015060845166,0.37853994749719877,Low,0
NMS,PYPL,"PayPal Holdings, Inc.","PayPal Holdings, Inc.",Financial Services,Credit Services,87.13,87351312384,6120999936.0,0.058,San Jose,CA,United States,27200.0,"PayPal Holdings, Inc. operates a technology platform that enables digital payments on behalf of merchants and consumers worldwide. It operates a two-sided network at scale that connects merchants and consumers that enables its customers to connect, transact, and send and receive payments through online and in person, as well as transfer and withdraw funds using various funding sources, such as bank accounts, PayPal or Venmo account balance, PayPal and Venmo branded credit products comprising its installment products, credit and debit cards, and cryptocurrencies, as well as other stored value products, including gift cards and eligible rewards. The company provides payment solutions under the PayPal, PayPal Credit, Braintree, Venmo, Xoom, Zettle, Hyperwallet, Honey, and Paidy names. The company was founded in 1998 and is headquartered in San Jose, California.",0.0015715605610715,17.8,2.8,Low,Moderate Controversy Level,USA,United States,66.7646656881949,0.312019243435194,0.647312557199093,1,5,0.15730337078651685,-0.335293313763899,0.20377484337900342,0,0.07007335973490392,0.4421087602450484,0.0,0.30924855491329484,0.765553795034871,0.8919300581656305,0.4073278316070442,Medium,1
NYQ,SHW,Sherwin-Williams Company (The),The Sherwin-Williams Company,Basic Materials,Specialty Chemicals,345.47,87007649792,4399799808.0,0.007,Cleveland,OH,United States,64088.0,"The Sherwin-Williams Company engages in the development, manufacture, distribution, and sale of paints, coating, and related products to professional, industrial, commercial, and retail customers. It operates through three segments: Paint Stores Group, Consumer Brands Group, and Performance Coatings Group. The Paint Stores Group segment offers architectural paints and coatings, and protective and marine products, as well as OEM product finishes and related products for architectural and industrial paint contractors, and do-it-yourself homeowners. The Consumer Brands Group segment supplies a portfolio of branded and private-label architectural paints, stains, varnishes, industrial products, wood finishes products, wood preservatives, applicators, corrosion inhibitors, aerosols, caulks, and adhesives to retailers, including home centers and hardware stores, and dedicated dealers and distributors. The Performance Coatings Group segment develops and sells industrial coatings for wood finishing and general industrial applications, automotive refinish products, protective and marine coatings, coil coatings, packaging coatings, and performance-based resins and colorants. It serves retailers, dealers, jobbers, licensees, and other third-party distributors through its branches and direct sales staff, as well as through outside sales representatives. The company has operations primarily in the North and South America, the Caribbean, Europe, Asia, and Australia. The Sherwin-Williams Company was founded in 1866 and is headquartered in Cleveland, Ohio.",0.0015653776364975,29.4,14.3,Medium,Moderate Controversy Level,USA,United States,66.7646656881949,0.312019243435194,0.647312557199093,2,0,0.4863945578231293,-0.335293313763899,0.3379013232777058,1,0.0505679652136121,0.4421087602450484,1.0,0.6445086705202312,0.765553795034871,0.9220120587910758,0.7109140663516696,Critical,3
NYQ,ICE,Intercontinental Exchange Inc.,"Intercontinental Exchange, Inc.",Financial Services,Financial Data & Stock Exchanges,150.31,86304546816,5558000128.0,0.173,Atlanta,GA,United States,12900.0,"Intercontinental Exchange, Inc., together with its subsidiaries, engages in the provision of market infrastructure, data services, and technology solutions for financial institutions, corporations, and government entities in the United States, the United Kingdom, the European Union, Singapore, India, Abu Dhabi, Israel, and Canada. It operates through three segments: Exchanges, Fixed Income and Data Services, and Mortgage Technology. The company operates regulated marketplaces for listing, trading, and clearing an array of derivatives contracts and financial securities, such as commodities, interest rates, foreign exchange, and equities, as well as corporate and exchange-traded funds; and trading venues, including regulated exchanges and clearing houses. It also offers energy, agricultural and metals, and financial futures and options; and cash equities and equity options, and over-the-counter and other markets, as well as listings and data and connectivity services. In addition, the company provides fixed income data and analytic, fixed income execution, CDS clearing, and other multi-asset class data and network services. Further, it offers proprietary and comprehensive mortgage origination platform, which serves residential mortgage loans; closing solutions that provides customers connectivity to the mortgage supply chain and facilitates the secure exchange of information; data and analytics services; and Data as a Service for lenders to access data and origination information. Intercontinental Exchange, Inc. was founded in 2000 and is headquartered in Atlanta, Georgia.",0.0015527279249214,19.8,1.7,Low,Low Controversy Level,USA,United States,66.7646656881949,0.312019243435194,0.647312557199093,1,5,0.08585858585858586,-0.335293313763899,0.22942012594322875,0,0.06439985299789099,0.4421087602450484,0.0,0.3670520231213873,0.765553795034871,0.9006799674804609,0.42554386300095504,Medium,1
NMS,CME,CME Group Inc.,CME Group Inc.,Financial Services,Financial Data & Stock Exchanges,238.53,85957140480,4209900032.0,0.185,Chicago,IL,United States,3565.0,"CME Group Inc., together with its subsidiaries, operates contract markets for the trading of futures and options on futures contracts worldwide. It offers futures and options products based on interest rates, equity indexes, foreign exchange, agricultural commodities, energy, and metals, as well as fixed income and foreign currency trading services. The company also provides clearing house services, including clearing, settling, and guaranteeing futures and options contracts, and cleared swaps products traded through its exchanges; and trade processing and risk mitigation services. In addition, the company offers a range of market data services, including real-time and historical data services. It serves professional traders, financial institutions, institutional and individual investors, corporations, manufacturers, producers, governments, and central banks. The company was formerly known as Chicago Mercantile Exchange Holdings Inc. and changed its name to CME Group Inc. in July 2007. The company was founded in 1898 and is headquartered in Chicago, Illinois.",0.0015464776456592,17.8,2.1,Low,Low Controversy Level,USA,United States,66.7646656881949,0.312019243435194,0.647312557199093,1,5,0.11797752808988764,-0.335293313763899,0.20707994589631096,0,0.04897673431772122,0.4421087602450484,0.0,0.30924855491329484,0.765553795034871,0.9244661188078146,0.41058143767126265,Medium,1
NYQ,AMT,American Tower Corporation (REI,American Tower Corporation,Real Estate,REIT - Specialty,183.73,85855002624,6966099968.0,0.048,Boston,MA,United States,5643.0,"American Tower, one of the largest global REITs, is a leading independent owner, operator and developer of multitenant communications real estate with a portfolio of over 224,000 communications sites and a highly interconnected footprint of U.S. data center facilities.",0.0015446400564816,10.9,2.9,Low,Low Controversy Level,USA,United States,66.7646656881949,0.312019243435194,0.647312557199093,1,8,0.2660550458715596,-0.335293313763899,0.12695823966992698,0,0.08113796232128574,0.4421087602450484,0.0,0.10982658959537572,0.765553795034871,0.8748657849175036,0.3457948146868558,Low,0
NYQ,APH,Amphenol Corporation,Amphenol Corporation,Technology,Electronic Components,70.58,85091958784,3586299904.0,0.262,Wallingford,CT,United States,95000.0,"Amphenol Corporation, together with its subsidiaries, primarily designs, manufactures, and markets electrical, electronic, and fiber optic connectors in the United States, China, and internationally. It operates through three segments: Harsh Environment Solutions, Communications Solutions, and Interconnect and Sensor Systems. The company offers connectors and connector systems, including harsh environment data, power, high-speed, fiber optic, and radio frequency interconnect products; busbars and power distribution systems; and other connectors. It also provides value-add products, such as backplane interconnect systems, cable assemblies and harnesses, and cable management products; other products comprising flexible and rigid printed circuit boards, hinges, other mechanical, and production related products. In addition, the company offers consumer device, network infrastructure, and other antennas; coaxial, power, and specialty cables; and sensors and sensor-based products. It sells its products through its sales force, independent representatives, and a network of electronics distributors to original equipment manufacturers, electronic manufacturing services companies, original design manufacturers, and service providers in the automotive, broadband communication, commercial aerospace, industrial, information technology and data communication, military, mobile device, and mobile network markets. Amphenol Corporation was founded in 1932 and is headquartered in Wallingford, Connecticut.",0.00153091193297,19.6,7.3,Low,Moderate Controversy Level,USA,United States,66.7646656881949,0.312019243435194,0.647312557199093,1,9,0.3724489795918367,-0.335293313763899,0.23033903884799778,0,0.0421461669851034,0.4421087602450484,0.0,0.3612716763005781,0.765553795034871,0.9350004933136806,0.42724181153803426,Medium,1
NYQ,ELV,"Elevance Health, Inc.","Elevance Health, Inc.",Healthcare,Healthcare Plans,365.96,84874543104,11347999744.0,0.054,Indianapolis,IN,United States,104900.0,"Elevance Health, Inc., together with its subsidiaries, operates as a health benefits company in the United States. The company operates through four segments: Health Benefits, CarelonRx, Carelon Services, and Corporate & Other. It offers a variety of health plans and services to program members; health products; an array of fee-based administrative managed care services; and specialty and other insurance products and services, such as stop loss, dental, vision, life, disability, and supplemental health insurance benefits. The company operates in the pharmacy services business; and markets and offers pharmacy services, including pharmacy benefit management, as well as home delivery and specialty pharmacies, claims adjudication, formulary management, pharmacy networks, rebate administration, a prescription drug database, and member services. In addition, it provides healthcare-related services and capabilities, including utilization management, behavioral health, integrated care delivery, palliative care, payment integrity services, subrogation services, and health and wellness programs, as well as services related to data management, information technology, and business operations. Further, the company is involved in the National Government Services business. The company provides its services under the Anthem Blue Cross and Blue Shield, Wellpoint, and Carelon brand names. The company was formerly known as Anthem, Inc. and changed its name to Elevance Health, Inc. in June 2022. Elevance Health, Inc. was incorporated in 2001 and is headquartered in Indianapolis, Indiana.",0.0015270003499757,11.4,0.1,Low,Moderate Controversy Level,USA,United States,66.7646656881949,0.312019243435194,0.647312557199093,1,6,0.008771929824561403,-0.335293313763899,0.134315892411122,0,0.13370322041197755,0.4421087602450484,0.0,0.12427745664739887,0.765553795034871,0.7937975386415927,0.3420232501748717,Low,0
NYQ,TT,Trane Technologies plc,Trane Technologies plc,Industrials,Building Products & Equipment,377.11,84858798080,3691200000.0,0.114,Swords,,Ireland,40000.0,"Trane Technologies plc, together with its subsidiaries, designs, manufactures, sells, and services of solutions for heating, ventilation, air conditioning, custom, and custom and transport refrigeration in Ireland and internationally. It offers air conditioners, exchangers, and handlers; airside and terminal devices; air sourced heat pumps, auxiliary power units; chillers; coils and condensers; gensets; dehumidifiers; ductless; furnaces; home automation products; humidifiers; indoor air quality assessments and related products; large and light commercial unitary products; refrigerant reclamation products; thermostats/controls; transport heater products; variable refrigerant flow products; and water source heat pumps. The company also provides building management, telematic, control, energy efficiency and infrastructure program, geothermal, thermal energy, thermostats, rate chambers, package heating and cooling, temporary heating and cooling, and unitary systems; bus, rail, and multi-pipe heating, ventilation, and air conditioning systems; and container, diesel-powered, truck, industrial, rail, self-powered truck, trailer, and vehicle-powered truck refrigeration and air filtration systems, as well as aftermarket and OEM parts and supplies. In addition, it offers energy and facility management, installation and performance contracting, repair and maintenance, and rental services. It markets and sells its products under the Trane and Thermo King brands through sales offices, distributors, and dealers; and through sales and service companies with a supporting chain of distributors. The company was formerly known as Ingersoll-Rand Plc and changed its name to Trane Technologies plc in March 2020. Trane Technologies plc was founded in 1885 and is headquartered in Swords, Ireland.",0.0015267170770852,15.2,4.4,Low,Moderate Controversy Level,IRL,Ireland,64.2468917867885,0.315577264183443,0.600515099919212,1,7,0.2894736842105263,-0.28493783573576903,0.1791210851898976,1,0.04349814142453619,0.46799769474501884,1.0,0.23410404624277453,1.0,0.9329154241863575,0.6305221799777229,Critical,3
NYQ,MCO,Moody's Corporation,Moody's Corporation,Financial Services,Financial Data & Stock Exchanges,466.35,84517085184,3313999872.0,0.232,New York,NY,United States,15776.0,"Moody's Corporation operates as an integrated risk assessment firm worldwide. It operates in two segments, Moody's Analytics and Moody's Investors Services. The Moody's Analytics segment develops a range of products and services that support the risk management activities of institutional participants in financial markets. It also offers credit research, credit models and analytics, economics data and models, and structured finance solutions; data sets on companies and securities; and SaaS solutions supporting banking, insurance, and know your customer workflows. The Moody's Investors Service segment publishes credit ratings and provides assessment services on various debt obligations, programs and facilities, and entities that issue such obligations, such as various corporate, financial institution, and governmental obligations, as well as structured finance securities. The company was formerly known as Dun and Bradstreet Company and changed its name to Moody's Corporation in September 2000. Moody's Corporation was founded in 1900 and is headquartered in New York, New York.",0.0015205692300076,15.8,1.6,Low,Moderate Controversy Level,USA,United States,66.7646656881949,0.312019243435194,0.647312557199093,1,5,0.10126582278481013,-0.335293313763899,0.18694444993698284,0,0.0392110052634349,0.4421087602450484,0.0,0.2514450867052023,0.765553795034871,0.9395272172746153,0.394746507055515,Medium,1
NYQ,CMG,"Chipotle Mexican Grill, Inc.","Chipotle Mexican Grill, Inc.",Consumer Cyclical,Restaurants,61.87,84303437824,2233638912.0,0.13,Newport Beach,CA,United States,125000.0,"Chipotle Mexican Grill, Inc., together with its subsidiaries, owns and operates Chipotle Mexican Grill restaurants. It sells food and beverages through offering burritos, burrito bowls, quesadillas, tacos, and salads. The company also provides delivery and related services its app and website. It has operations in the United States, Canada, France, Germany, Dubai, and the United Kingdom. Chipotle Mexican Grill, Inc. was founded in 1993 and is headquartered in Newport Beach, California.",0.001516725443855,20.7,6.8,Medium,Moderate Controversy Level,USA,United States,66.7646656881949,0.312019243435194,0.647312557199093,2,2,0.3285024154589372,-0.335293313763899,0.2455415880336377,0,0.02649522925343994,0.4421087602450484,0.0,0.3930635838150289,0.765553795034871,0.9591379963064438,0.4391931340916458,Medium,1
NMS,INTC,Intel Corporation,Intel Corporation,Technology,Semiconductors,19.52,84189757440,10439000064.0,-0.062,Santa Clara,CA,United States,124100.0,"Intel Corporation designs, develops, manufactures, markets, and sells computing and related products and services worldwide. It operates through Client Computing Group, Data Center and AI, Network and Edge, Mobileye, and Intel Foundry Services segments. The company's products portfolio comprises central processing units and chipsets, system-on-chips (SoCs), and multichip packages; mobile and desktop processors; hardware products comprising graphics processing units (GPUs), domain-specific accelerators, and field programmable gate arrays (FPGAs); and memory and storage, connectivity and networking, and other semiconductor products. It also offers silicon devices and software products; and optimization solutions for workloads, such as AI, cryptography, security, storage, networking, and leverages various features supporting diverse compute environments. In addition, the company develops and deploys advanced driver assistance systems (ADAS), and autonomous driving technologies and solutions; and provides advanced process technologies backed by an ecosystem of IP, EDA, and design services, as well as systems of chips, including advanced packaging technologies, software and accelerate bring-up, and integration of chips and driving standards. Further, it delivers and deploys intelligent edge platforms that allow developers to achieve agility and drive automation using AI for efficient operations with data integrity, as well as provides hardware and software platforms, tools, and ecosystem partnerships for digital transformation from the cloud to edge. The company serves original equipment manufacturers, original design manufacturers, cloud service providers, and other manufacturers and service providers. It has a strategic agreement with Synopsys, Inc. to develop EDA and IP solutions; and ARM that enables chip designers to build optimized compute SoCs on the Intel 18A process. Intel Corporation was incorporated in 1968 and is headquartered in Santa Clara, California.",0.0015146801900038,18.9,4.9,Low,Significant Controversy Level,USA,United States,66.7646656881949,0.312019243435194,0.647312557199093,1,9,0.2592592592592593,-0.335293313763899,0.22449286676552752,0,0.12399370637740134,0.4421087602450484,0.0,0.34104046242774566,0.765553795034871,0.8087719400535744,0.4085495920501738,Medium,1
NMS,KLAC,KLA Corporation,KLA Corporation,Technology,Semiconductor Equipment & Materials,629.37,84184530944,4249192960.0,0.185,Milpitas,CA,United States,15000.0,"KLA Corporation, together with its subsidiaries, engages in the design, manufacture, and marketing of process control, process-enabling, and yield management solutions for the semiconductor and related electronics industries worldwide. It operates through three segments: Semiconductor Process Control; Specialty Semiconductor Process; and PCB and Component Inspection. The company offers inspection and review tools to identify, locate, characterize, review, and analyze defects on various surfaces of patterned and unpatterned wafers; metrology systems that are used to measure pattern dimensions, film thickness, film stress, layer-to-layer alignment, pattern placement, surface topography, and electro-optical properties for wafers; chemical process control equipment; wired and wireless sensor wafers and reticles; wafer defect inspection, review, and metrology systems; reticle inspection and metrology systems; and semiconductor software solutions that provide run-time process control, defect excursion identification, process corrections, and defect classification to accelerate yield learning rates and reduce production risk. It also provides etch, plasma dicing, deposition, and other wafer processing technologies and solutions for the semiconductor and microelectronics industry. In addition, the company offers direct imaging, inspection, optical shaping, inkjet and additive printing, UV laser drilling, and computer-aided manufacturing and engineering solutions for the PCB market; inspection and electrical testing systems to identify and classify defects, as well as systems to repair defects for the display market; and inspection and metrology systems for quality control and yield improvement in advanced and traditional semiconductor packaging markets. The company was formerly known as KLA-Tencor Corporation and changed its name to KLA Corporation in July 2019. KLA Corporation was incorporated in 1975 and is headquartered in Milpitas, California.",0.0015145861587321,17.2,7.4,Low,None Controversy Level,USA,United States,66.7646656881949,0.312019243435194,0.647312557199093,1,9,0.4302325581395349,-0.335293313763899,0.20431307043144933,0,0.05047474770426156,0.4421087602450484,0.0,0.29190751445086704,0.765553795034871,0.922155822567375,0.4051480959084903,Medium,1
NYQ,DUK,Duke Energy Corporation (Holdin,Duke Energy Corporation,Utilities,Utilities - Regulated Electric,108.28,83644350464,14106000384.0,0.02,Charlotte,NC,United States,27037.0,"Duke Energy Corporation, together with its subsidiaries, operates as an energy company in the United States. It operates through two segments: Electric Utilities and Infrastructure (EU&I), and Gas Utilities and Infrastructure (GU&I). The EU&I segment generates, transmits, distributes, and sells electricity in the Carolinas, Florida, and the Midwest. It generates electricity through coal, hydroelectric, natural gas, oil, solar and wind sources, renewables, and nuclear fuel. This segment also engages in the wholesale of electricity to municipalities, electric cooperative utilities, and load-serving entities. The GU&I segment distributes natural gas to residential, commercial, industrial, and power generation natural gas customers; and invests in pipeline transmission projects, renewable natural gas projects, and natural gas storage facilities. The company was formerly known as Duke Energy Holding Corp. and changed its name to Duke Energy Corporation in April 2006. Duke Energy Corporation was founded in 1904 and is headquartered in Charlotte, North Carolina.",0.0015048676288662,27.0,11.5,Medium,Moderate Controversy Level,USA,United States,66.7646656881949,0.312019243435194,0.647312557199093,2,10,0.42592592592592593,-0.335293313763899,0.322795261726859,1,0.16864259577305382,0.4421087602450484,1.0,0.5751445086705202,0.765553795034871,0.7399126346312044,0.6718948753807693,Critical,3
NYQ,PH,Parker-Hannifin Corporation,Parker-Hannifin Corporation,Industrials,Specialty Industrial Machinery,647.2,83307585536,4962157056.0,0.012,Cleveland,OH,United States,61120.0,"Parker-Hannifin Corporation manufactures and sells motion and control technologies and systems for various mobile, industrial, and aerospace markets worldwide. The company operates through two segments: Diversified Industrial and Aerospace Systems. The Diversified Industrial segment offers various motion-control systems and components, such as active and passive vibration control, high purity sealing, coatings, high temperature sealing, cryogenic valves and fittings, HVAC/R controls and monitoring, elastomeric, fabric reinforced, metal, precision cut seals, hydrogen and natural gas filters, electric and hydraulic pumps and motors, industrial air, gas filtration, electric and hydraulic valves, miniature pumps and valves, electromagnetic interface shielding, pneumatic actuators, regulators and valves, electromechanical and hydraulic actuators, power take offs, electronics, drives and controllers, process filtration solutions, engine filtration solutions, rubber to substrate adhesives, fluid condition monitoring, sensors and diagnostics, fluid conveyance hose and tubing, structural adhesives, high pressure connectors, fittings, valves and regulators, thermal management, high purity fittings. The Aerospace Systems segment offers products for use in commercial and defense airframe and engine programs, such as avionics, electric & hydraulic braking systems, electric power, electromechanical actuators, engine exhaust systems and components, fire detection and suppression, flight control systems, fluid conveyance, fuel systems & components, fuel tank inerting systems, hydraulic pumps & motors, hydraulic valves & actuators, pneumatics, seals, sensors, and thermal management products. The company sells its products to original equipment manufacturers, distributors, direct-sales employees, and sales representatives. Parker-Hannifin Corporation was founded in 1917 and is headquartered in Cleveland, Ohio.",0.0014988088019894,29.5,9.5,Medium,Moderate Controversy Level,USA,United States,66.7646656881949,0.312019243435194,0.647312557199093,2,7,0.3220338983050847,-0.335293313763899,0.3541094104480085,1,0.059564288462731714,0.4421087602450484,1.0,0.6473988439306358,0.765553795034871,0.90813756877185,0.7103936693728685,Critical,3
NMS,CDNS,"Cadence Design Systems, Inc.","Cadence Design Systems, Inc.",Technology,Software - Application,301.47,82682068992,1450493056.0,0.188,San Jose,CA,United States,12703.0,"Cadence Design Systems, Inc. provides software, hardware, services, and reusable integrated circuit (IC) design blocks worldwide. The company offers functional verification services, including emulation and prototyping hardware. Its functional verification offering consists of JasperGold, a formal verification platform; Xcelium, a parallel logic simulation platform; Palladium, an enterprise emulation platform; and Protium, a prototyping platform for chip verification. The company also provides digital IC design and sign off products, including Genus synthesis and Joules RTL power solutions, as well as Modus DFT software solution to reduce systems-on-chip design-for-test time; physical implementation tools, such as place and route, optimization, and multiple patterning preparation; and Innovus implementation system, a physical implementation system. In addition, it offers custom IC design and simulation products to create schematic and physical representations of circuits down to the transistor level for analog, mixed-signal, custom digital, memory, and radio frequency designs; and system design and analysis products to develop printed circuit boards and IC packages, as well as to analyze electromagnetic, electro-thermal, and other multi-physics effects. Further, the company provides intellectual property (IP) products comprising pre-verified and customizable functional blocks to integrate into customer's ICs; and verification IP with memory models to emulate and model the expected behavior and interaction of standard industry system interface protocols. Additionally, it offers services related to methodology, education, and hosted design solutions, as well as technical support and maintenance services. The company serves consumer, hyperscale computing, 5G communications, mobile, automotive, aerospace and defense, industrial, and life science industries. Cadence Design Systems, Inc. was incorporated in 1987 and is headquartered in San Jose, California.",0.001487554968429,12.0,2.3,Low,None Controversy Level,USA,United States,66.7646656881949,0.312019243435194,0.647312557199093,1,9,0.19166666666666665,-0.335293313763899,0.145134249134006,0,0.01754301837972081,0.4421087602450484,0.0,0.1416184971098266,0.765553795034871,0.972944454453618,0.36514025389480254,Low,0
NYQ,WM,"Waste Management, Inc.","Waste Management, Inc.",Industrials,Waste Management,205.83,82613166080,6381000192.0,0.079,Houston,TX,United States,48000.0,"Waste Management, Inc., through its subsidiaries, engages in the provision of environmental solutions to residential, commercial, industrial, and municipal customers in the United States and Canada. It offers collection services, including picking up and transporting waste and recyclable materials from where it was generated to a transfer station, material recovery facility (MRF), or disposal site; and owns and operates transfer stations, as well as owns, develops, and operates landfill facilities that produce landfill gas used as renewable natural gas for generating electricity. As of December 31, 2022, the company owned or operated 254 solid waste landfills, five secure hazardous waste landfills, 97 MRFs, and 337 transfer stations. It also provides materials processing and commodities recycling services at its MRFs, where cardboard, paper, glass, metals, plastics, construction and demolition materials, and other recycling commodities are recovered for resale or redirected for other purposes; recycling brokerage services, such as managing the marketing of recyclable materials for third parties; and other strategic business solutions. In addition, the company offers construction and remediation services; services related with the disposal of fly ash, and residue generated from the combustion of coal and other fuel stocks; in-plant services comprising full-service waste management solutions and consulting services; and specialized disposal services for oil and gas exploration and production operations. The company was formerly known as USA Waste Services, Inc. and changed its name to Waste Management, Inc. in 1998. Waste Management, Inc. was incorporated in 1987 and is headquartered in Houston, Texas.",0.0014863153179179,16.6,8.1,Low,Moderate Controversy Level,USA,United States,66.7646656881949,0.312019243435194,0.647312557199093,1,7,0.4879518072289156,-0.335293313763899,0.2009364946009342,1,0.07723950666435953,0.4421087602450484,1.0,0.27456647398843936,0.765553795034871,0.8808781393654954,0.5958180154495741,High,2
NMS,MDLZ,"Mondelez International, Inc.","Mondelez International, Inc.",Consumer Defensive,Confectioners,59.39,79415713792,7414000128.0,0.019,Chicago,IL,United States,91000.0,"Mondelez International, Inc., through its subsidiaries, manufactures, markets, and sells snack food and beverage products in the Latin America, North America, Asia, the Middle East, Africa, and Europe. It provides biscuits and baked snacks, including cookies, crackers, salted snacks, snack bars, and cakes and pastries; chocolates; and gums and candies, as well as various cheese and grocery, and powdered beverage products. The company's brand portfolio includes Oreo, Ritz, LU, CLIF Bar, and Tate's Bake Shop biscuits and baked snacks, as well as Cadbury Dairy Milk, Milka, and Toblerone chocolate. It serves supermarket chains, wholesalers, supercenters, club stores, mass merchandisers, distributors, convenience stores, gasoline stations, drug stores, value stores, and other retail food outlets through direct store delivery, company-owned and satellite warehouses, distribution centers, third party distributors, and other facilities, as well as through independent sales offices and agents. The company also sells products directly to businesses and consumers through e-retail platforms, retailer digital platforms, as well as through its direct-to-consumer websites and social media platforms. Mondelez International, Inc. was formerly known as Kraft Foods Inc. and changed its name to Mondelez International, Inc. in October 2012. The company was incorporated in 2000 and is headquartered in Chicago, Illinois.",0.0014287891082413,22.0,7.2,Medium,Significant Controversy Level,USA,United States,66.7646656881949,0.312019243435194,0.647312557199093,2,3,0.32727272727272727,-0.335293313763899,0.277023260882863,0,0.09335684052929655,0.4421087602450484,0.0,0.43063583815028905,0.765553795034871,0.8560213415767453,0.440153144919254,Medium,1
NMS,MAR,Marriott International,"Marriott International, Inc.",Consumer Cyclical,Lodging,283.96,78910488576,4112999936.0,0.066,Bethesda,MD,United States,411000.0,"Marriott International, Inc. engages in operating, franchising, and licensing hotel, residential, timeshare, and other lodging properties worldwide. It operates its properties under the JW Marriott, The Ritz-Carlton, The Luxury Collection, W Hotels, St. Regis, EDITION, Bvlgari, Marriott Hotels, Sheraton, Westin, Autograph Collection, Renaissance Hotels, Le Méridien, Delta Hotels by Marriott, Tribute Portfolio, Gaylord Hotels, Design Hotels, Marriott Executive Apartments, Apartments by Marriott Bonvoy, Courtyard by Marriott, Marriott BonvoyÂ, Fairfield by Marriott, Residence Inn by Marriott, SpringHill Suites by Marriott, Four Points by Sheraton, TownePlace Suites by Marriott, Aloft Hotels, AC Hotels by Marriott, Moxy Hotels, Element Hotels, Protea Hotels by Marriott, City Express by Marriott, and St. Regis Longboat Key brand names, as well as operates residences, timeshares, and yachts. The company was founded in 1927 and is headquartered in Bethesda, Maryland.",0.001419699467774,21.4,8.6,Medium,Significant Controversy Level,USA,United States,66.7646656881949,0.312019243435194,0.647312557199093,2,2,0.40186915887850466,-0.335293313763899,0.2711933532053765,0,0.05212234786809996,0.4421087602450484,0.0,0.41329479768786126,0.765553795034871,0.9196148276080078,0.4413101813836519,High,2
NYQ,MSI,"Motorola Solutions, Inc.","Motorola Solutions, Inc.",Technology,Communication Equipment,469.94,78536843264,3152000000.0,0.092,Chicago,IL,United States,21000.0,"Motorola Solutions, Inc. provides public safety and enterprise security solutions in the United States, the United Kingdom, Canada, and internationally. The company operates in two segments, Products and Systems Integration, and Software and Services. The Products and Systems Integration segment offers a portfolio of infrastructure, devices, accessories, and video security devices and infrastructure, as well as the implementation and integration of systems, devices, software, and applications for government, public safety, and commercial customers who operate private communications networks and video security solutions, as well as manage a mobile workforce. Its land mobile radio communications, and video security and access control devices include two-way portable and vehicle-mounted radios, fixed video cameras, and accessories; communications network core and central processing software, base stations, consoles, and repeaters; and video analytics, network video management hardware and software, and access control solutions. The Software and Services segment provides public safety and enterprise command center, unified communications applications, mobile video equipment, and video software solutions; repair, technical support, and maintenance services; and monitoring, software updates, and cybersecurity services to government, public safety, and commercial communications networks. It serves hospitality; manufacturing; military and defence; public safety; mining; oil and gas; transportation and logistics; utilities industries. The company was formerly known as Motorola, Inc. and changed its name to Motorola Solutions, Inc. in January 2011. Motorola Solutions, Inc. was founded in 1928 and is headquartered in Chicago, Illinois.",0.0014129771161556,13.1,2.3,Low,Low Controversy Level,USA,United States,66.7646656881949,0.312019243435194,0.647312557199093,1,9,0.17557251908396945,-0.335293313763899,0.16680069449652588,0,0.040134029698706074,0.4421087602450484,0.0,0.17341040462427748,0.765553795034871,0.9381036920232384,0.3711937499060998,Low,0
NYQ,WELL,Welltower Inc.,Welltower Inc.,Real Estate,REIT - Healthcare Facilities,124.64,77612081152,2930661888.0,0.288,Toledo,OH,United States,533.0,"Welltower Inc. (NYSE:WELL), a real estate investment trust (""REIT"") and S&P 500 company headquartered in Toledo, Ohio, is driving the transformation of health care infrastructure. Welltower invests with leading seniors housing operators, post-acute providers and health systems to fund the real estate infrastructure needed to scale innovative care delivery models and improve people's wellness and overall health care experience. Welltower owns interests in properties concentrated in major, high-growth markets in the United States, Canada and the United Kingdom, consisting of seniors housing and post-acute communities and outpatient medical properties.",0.0013963394764462,13.2,4.2,Low,Low Controversy Level,USA,United States,66.7646656881949,0.312019243435194,0.647312557199093,1,8,0.31818181818181823,-0.335293313763899,0.17007661441455685,0,0.03776038272006161,0.4421087602450484,0.0,0.17630057803468208,0.765553795034871,0.9417644254587105,0.3724268752727684,Low,0
NMS,REGN,"Regeneron Pharmaceuticals, Inc.","Regeneron Pharmaceuticals, Inc.",Healthcare,Biotechnology,701.85,77126295552,4598000128.0,0.106,Tarrytown,NY,United States,14165.0,"Regeneron Pharmaceuticals, Inc. discovers, invents, develops, manufactures, and commercializes medicines for treating various diseases worldwide. The company's products include EYLEA injection to treat wet age-related macular degeneration and diabetic macular edema; myopic choroidal neovascularization; diabetic retinopathy; neovascular glaucoma; and retinopathy of prematurity. It also provides Dupixent injection to treat atopic dermatitis and asthma in adults and pediatrics; Libtayo injection to treat metastatic or locally advanced cutaneous squamous cell carcinoma; Praluent injection for heterozygous familial hypercholesterolemia or clinical atherosclerotic cardiovascular disease in adults; REGEN-COV for covid-19; and Kevzara solution for treating rheumatoid arthritis in adults. In addition, the company offers Inmazeb injection for infection caused by Zaire ebolavirus; ARCALYST injection for cryopyrin-associated periodic syndromes, including familial cold auto-inflammatory syndrome and muckle-wells syndrome; and ZALTRAP injection for intravenous infusion to treat metastatic colorectal cancer; and develops product candidates for treating patients with eye, allergic and inflammatory, cardiovascular and metabolic, infectious, and rare diseases; and cancer, pain, and hematologic conditions. It has collaboration with Mammoth Biosciences, Inc. to research, develop and commercialize in vivo CRISPR-based gene editing therapies for multiple tissues and cell types; and with Sonoma Biotherapeutics, Inc. to discover, develop, and commercialize engineered regulatory T cell therapies. The company was incorporated in 1988 and is headquartered in Tarrytown, New York.",0.001387599579251,18.0,0.3,Low,Moderate Controversy Level,USA,United States,66.7646656881949,0.312019243435194,0.647312557199093,1,6,0.016666666666666666,-0.335293313763899,0.2333834377908642,0,0.05961650426863743,0.4421087602450484,0.0,0.315028901734104,0.765553795034871,0.9080570394647295,0.4106746337831969,Medium,1
NYQ,CI,The Cigna Group,The Cigna Group,Healthcare,Healthcare Plans,276.92,77026131968,8554999808.0,0.28,Bloomfield,CT,United States,70325.0,"The Cigna Group, together with its subsidiaries, provides insurance and related products and services in the United States. Its Evernorth Health Services segment provides a range of coordinated and point solution health services, including pharmacy benefits, home delivery pharmacy, specialty pharmacy, distribution, and care delivery and management solutions to health plans, employers, government organizations, and health care providers. The company's Cigna Healthcare segment offers medical, pharmacy, behavioral health, dental, and other products and services for insured and self-insured customers; Medicare Advantage, Medicare Supplement, and Medicare Part D plans for seniors, as well as individual health insurance plans; and health care coverage in its international markets, as well as health care benefits for mobile individuals and employees of multinational organizations. In addition, it offers permanent insurance contracts sold to corporations to provide coverage on the lives of certain employees for financing employer-paid future benefit obligations. The company distributes its products and services through insurance brokers and consultants; directly to employers, unions and other groups, or individuals; and private and public exchanges. The company was formerly known as Cigna Corporation and changed its name to The Cigna Group in February 2023. The Cigna Group was founded in 1792 and is headquartered in Bloomfield, Connecticut.",0.0013857975097231,11.6,0.0,Low,Moderate Controversy Level,USA,United States,66.7646656881949,0.312019243435194,0.647312557199093,1,6,0.0,-0.335293313763899,0.15059824118935564,0,0.11106620038448924,0.4421087602450484,0.0,0.1300578034682081,0.765553795034871,0.8287092575448832,0.3472485261114435,Low,0
NYQ,HCA,"HCA Healthcare, Inc.","HCA Healthcare, Inc.",Healthcare,Medical Care Facilities,303.62,76906029056,13747000320.0,0.079,Nashville,TN,United States,220000.0,"HCA Healthcare, Inc., through its subsidiaries, owns and operates hospitals and related healthcare entities in the United States. It operates general and acute care hospitals that offers medical and surgical services, including inpatient care, intensive care, cardiac care, diagnostic, and emergency services; and outpatient services, such as outpatient surgery, laboratory, radiology, respiratory therapy, cardiology, and physical therapy. The company also operates outpatient health care facilities consisting of freestanding ambulatory surgery centers, freestanding emergency care facilities, urgent care facilities, walk-in clinics, diagnostic and imaging centers, rehabilitation and physical therapy centers, radiation and oncology therapy centers, physician practices, and various other facilities. In addition, it operates behavioral hospitals, which provide therapeutic programs comprising child, adolescent and adult psychiatric care, adolescent and adult alcohol, drug abuse treatment, and counseling services. The company was formerly known as HCA Holdings, Inc. HCA Healthcare, Inc. was founded in 1968 and is headquartered in Nashville, Tennessee.",0.0013836367064722,28.8,3.9,Medium,Significant Controversy Level,USA,United States,66.7646656881949,0.312019243435194,0.647312557199093,2,6,0.13541666666666666,-0.335293313763899,0.37448299377190514,0,0.17875061927836589,0.4421087602450484,0.0,0.6271676300578035,0.765553795034871,0.7243236359530748,0.48594291192914124,High,2
NYQ,PNC,"PNC Financial Services Group, I","The PNC Financial Services Group, Inc.",Financial Services,Banks - Regional,192.76,76483887104,3343453568.0,0.017,Pittsburgh,PA,United States,53749.0,"The PNC Financial Services Group, Inc. operates as a diversified financial services company in the United States. It operates through three segments: Retail Banking, Corporate & Institutional Banking, and Asset Management Group segments. The company's Retail Banking segment offers checking, savings, and money market accounts, as well as time deposit; residential mortgages, home equity loans and lines of credit, auto loans, credit cards, education loans, and personal and small business loans and lines of credit; and brokerage, insurance, and investment and cash management services. This segment serves consumer and small business customers through a network of branches, digital channels, ATMs, and through phone-based customer contact centers. Its Corporate & Institutional Banking segment provides secured and unsecured loans, letters of credit, and equipment leases; cash and investment management services, receivables and disbursement management services, funds transfer services, international payment services, and access to online/mobile information management and reporting; securities underwriting, loan syndications, customer-related trading, and mergers and acquisitions and equity capital markets advisory related services; and commercial loan servicing and technology solutions. It serves mid-sized and large corporations, and government and not-for-profit entities. The company's Asset Management Group segment offers investment and retirement planning, customized investment management, credit and cash management solutions, and trust management and administration services for high net worth and ultra high net worth individuals, and their families; and multi-generational family planning services for ultra high net worth individuals and their families. It also provides outsourced chief investment officer, custody, private real estate, cash and fixed income client solutions, and retirement plan fiduciary investment services for institutional clients. The company was founded in 1852 and is headquartered in Pittsburgh, Pennsylvania.",0.0013760418389788,26.1,1.9,Medium,Significant Controversy Level,USA,United States,66.7646656881949,0.312019243435194,0.647312557199093,2,5,0.07279693486590037,-0.335293313763899,0.34124834639366813,0,0.04371448280934903,0.4421087602450484,0.0,0.5491329479768786,0.765553795034871,0.9325817738381861,0.48335832109337495,High,2
NYQ,ITW,Illinois Tool Works Inc.,Illinois Tool Works Inc.,Industrials,Specialty Industrial Machinery,258.82,76429549568,4652000256.0,-0.016,Glenview,IL,United States,45000.0,"Illinois Tool Works Inc. manufactures and sells industrial products and equipment in the United States and internationally. It operates through seven segments: Automotive OEM; Food Equipment; Test & Measurement and Electronics; Welding; Polymers & Fluids; Construction Products; and Specialty Products. The Automotive OEM segment offers plastic and metal components, fasteners, and assemblies for automobiles, light trucks, and other industrial uses. The Food Equipment segment provides warewashing, refrigeration, cooking, and food processing equipment; kitchen exhaust, ventilation, and pollution control systems; and food equipment maintenance and repair services. The Test & Measurement and Electronics segment produces and sells equipment, consumables, and related software for testing and measuring of materials and structures, as well as equipment and consumables used in the production of electronic subassemblies and microelectronics. The Welding segment produces arc welding equipment; and metal arc welding consumables and related accessories. The Polymers & Fluids segment produces adhesives, sealants, lubrication and cutting fluids, and fluids and polymers for auto aftermarket maintenance and appearance. The Construction Products segment offers engineered fastening systems and solutions for the residential construction, renovation/remodel, and commercial construction markets. The Specialty Products segment provides beverage packaging equipment and consumables, product coding and marking equipment and consumables, and appliance components and fasteners. It serves the automotive OEM and tiers, MRO, commercial food equipment, construction, general industrial, industrial capital goods, consumer durables, automotive aftermarket end, and other markets. The company distributes its products directly to industrial manufacturers, as well as through independent distributors. Illinois Tool Works Inc. was founded in 1912 and is based in Glenview, Illinois.",0.0013750642379991,25.3,7.0,Medium,Moderate Controversy Level,USA,United States,66.7646656881949,0.312019243435194,0.647312557199093,2,7,0.2766798418972332,-0.335293313763899,0.33102380091211164,1,0.06086651409427812,0.4421087602450484,1.0,0.5260115606936416,0.765553795034871,0.9061292242484984,0.6737766499494351,Critical,3
NMS,SNPS,"Synopsys, Inc.","Synopsys, Inc.",Technology,Software - Infrastructure,492.18,76080201728,1652390016.0,0.127,Sunnyvale,CA,United States,20300.0,"Synopsys, Inc. provides electronic design automation software products used to design and test integrated circuits. It operates in three segments: Design Automation, Design IP, and Software Integrity. The company offers Digital and Custom IC Design solution that provides digital design implementation solutions; Verification solution that offers virtual prototyping, static and formal verification, simulation, emulation, field programmable gate array (FPGA)-based prototyping, and debug solutions; and FPGA design products that are programmed to perform specific functions. It also provides intellectual property (IP) solutions for USB, PCI Express, DDR, Ethernet, MIPI, HDMI, and Bluetooth low energy applications; logic libraries and embedded memories; processor cores, software, and application-specific instruction-set processor tools for embedded applications; security IP solutions; IP solutions for automotive market; and system-on-chip (SoC) infrastructure IP, datapath and building block IP, and verification IP products, as well as mathematical and floating-point components, and Arm AMBA interconnect fabric and peripherals. In addition, the company offers HAPS FPGA-based prototyping systems; virtual prototyping solutions; and Platform Architect solutions for SoC architecture analysis and optimization, as well as optical products, and mechatronic simulations. Further, it provides security and quality testing products, managed services, programs and professional services, and training that enable its customers to detect and remediate security vulnerabilities, and defects in the software development lifecycle, as well as manufacturing solutions. Additionally, the company provides intelligent orchestration solution, software risk manager, and black duck software composition analysis tools. It serves electronics, financial services, automotive, medicine, energy, and industrial areas. The company was incorporated in 1986 and is headquartered in Sunnyvale, California.",0.0013687790286249,14.4,3.3,Low,None Controversy Level,USA,United States,66.7646656881949,0.312019243435194,0.647312557199093,1,9,0.22916666666666666,-0.335293313763899,0.18927394608498163,0,0.021719054083315693,0.4421087602450484,0.0,0.2109826589595376,0.765553795034871,0.9665040049405208,0.3853054574984061,Low,0
NMS,CTAS,Cintas Corporation,Cintas Corporation,Industrials,Specialty Business Services,186.94,75429543936,2450383872.0,0.068,Cincinnati,OH,United States,46500.0,"Cintas Corporation engages in the provision of corporate identity uniforms and related business services primarily in the United States, Canada, and Latin America. It operates through Uniform Rental and Facility Services, First Aid and Safety Services, and All Other segments. The company rents and services uniforms and other garments, including flame resistant clothing, mats, mops and shop towels, and other ancillary items; and provides restroom cleaning services and supplies, as well as sells uniforms. In addition, the company offers first aid and safety services, and fire protection products and services. It provides its products and services through its distribution network and local delivery routes, or local representatives to small service and manufacturing companies, as well as major corporations. The company was founded in 1968 and is based in Cincinnati, Ohio. Cintas Corporation was formerly a subsidiary of Cintas Corporation.",0.0013570728722232,18.1,3.0,Low,Moderate Controversy Level,USA,United States,66.7646656881949,0.312019243435194,0.647312557199093,1,7,0.16574585635359115,-0.335293313763899,0.23995902739856653,1,0.03248573097669909,0.4421087602450484,1.0,0.3179190751445087,0.765553795034871,0.9498992046281158,0.615725902322657,Critical,3
NYQ,CL,Colgate-Palmolive Company,Colgate-Palmolive Company,Consumer Defensive,Household & Personal Products,92.03,75189518336,4894000128.0,0.024,New York,NY,United States,34000.0,"Colgate-Palmolive Company, together with its subsidiaries, manufactures and sells consumer products in the United States and internationally. It operates through two segments: Oral, Personal and Home Care; and Pet Nutrition. The Oral, Personal and Home Care segment offers toothpaste, toothbrushes, mouthwash, bar and liquid hand soaps, shower gels, shampoos, conditioners, deodorants and antiperspirants, skin health products, dishwashing detergents, fabric conditioners, household cleaners, and other related items. This segment markets and sells its products under various brands, which include Colgate, Darlie, elmex, hello, meridol, Sorriso, Tom's of Maine, Irish Spring, Palmolive, Protex, Sanex, Softsoap, Lady Speed Stick, Speed Stick, EltaMD, Filorga, PCA SKIN, Ajax, Axion, Fabuloso, Murphy, Suavitel, and Soupline to a range of traditional and eCommerce retailers, wholesalers, and distributors. It includes pharmaceutical products for dentists and other oral health professionals. Its Pet Nutrition segment offers pet nutrition products for everyday nutritional needs under the Hill's Science Diet brand; and a range of therapeutic pet products to help nutritionally support dogs and cats in different stages of health under the Hill's Prescription Diet brand. This segment markets and sells its products through pet supply retailers, veterinarians, and eCommerce retailers. Colgate-Palmolive Company was founded in 1806 and is headquartered in New York, New York.",0.0013527545081791,26.2,8.3,Medium,Moderate Controversy Level,USA,United States,66.7646656881949,0.312019243435194,0.647312557199093,2,3,0.316793893129771,-0.335293313763899,0.34845282400825933,0,0.06508886127093065,0.4421087602450484,0.0,0.5520231213872833,0.765553795034871,0.8996173513268685,0.48092893086536453,High,2
NYQ,USB,U.S. Bancorp,U.S. Bancorp,Financial Services,Banks - Regional,47.92,74756628480,3343453568.0,-0.032,Minneapolis,MN,United States,70000.0,"U.S. Bancorp, a financial services holding company, provides various financial services to individuals, businesses, institutional organizations, governmental entities, and other financial institutions in the United States. It operates through Wealth, Corporate, Commercial and Institutional Banking; Consumer and Business Banking; Payment Services; and Treasury and Corporate Support segments. The company offers depository services, including checking accounts, savings accounts, and time certificate contracts; and lending services, such as traditional credit products and credit card services, lease financing and import/export trade, asset-backed lending, agricultural finance, and other products. It also provides ancillary services comprising capital markets, treasury management, and receivable lock-box collection services to corporate and governmental entity customers. In addition, the company offers asset management and fiduciary services for individuals, estates, foundations, business corporations, and charitable organizations. Further, it provides investment and insurance products to its customers principally within its domestic markets, as well as fund administration services to mutual and other funds. Additionally, the company provides corporate and purchasing card, and corporate trust services. Furthermore, it offers trust and investment management, merchant and ATM processing, mortgage banking, insurance, and brokerage and leasing services. U.S. Bancorp was founded in 1863 and is headquartered in Minneapolis, Minnesota.",0.0013449662723025,30.3,1.8,High,Significant Controversy Level,USA,United States,66.7646656881949,0.312019243435194,0.647312557199093,3,5,0.0594059405940594,-0.335293313763899,0.4053152291118413,0,0.04472450986596446,0.4421087602450484,0.0,0.6705202312138728,0.765553795034871,0.9310240696597007,0.5196187356466246,High,2
NMS,FTNT,"Fortinet, Inc.","Fortinet, Inc.",Technology,Software - Infrastructure,97.19,74491568128,1727900032.0,0.13,Sunnyvale,CA,United States,13986.0,"Fortinet, Inc. provides cybersecurity and convergence of networking and security solutions worldwide. It offers secure networking solutions focus on the convergence of networking and security; network firewall solutions that consist of FortiGate data centers, hyperscale, and distributed firewalls, as well as encrypted applications; wireless LAN solutions; and secure connectivity solutions, including FortiSwitch secure ethernet switches, FortiAP wireless local area network access points, FortiExtender 5G connectivity gateways, and other products. The company also provides the Fortinet Unified SASE solutions that include firewall, SD-WAN, Secure web gateway, cloud access services broker, data loss prevention, zero trust network access, and cloud security, including web application firewalls, virtualized firewalls, and cloud-native firewalls. In addition, it offers security operations solutions comprising FortiAI generative AI assistant, FortiSIEM security information and event management, FortiSOAR security orchestration, automation and response, FortiEDR endpoint detection and response, FortiXDR extended detection and response, FortiMDR managed detection and response service, FortiNDR network detection and response, FortiRecon digital risk protection, FortiDeceptor deception technology, FortiGuard SoCaaS, FortiSandbox sandboxing, FortiGuard incident response, and other products. Further, the company offers FortiGuard security services consisting of FortiGuard application security, content security, device security, NOC/SOC security, and web security services; FortiCare technical support services; and training services to customers and channel partners, as well as operates a FortiGuard Lab, a cybersecurity threat intelligence and research organization. It serves enterprise, communication and security service providers, government organizations, and small and medium-sized businesses. The company was incorporated in 2000 and is headquartered in Sunnyvale, California.",0.0013401975014147,18.9,2.5,Low,Low Controversy Level,USA,United States,66.7646656881949,0.312019243435194,0.647312557199093,1,9,0.1322751322751323,-0.335293313763899,0.25371999106695997,0,0.023195914321885707,0.4421087602450484,0.0,0.34104046242774566,0.765553795034871,0.9642263319320685,0.4240950312380233,Medium,1
NYQ,ZTS,Zoetis Inc.,Zoetis Inc.,Healthcare,Drug Manufacturers - Specialty & Generic,164.84,74370031616,3764000000.0,0.11,Parsippany,NJ,United States,14100.0,"Zoetis Inc. engages in the discovery, development, manufacture, and commercialization of animal health medicines, vaccines, and diagnostic products and services in the United States and internationally. The company commercializes products primarily across species, including livestock, such as cattle, swine, poultry, fish, and sheep and others; and companion animals comprising dogs, cats, and horses. It also offers parasiticides, vaccines, dermatology, other pharmaceutical, anti-infectives, animal health diagnostics, and medicated feed additives. In addition, the company provides animal health diagnostics, including point-of-care diagnostic products, instruments and reagents, rapid immunoassay tests, reference laboratory kits and services, and blood glucose monitors; and other non-pharmaceutical products, which include nutritionals, as well as products and services in biodevices, genetic tests, and precision animal health. It markets its products to veterinarians, livestock producers, and pet owners. The company has collaboration Blacksmith Medicines, Inc. to discover and develop novel antibiotics for animal health. Zoetis Inc. was founded in 1952 and is headquartered in Parsippany, New Jersey.",0.0013380109058871,18.8,3.2,Low,Moderate Controversy Level,USA,United States,66.7646656881949,0.312019243435194,0.647312557199093,1,6,0.1702127659574468,-0.335293313763899,0.2527899960708819,0,0.050611784319723366,0.4421087602450484,0.0,0.3381502890173411,0.765553795034871,0.9219444792106677,0.4189997939427619,Medium,1
NYQ,MCK,McKesson Corporation,McKesson Corporation,Healthcare,Medical Distribution,579.74,73592193024,4889999872.0,0.213,Irving,TX,United States,45000.0,"McKesson Corporation provides healthcare services in the United States and internationally. It operates through four segments: U.S. Pharmaceutical, Prescription Technology Solutions (RxTS), Medical-Surgical Solutions, and International. The U.S. Pharmaceutical segment distributes branded, generic, specialty, biosimilar and over-the-counter pharmaceutical drugs, and other healthcare-related products. This segment also offers practice management, technology, clinical support, and business solutions to community-based oncology and other specialty practices; and consulting, outsourcing, technological, and other services, as well as sells financial, operational, and clinical solutions to pharmacies. The RxTS segment serves biopharma and life sciences partners, and patients to address medication challenges for patients by working across healthcare; connects patients, pharmacies, providers, pharmacy benefit managers, health plans, and biopharma companies to deliver innovative solutions to help people get the medicine needed to live healthier lives; and provides prescription price transparency, benefit insight, dispensing support, third-party logistics, and wholesale distribution support services. The Medical-Surgical Solutions segment offers medical-surgical supply distribution, logistics, and other services to healthcare providers, including physician offices, surgery centers, nursing homes, hospital reference labs, and home health care agencies. The International segment provides distribution and services to wholesale, institutional, and retail customers in Europe and Canada. McKesson Corporation was founded in 1833 and is headquartered in Irving, Texas.",0.0013240166060798,15.2,1.6,Low,Significant Controversy Level,USA,United States,66.7646656881949,0.312019243435194,0.647312557199093,1,6,0.10526315789473685,-0.335293313763899,0.20654364784377266,0,0.06644726391568825,0.4421087602450484,0.0,0.23410404624277453,0.765553795034871,0.8975223683638426,0.3853437100257094,Low,0
NYQ,GD,General Dynamics Corporation,General Dynamics Corporation,Industrials,Aerospace & Defense,263.64,72492826624,5402999808.0,0.104,Reston,VA,United States,100000.0,"General Dynamics Corporation operates as an aerospace and defense company worldwide. It operates through four segments: Aerospace, Marine Systems, Combat Systems, and Technologies. The Aerospace segment produces and sells business jets; and offers aircraft maintenance and repair, management, aircraft-on-ground support and completion, charter, staffing, and fixed-base operator services. The Marine Systems segment designs and builds nuclear-powered submarines, surface combatants, and auxiliary ships for the United States Navy and Jones Act ships for commercial customers, as well as builds crude oil and product tankers, and container and cargo ships; provides maintenance, modernization, and lifecycle support services for navy ships; offers and program management, planning, engineering, and design support services for submarine construction programs. The Combat Systems segment manufactures land combat solutions, such as wheeled and tracked combat vehicles, Stryker wheeled combat vehicles, piranha vehicles, weapons systems, munitions, mobile bridge systems with payloads, tactical vehicles, main battle tanks, armored vehicles, and armaments; and offers modernization programs, engineering, support, and sustainment services. The Technologies segment provides information technology solutions and mission support services; mobile communication, computers, and command-and-control mission systems; intelligence, surveillance, and reconnaissance solutions to military, intelligence, and federal civilian customers; cloud computing, artificial intelligence; machine learning; big data analytics; development, security, and operations; and unmanned undersea vehicle manufacturing and assembly services. The company was founded in 1899 and is headquartered in Reston, Virginia.",0.001304237614451,35.2,9.4,High,Significant Controversy Level,USA,United States,66.7646656881949,0.312019243435194,0.647312557199093,3,7,0.26704545454545453,-0.335293313763899,0.485565284722205,1,0.07453150966265736,0.4421087602450484,1.0,0.8121387283236996,0.765553795034871,0.8850545207973084,0.7575073298933335,Critical,3
NYQ,TDG,Transdigm Group Incorporated,TransDigm Group Incorporated,Industrials,Aerospace & Defense,1276.15,71758430208,3888000000.0,0.18,Cleveland,OH,United States,16600.0,"TransDigm Group Incorporated designs, produces, and supplies aircraft components in the United States and internationally. The Power & Control segment offers mechanical/electro-mechanical actuators and controls, ignition systems and engine technology, specialized pumps and valves, power conditioning devices, specialized AC/DC electric motors and generators, batteries and chargers, databus and power controls, sensor products, switches and relay panels, hoists, winches and lifting devices, delivery systems and electronic components, and cargo loading and handling systems. This segment serves engine and power system and subsystem suppliers, airlines, third party maintenance suppliers, military buying agencies, and repair depots. The Airframe segment provides engineered latching and locking devices, engineered rods, engineered connectors and elastomer sealing solutions, cockpit security components and systems, cockpit displays, engineered audio, radio and antenna systems, lavatory components, seat belts and safety restraints, engineered and customized interior surfaces and related components, thermal protection and insulation products, lighting and control technology, parachutes, specialized flight, wind tunnel and jet engine testing services and equipment, and testing and instrumentation solutions. This segment serves airframe manufacturers, cabin system and subsystem suppliers, airlines, third party maintenance suppliers, military buying agencies, and repair depots. The Non-aviation segment offers seat belts and safety restraints; mechanical/electromechanical actuators and controls; hydraulic/electromechanical actuators and fuel valves; refueling systems; and turbine controls. This segment serves off-road vehicle and subsystem suppliers, child restraint system suppliers, and satellite and space system suppliers; and manufacturers of heavy equipment. TransDigm Group Incorporated was founded in 1993 and is based in Cleveland, Ohio.",0.0012910248943203,38.7,12.0,High,Moderate Controversy Level,USA,United States,66.7646656881949,0.312019243435194,0.647312557199093,3,7,0.31007751937984496,-0.335293313763899,0.5393094565728882,1,0.05418178726499713,0.4421087602450484,1.0,0.9132947976878614,0.765553795034871,0.9164386776891789,0.7909925663917691,Critical,3
NYQ,AJG,Arthur J. Gallagher & Co.,Arthur J. Gallagher & Co.,Financial Services,Insurance Brokers,283.1,70719234048,3382200064.0,0.119,Rolling Meadows,IL,United States,51261.0,"Arthur J. Gallagher & Co., together with its subsidiaries, provides insurance and reinsurance brokerage, consulting, and third-party property/casualty claims settlement and administration services to entities and individuals worldwide. It operates in Brokerage and Risk Management segments. The Brokerage segment offers retail and wholesale insurance and reinsurance brokerage services; assists retail brokers and other non-affiliated brokers in the placement of specialized and hard-to-place insurance; and acts as a brokerage wholesaler, managing general agent, and managing general underwriter for distributing specialized insurance coverages to underwriting enterprises. This segment performs activities, including marketing, underwriting, issuing policies, collecting premiums, appointing and supervising other agents, paying claims, and negotiating reinsurance; and offers services in the areas of insurance and reinsurance placement, risk of loss management, and management of employer sponsored benefit programs. The Risk Management segment provides contract claim settlement and administration services; and claims management, loss control consulting, and insurance property appraisal services. The company offers its services through a network of correspondent brokers and consultants. It serves commercial, industrial, public, religious, and nonprofit entities, as well as underwriting enterprises. Arthur J. Gallagher & Co. was founded in 1927 and is headquartered in Rolling Meadows, Illinois.",0.0012723284413913,21.2,0.1,Medium,Moderate Controversy Level,USA,United States,66.7646656881949,0.312019243435194,0.647312557199093,2,5,0.004716981132075472,-0.335293313763899,0.299777002471643,0,0.047825745138930155,0.4421087602450484,0.0,0.40751445086705196,0.765553795034871,0.9262412204166787,0.4402387166182762,Medium,1
NYQ,EMR,Emerson Electric Company,Emerson Electric Co.,Industrials,Specialty Industrial Machinery,124.09,70673096704,4614000128.0,0.129,Saint Louis,MO,United States,73000.0,"Emerson Electric Co., a technology and software company, provides various solutions in the Americas, Asia, the Middle East, Africa, and Europe. It operates through seven segments: Final Control, Measurement & Analytical, Discrete Automation, Safety & Productivity, Control Systems & Software, Test & Measurement, and AspenTech. The Final Control segment provides control, isolation, shutoff, pressure relief, and pressure safety valves, actuators, and regulators for process and hybrid industries. The Measurement & Analytical segment offers intelligent instrumentation measuring the physical properties of liquids or gases, such as pressure, temperature, level, flow, acoustics, corrosion, pH, conductivity, water quality, toxic gases, and flame. The Discrete Automation segment offers solenoid and pneumatic valves, valve position indicators, pneumatic cylinders, actuators, air preparation equipment, pressure and temperature switches, electric linear motion solutions, programmable automation control systems, electrical distribution equipment, and materials joining solutions. The Safety & Productivity segment offers tools for professionals and homeowners; pipe-working tools, including pipe wrenches, pipe cutters, pipe threading and roll grooving equipment, battery hydraulic tools; electrical tools; and other professional tools. The Control Systems & Software segment provides control systems, safety instrumented systems, SCADA systems, application software, digital twins, asset performance management, and cybersecurity. The Test & Measurement provides software-connected automated test and measurement systems. The AspenTech segment provides asset optimization software that enables industrial manufacturers to design, operate, and maintain operations for enhancing performance through a combination of decades of modeling, simulation, and optimization capabilities. The company was incorporated in 1890 and is based in Saint Louis, Missouri.",0.0012714983722344,28.4,8.8,Medium,Low Controversy Level,USA,United States,66.7646656881949,0.312019243435194,0.647312557199093,2,7,0.3098591549295775,-0.335293313763899,0.40185022766085465,1,0.06528651415014129,0.4421087602450484,1.0,0.6156069364161849,0.765553795034871,0.899312523140515,0.6999735925553998,Critical,3
NYQ,MMM,3M Company,3M Company,Industrials,Conglomerates,129.28,70400581632,8117000192.0,0.004,Saint Paul,MN,United States,85000.0,"3M Company provides diversified technology services in the United States and internationally. The company's Safety and Industrial segment offers industrial abrasives and finishing for metalworking applications; autobody repair solutions; closure systems for personal hygiene products, masking, and packaging materials; electrical products and materials for construction and maintenance, power distribution, and electrical original equipment manufacturers; structural adhesives and tapes; respiratory, hearing, eye, and fall protection solutions; and natural and color-coated mineral granules for shingles. Its Transportation and Electronics segment provides ceramic solutions; attachment/bonding products, films, sound, and temperature management for transportation vehicles; premium large format graphic films for advertising and fleet signage; light management films and electronics assembly solutions; packaging and interconnection solutions; semiconductor production materials; data centers solutions; and reflective signage for highway, and vehicle safety. The company's Consumer segment provides consumer bandages, braces, supports, and consumer respirators; home cleaning products; retail abrasives, paint accessories, car care DIY products, picture hanging, and consumer air quality solutions; and stationery products. It offers its products through e-commerce and traditional wholesalers, retailers, jobbers, distributors, and dealers. 3M Company was founded in 1902 and is headquartered in Saint Paul, Minnesota.",0.0012665954815077,37.3,17.2,High,Severe Controversy Level,USA,United States,66.7646656881949,0.312019243435194,0.647312557199093,3,7,0.4611260053619303,-0.335293313763899,0.5298251681353382,1,0.11529734561611185,0.4421087602450484,1.0,0.8728323699421965,0.765553795034871,0.8221838159105147,0.7694283518902031,Critical,3
NMS,ORLY,"O'Reilly Automotive, Inc.","O'Reilly Automotive, Inc.",Consumer Cyclical,Specialty Retail,1219.11,70380068864,3685244928.0,0.038,Springfield,MO,United States,92709.0,"O'Reilly Automotive, Inc., together with its subsidiaries, operates as a retailer and supplier of automotive aftermarket parts, tools, supplies, equipment, and accessories in the United States, Puerto Rico, and Mexico. The company provides new and remanufactured automotive hard parts and maintenance items, such as alternators, batteries, brake system components, belts, chassis parts, driveline parts, engine parts, fuel pumps, hoses, starters, temperature control, water pumps, antifreeze, appearance products, engine additives, filters, fluids, lighting products, and oil and wiper blades; and accessories, including floor mats, seat covers, and truck accessories. It also offers auto body paint and related materials, automotive tools, and professional service provider service equipment. In addition, the company provide enhanced services and programs comprising used oil, oil filter, and battery recycling; battery, wiper, and bulb replacement; battery diagnostic testing; electrical and module testing; check engine light code extraction; loaner tool program; drum and rotor resurfacing; custom hydraulic hoses; and professional paint shop mixing and related materials. Further, it offers do-it-yourself and professional service for domestic and imported automobiles, vans, and trucks. The company was founded in 1957 and is headquartered in Springfield, Missouri.",0.001266226430874,12.1,0.1,Low,Low Controversy Level,USA,United States,66.7646656881949,0.312019243435194,0.647312557199093,1,2,0.008264462809917356,-0.335293313763899,0.17192367378016665,0,0.05236205345466824,0.4421087602450484,0.0,0.1445086705202312,0.765553795034871,0.9192451440521485,0.360637374877777,Low,0
NYQ,NOC,Northrop Grumman Corporation,Northrop Grumman Corporation,Industrials,Aerospace & Defense,469.54,68409634816,4457999872.0,0.023,Falls Church,VA,United States,101000.0,"Northrop Grumman Corporation operates as an aerospace and defense technology company in the United States, Asia/Pacific, Europe, and internationally. The company's Aeronautics Systems segment designs, develops, manufactures, integrates, and sustains aircraft systems. This segment also offers unmanned autonomous aircraft systems, including high-altitude long-endurance strategic ISR systems and vertical take-off and landing tactical ISR systems; and strategic long-range strike aircraft, tactical fighter and air dominance aircraft, and airborne battle management and command and control systems. Its Defense Systems segment designs, develops, integrates, and produces tactical weapons and missile defense solutions, and provides sustainment, modernization, and training services for manned and unmanned aircraft and electronics systems. It also offers integrated, all-domain command, and control battle management systems, precision strike weapons; high speed air-breathing and hypersonic systems; high-performance gun systems, ammunition, precision munitions and advanced fuzes; aircraft and mission systems logistics support, sustainment, operations and modernization; and warfighter training services. The company's Mission Systems segment offers command, control, communications and computers, intelligence, surveillance, and reconnaissance systems; radar, electro-optical/infrared and acoustic sensors; electronic warfare systems; advanced communications and network systems; cyber solutions; intelligence processing systems; navigation; and maritime power, propulsion, and payload launch systems. Its Space Systems segment offers satellites, spacecraft systems, subsystems, sensors, and payloads; ground systems; missile defense systems and interceptors; launch vehicles and related propulsion systems; and strategic missiles. Northrop Grumman Corporation was founded in 1939 and is based in Falls Church, Virginia.",0.0012307758308371,27.5,7.8,Medium,Moderate Controversy Level,USA,United States,66.7646656881949,0.312019243435194,0.647312557199093,2,7,0.28363636363636363,-0.335293313763899,0.401990159338903,1,0.06516625741374868,0.4421087602450484,1.0,0.5895953757225434,0.765553795034871,0.8994979878956845,0.6921886708228242,Critical,3
NYQ,COF,Capital One Financial Corporati,Capital One Financial Corporation,Financial Services,Credit Services,178.65,68156760064,3343453568.0,0.064,McLean,VA,United States,52500.0,"Capital One Financial Corporation operates as the financial services holding company for the Capital One, National Association, which engages in the provision of various financial products and services in the United States, Canada, and the United Kingdom. It operates through three segments: Credit Card, Consumer Banking, and Commercial Banking. The company accepts checking accounts, money market deposits, negotiable order of withdrawals, savings deposits, and time deposits. Its loan products include credit card loans; auto and retail banking loans; and commercial and multifamily real estate, and commercial and industrial loans. The company also offers credit and debit card products; online direct banking services; and provides advisory, capital markets, treasury management, and depository services. It serves consumers, small businesses, and commercial clients through digital channels, branches, cafés, and other distribution channels located in New York, Louisiana, Texas, Maryland, Virginia, New Jersey, and California. The company was founded in 1988 and is headquartered in McLean, Virginia.",0.0012262262943013,22.5,0.1,Medium,Significant Controversy Level,USA,United States,66.7646656881949,0.312019243435194,0.647312557199093,2,5,0.0044444444444444444,-0.335293313763899,0.33012132587981347,0,0.04905534777270014,0.4421087602450484,0.0,0.4450867052023122,0.765553795034871,0.9243448779890625,0.45132075867609267,High,2
NYQ,ECL,Ecolab Inc.,Ecolab Inc.,Basic Materials,Specialty Chemicals,238.29,67474665472,3538599936.0,0.178,Saint Paul,MN,United States,48000.0,"Ecolab Inc. provides water, hygiene, and infection prevention solutions and services in the United States and internationally. The company operates through three segments: Global Industrial; Global Institutional & Specialty; and Global Healthcare & Life Sciences. The Global Industrial segment offers water treatment and process applications, and cleaning and sanitizing solutions to manufacturing, food and beverage processing, transportation, chemical, metals and mining, power generation, pulp and paper, commercial laundry, petroleum, refining, and petrochemical industries. Its Global Institutional & Specialty segment provides specialized cleaning and sanitizing products to the foodservice, hospitality, lodging, government and education, and retail industries. The Global Healthcare & Life Sciences segment offers specialized cleaning and sanitizing products to the healthcare, personal care, and pharmaceutical industries, such as infection prevention and surgical solutions, and end-to-end cleaning and contamination control solutions under the Ecolab, Microtek, and Anios brand names. In addition, the company provides pest elimination services to detect, eliminate, and prevent pests, such as rodents and insects in restaurants, food and beverage processors, hotels, grocery operations, and other commercial segments including education, life sciences, and healthcare customers. Further, it offers colloidal silica for binding and polishing applications in semiconductor, catalyst, and aerospace component manufacturing, as well as chemical industries; and products and services that manage wash process through custom designed programs, premium products, dispensing equipment, water and energy management, and reduction, as well as real time data management. It sells its products through field sales and corporate account personnel, distributors, and dealers. Ecolab Inc. was founded in 1923 and is headquartered in Saint Paul, Minnesota.",0.0012139545501174,19.9,8.5,Low,Moderate Controversy Level,USA,United States,66.7646656881949,0.312019243435194,0.647312557199093,1,0,0.4271356783919598,-0.335293313763899,0.29492550812657103,1,0.05244338613977145,0.4421087602450484,1.0,0.36994219653179183,0.765553795034871,0.9191197095277931,0.6282548892288096,Critical,3
NYQ,EOG,"EOG Resources, Inc.","EOG Resources, Inc.",Energy,Oil & Gas E&P,119.04,66954047488,13168000000.0,-0.039,Houston,TX,United States,3050.0,"EOG Resources, Inc., together with its subsidiaries, explores for, develops, produces, and markets crude oil, natural gas liquids, and natural gas primarily in producing basins in the United States, the Republic of Trinidad and Tobago and internationally. The company was formerly known as Enron Oil & Gas Company. EOG Resources, Inc. was incorporated in 1985 and is headquartered in Houston, Texas.",0.0012045879742903,34.2,20.2,High,Low Controversy Level,USA,United States,66.7646656881949,0.312019243435194,0.647312557199093,3,4,0.5906432748538011,-0.335293313763899,0.5107980963530185,1,0.19667220271276456,0.4421087602450484,1.0,0.7832369942196533,0.765553795034871,0.6966842522177672,0.7299997828041656,Critical,3
NYQ,FDX,FedEx Corporation,FedEx Corporation,Industrials,Integrated Freight & Logistics,275.73,66409852928,10885000192.0,0.139,Memphis,TN,United States,306000.0,"FedEx Corporation, together with its subsidiaries, provides transportation, e-commerce, and business services in the United States and internationally. It operates through FedEx Express, FedEx Ground, FedEx Freight, and FedEx Services segments. The FedEx Express segment offers express transportation, small-package ground delivery, and freight transportation services; and time-critical transportation services. The FedEx Ground segment provides small-package ground delivery services. The FedEx Freight segment offers less-than-truckload freight transportation services. The FedEx Services segment provides sales, marketing, information technology, communications, customer service, technical support, billing and collection, and back-office support services. In addition, the company offers supply chain management solutions; and air and ocean freight forwarding and cargo transportation, specialty transportation, customs brokerage, third party logistics and supply chain, and document and business solutions, as well as provides trade management tools and data. The company was founded in 1971 and is headquartered in Memphis, Tennessee.",0.0011947972260496,19.7,5.7,Low,Moderate Controversy Level,USA,United States,66.7646656881949,0.312019243435194,0.647312557199093,1,7,0.2893401015228427,-0.335293313763899,0.2966427289239486,1,0.16390640412652716,0.4421087602450484,1.0,0.36416184971098264,0.765553795034871,0.7472169790738417,0.6093305121371717,High,2
NYQ,BDX,"Becton, Dickinson and Company","Becton, Dickinson and Company",Healthcare,Medical Instruments & Supplies,227.68,66029019136,5109000192.0,0.069,Franklin Lakes,NJ,United States,70000.0,"Becton, Dickinson and Company develops, manufactures, and sells medical supplies, devices, laboratory equipment, and diagnostic products for healthcare institutions, physicians, life science researchers, clinical laboratories, pharmaceutical industry, and the general public worldwide. The company operates in three segments: BD Medical, BD Life Sciences, and BD Interventional. The BD Medical segment provides peripheral intravenous (IV) and advanced peripheral catheters, central lines, acute dialysis catheters, vascular access technology, vascular care and preparation products, needle-free IV connectors and extensions sets, closed-system drug transfer devices, hazardous drug detections, hypodermic syringes and needles, anesthesia needles and trays, enteral syringes, and sharps disposal systems; IV medication safety and infusion therapy delivery systems, medication compounding workflow systems, automated medication dispensing and supply management systems, and medication inventory optimization and tracking systems; and prefillable drug delivery systems. The BD Life Sciences segment offers specimen and blood collection products; automated blood and tuberculosis culturing, molecular testing, microorganism identification and drug susceptibility, and liquid-based cytology systems, as well as rapid diagnostic assays, microbiology laboratory automation products, and plated media products; and fluorescence-activated cell sorters and analyzers, antibodies and kits, reagent systems, and solutions for single-cell gene expression analysis, as well as clinical oncology, immunological, and transplantation diagnostic/monitoring reagents and analyzers. The BD Interventional segment provides hernia and soft tissue repair, biological and bioresorbable grafts, biosurgery, and other surgical products; surgical infection prevention; peripheral intervention products; and urology and critical care products. The company was founded in 1897 and is headquartered in Franklin Lakes, New Jersey.",0.0011879455445866,23.8,3.0,Medium,Significant Controversy Level,USA,United States,66.7646656881949,0.312019243435194,0.647312557199093,2,6,0.12605042016806722,-0.335293313763899,0.3604475776170343,0,0.07737507324585559,0.4421087602450484,0.0,0.4826589595375723,0.765553795034871,0.8806690631540453,0.45822485349316894,High,2
NYQ,APD,"Air Products and Chemicals, Inc","Air Products and Chemicals, Inc.",Basic Materials,Specialty Chemicals,294.99,65599582208,4296600064.0,-0.001,Allentown,PA,United States,23000.0,"Air Products and Chemicals, Inc. provides atmospheric gases, process and specialty gases, equipment, and related services in the Americas, Asia, Europe, the Middle East, India, and internationally. The company produces atmospheric gases, including oxygen, nitrogen, and argon; process gases, such as hydrogen, helium, carbon dioxide, carbon monoxide, and syngas; and specialty gases for customers in various industries, including refining, chemical, manufacturing, electronics, energy production, medical, food, and metals. It also designs and manufactures equipment for air separation, hydrocarbon recovery and purification, natural gas liquefaction, and liquid helium and liquid hydrogen transport and storage. The company was founded in 1940 and is headquartered in Allentown, Pennsylvania.",0.0011802194312508,12.3,7.4,Low,Low Controversy Level,USA,United States,66.7646656881949,0.312019243435194,0.647312557199093,1,0,0.6016260162601625,-0.335293313763899,0.18750119415394678,1,0.06549736933348976,0.4421087602450484,1.0,0.1502890173410405,0.765553795034871,0.8989873338319653,0.5603456979020014,High,2
NYQ,WMB,"Williams Companies, Inc. (The)","The Williams Companies, Inc.",Energy,Oil & Gas Midstream,53.49,65204850688,5864000000.0,0.045,Tulsa,OK,United States,5601.0,"The Williams Companies, Inc., together with its subsidiaries, operates as an energy infrastructure company primarily in the United States. It operates through Transmission & Gulf of Mexico, Northeast G&P, West, and Gas & NGL Marketing Services segments. The Transmission & Gulf of Mexico segment comprises natural gas pipelines; Transco, Northwest pipeline, MountainWest, and related natural gas storage facilities; and natural gas gathering and processing, and crude oil production handling and transportation assets in the Gulf Coast region. The Northeast G&P segment engages in the midstream gathering, processing, and fractionation activities in the Marcellus Shale region primarily in Pennsylvania and New York, and the Utica Shale region of eastern Ohio. The West segment consists of gas gathering, processing, and treating operations in the Rocky Mountain region of Colorado and Wyoming, the Barnett Shale region of north-central Texas, the Eagle Ford Shale region of South Texas, the Haynesville Shale region of northwest Louisiana, the Mid-Continent region that includes the Anadarko and Permian basins, and the DJ Basin of Colorado; and operates natural gas liquid (NGL) fractionation and storage facilities in central Kansas near Conway. The Gas & NGL Marketing Services segment provides wholesale marketing, trading, storage, and transportation of natural gas for natural gas utilities, municipalities, power generators, and producers; asset management services; and transports and markets NGLs. The company owns and operates 33,000 miles of pipelines. The Williams Companies, Inc. was founded in 1908 and is headquartered in Tulsa, Oklahoma.",0.0011731177120881,21.8,8.7,Medium,Moderate Controversy Level,USA,United States,66.7646656881949,0.312019243435194,0.647312557199093,2,4,0.3990825688073394,-0.335293313763899,0.3343309549823411,1,0.08993195963378202,0.4421087602450484,1.0,0.42485549132947975,0.765553795034871,0.8613033300609301,0.6389472397214297,Critical,3
NYQ,SPG,"Simon Property Group, Inc.","Simon Property Group, Inc.",Real Estate,REIT - Retail,171.61,64434921472,4353110016.0,0.049,Indianapolis,IN,United States,2500.0,"Simon Property Group, Inc. (NYSE:SPG) is a self-administered and self-managed real estate investment trust (REIT). Simon Property Group, L.P., or the Operating Partnership, is our majority-owned partnership subsidiary that owns all of our real estate properties and other assets. In this package, the terms Simon, we, our, or the Company refer to Simon Property Group, Inc., the Operating Partnership, and its subsidiaries. We own, develop and manage premier shopping, dining, entertainment and mixed-use destinations, which consist primarily of malls, Premium Outlets, The Mills, and International Properties. At September 30, 2024, we owned or had an interest in 231 properties comprising 184 million square feet in North America, Asia and Europe. We also owned an 84% interest in The Taubman Realty Group, or TRG, which owns 22 regional, super-regional, and outlet malls in the U.S. and Asia. Additionally, at September 30, 2024, we had a 22.4% ownership interest in Klepierre, a publicly traded, Paris-based real estate company, which owns shopping centers in 14 European countries.",0.001159265711956,14.0,3.8,Low,Low Controversy Level,USA,United States,66.7646656881949,0.312019243435194,0.647312557199093,1,8,0.2714285714285714,-0.335293313763899,0.21727348587029252,0,0.06755824196808606,0.4421087602450484,0.0,0.19942196531791911,0.765553795034871,0.8958089735165553,0.374767746263524,Low,0
NMS,ADSK,"Autodesk, Inc.","Autodesk, Inc.",Technology,Software - Application,298.12,64247537664,1396000000.0,0.119,San Francisco,CA,United States,14100.0,"Autodesk, Inc. provides 3D design, engineering, and entertainment technology solutions worldwide. The company offers AutoCAD Civil 3D, a surveying, design, analysis, and documentation solution for land development, transportation, and environmental projects; Autodesk Build, provides a toolset for managing, sharing, and accessing project documents for streamlined workflows between the office, trailer, and jobsite; Revit, a software built for Building Information Modeling to help professionals design, build, and maintain higher-quality, more energy-efficient buildings; Autodesk BIM Collaborate Pro, cloud-based design collaboration and design management software; and BuildingConnected, a SaaS preconstruction solution. It also provides AutoCAD software, a customizable and extensible CAD application for professional design, drafting, detailing, and visualization; AutoCAD LT, a drafting and detailing software; Fusion, a 3D CAD, computer-aided manufacturing, and computer-aided engineering tool; Inventor, a software solution, that offers a set of tools for 3D mechanical design, simulation, analysis, tooling, visualization, and documentation; and Vault, a data management software, for managing data in one central location, accelerate design processes, and streamline internal/external collaboration. In addition, the company offers Flow Production Tracking, cloud-based software for review and production tracking; Maya software, which provides 3D modeling, animation, effects, rendering, and compositing solutions for film and video artists, game developers, and design visualization professionals; Media and Entertainment Collection, that provides end-to-end creative tools for entertainment creation; and 3ds Max software provides 3D modeling, animation, and rendering solutions. It sells its products and services to customers directly, as well as through a network of resellers and distributors. The company was incorporated in 1982 and is headquartered in San Francisco, California.",0.0011558944403128,16.8,3.7,Low,None Controversy Level,USA,United States,66.7646656881949,0.312019243435194,0.647312557199093,1,9,0.22023809523809523,-0.335293313763899,0.2614886205890127,0,0.02172845918703939,0.4421087602450484,0.0,0.2803468208092486,0.765553795034871,0.9664895000128819,0.4061132555605555,Medium,1
NYQ,RCL,Royal Caribbean Cruises Ltd.,Royal Caribbean Cruises Ltd.,Consumer Cyclical,Travel Services,238.43,64107868160,5641999872.0,0.175,Miami,FL,United States,98100.0,"Royal Caribbean Cruises Ltd. operates as a cruise company worldwide. The company operates cruises under the Royal Caribbean International, Celebrity Cruises, and Silversea Cruises brands, which comprise a range of itineraries. As of February 21, 2024, it operated 65 ships. Royal Caribbean Cruises Ltd. was founded in 1968 and is headquartered in Miami, Florida.",0.0011533816093309,20.7,8.1,Medium,Significant Controversy Level,USA,United States,66.7646656881949,0.312019243435194,0.647312557199093,2,2,0.391304347826087,-0.335293313763899,0.32289328274552936,0,0.08800791593816118,0.4421087602450484,0.0,0.3930635838150289,0.765553795034871,0.8642706673066274,0.42970640119166414,Medium,1
NYQ,RSG,"Republic Services, Inc.","Republic Services, Inc.",Industrials,Waste Management,203.73,63798456320,4804800000.0,0.065,Phoenix,AZ,United States,41000.0,"Republic Services, Inc., together with its subsidiaries, offers environmental services in the United States and Canada. It is involved in the collection and processing of recyclable, solid waste, and industrial waste materials; transportation and disposal of non-hazardous and hazardous waste streams; and other environmental solutions. Its residential collection services include curbside collection of material for transport to transfer stations, landfills, recycling centers, and organics processing facilities; supply of recycling and waste containers; and renting of compactors. The company also engages in the processing and sale of old corrugated containers, old newsprint, aluminum, glass, and other materials; and provision of landfill services. It serves small-container, large-container, and residential customers. The company was incorporated in 1996 and is based in Phoenix, Arizona.",0.0011478148990938,20.9,11.2,Medium,Significant Controversy Level,USA,United States,66.7646656881949,0.312019243435194,0.647312557199093,2,7,0.5358851674641149,-0.335293313763899,0.3275941332368588,1,0.07531216705150523,0.4421087602450484,1.0,0.3988439306358381,0.765553795034871,0.8838505597067523,0.6333984944779194,Critical,3
NMS,CSX,CSX Corporation,CSX Corporation,Industrials,Railroads,31.85,61420175360,7191000064.0,0.013,Jacksonville,FL,United States,23400.0,"CSX Corporation, together with its subsidiaries, provides rail-based freight transportation services. The company offers rail services; and transportation of intermodal containers and trailers, as well as other transportation services, such as rail-to-truck transfers and bulk commodity operations. It also transports chemicals, agricultural and food products, minerals, automotive, forest products, fertilizers, and metals and equipment; and coal, coke, and iron ore to electricity-generating power plants, steel manufacturers, and industrial plants, as well as exports coal to deep-water port facilities. In addition, the company provides intermodal services through a network of approximately 30 terminals transporting manufactured consumer goods in containers; and drayage services, including the pickup and delivery of intermodal shipments. It serves the automotive industry with distribution centers and storage locations, as well as connects non-rail served customers through transferring products, such as plastics and ethanol from rail to trucks. The company operates approximately 20,000 route mile rail network, which serves various population centers in 26 states east of the Mississippi River, the District of Columbia, and the Canadian provinces of Ontario and Quebec, as well as owns and leases approximately 3,500 locomotives. It serves production and distribution facilities through track connections. CSX Corporation was incorporated in 1978 and is headquartered in Jacksonville, Florida.",0.0011050266174083,21.9,7.0,Medium,Moderate Controversy Level,USA,United States,66.7646656881949,0.312019243435194,0.647312557199093,2,7,0.31963470319634707,-0.335293313763899,0.3565603626436797,1,0.11707879409089333,0.4421087602450484,1.0,0.4277456647398844,0.765553795034871,0.8194363947253611,0.6356275982109942,Critical,3
NYQ,HLT,Hilton Worldwide Holdings Inc.,Hilton Worldwide Holdings Inc.,Consumer Cyclical,Lodging,249.42,60803608576,2456999936.0,0.063,McLean,VA,United States,178000.0,"Hilton Worldwide Holdings Inc., a hospitality company, engages in managing, franchising, owning, and leasing hotels and resorts. It operates through two segments, Management and Franchise, and Ownership. The company engages in the hotel management and licensing of its brands. It operates luxury hotels under the Waldorf Astoria Hotels & Resorts, LXR Hotels & Resorts, and Conrad Hotels & Resorts brand; lifestyle hotels under the Canopy by Hilton, Curio Collection by Hilton, Tapestry Collection by Hilton, Tempo by Hilton, and Motto by Hilton brand; full service hotels under the Signia by Hilton, Hilton Hotels & Resorts, and DoubleTree by Hilton brand; service hotels under the Hilton Garden Inn, Hampton by Hilton, and Tru by Hilton brand; all-suite hotels under the Embassy Suites by Hilton, Homewood Suites by Hilton, and Home2 Suites by Hilton brand; and economy hotel under the Spark by Hilton brand, as well as Hilton Grand Vacations. The company operates in North America, South America, and Central America, including various Caribbean nations; Europe, the Middle East, and Africa; and the Asia Pacific. The company was founded in 1919 and is headquartered in McLean, Virginia.",0.0010939338013469,17.6,6.1,Low,Moderate Controversy Level,USA,United States,66.7646656881949,0.312019243435194,0.647312557199093,1,2,0.34659090909090906,-0.335293313763899,0.2894565045099471,0,0.04040878483271157,0.4421087602450484,0.0,0.30346820809248565,0.765553795034871,0.9376799536515804,0.4101687171093965,Medium,1
NYQ,DLR,"Digital Realty Trust, Inc.","Digital Realty Trust, Inc.",Real Estate,REIT - Specialty,178.57,60376125440,2337596928.0,0.016,Austin,TX,United States,3664.0,"Digital Realty brings companies and data together by delivering the full spectrum of data center, colocation, and interconnection solutions. PlatformDIGITAL, the company's global data center platform, provides customers with a secure data meeting place and a proven Pervasive Datacenter Architecture (PDx) solution methodology for powering innovation and efficiently managing Data Gravity challenges. Digital Realty gives its customers access to the connected data communities that matter to them with a global data center footprint of 300+ facilities in 50+ metros across 25+ countries on six continents.",0.0010862428391996,12.6,2.8,Low,None Controversy Level,USA,United States,66.7646656881949,0.312019243435194,0.647312557199093,1,8,0.2222222222222222,-0.335293313763899,0.20869176198663997,0,0.03871723981895848,0.4421087602450484,0.0,0.15895953757225434,0.765553795034871,0.9402887221184855,0.3670769928000176,Low,0
NYQ,TGT,Target Corporation,Target Corporation,Consumer Defensive,Discount Stores,131.48,60245712896,9230999552.0,0.027,Minneapolis,MN,United States,415000.0,"Target Corporation operates as a general merchandise retailer in the United States. The company offers apparel for women, men, boys, girls, toddlers, and infants and newborns, as well as jewelry, accessories, and shoes; and beauty and personal care, baby gear, cleaning, paper products, and pet supplies. It also provides dry grocery, dairy, frozen food, beverages, candy, snacks, deli, bakery, meat, and food service; electronics, which includes video game hardware and software, toys, entertainment, sporting goods, and luggage; and furniture, lighting, storage, kitchenware, small appliances, home decor, bed and bath, home improvement, school/office supplies, greeting cards and party supplies, and other seasonal merchandise. In addition, the company sells merchandise through periodic design and creative partnerships, and shop-in-shop experience; and in-store amenities. Further, it sells its products through its stores; and digital channels, including Target.com. Target Corporation was incorporated in 1902 and is headquartered in Minneapolis, Minnesota.",0.001083896552633,14.4,1.9,Low,Significant Controversy Level,USA,United States,66.7646656881949,0.312019243435194,0.647312557199093,1,3,0.13194444444444445,-0.335293313763899,0.239021156988518,0,0.1532225134083008,0.4421087602450484,0.0,0.2109826589595376,0.765553795034871,0.7636941032313175,0.3650244673274858,Low,0
NYQ,KMI,"Kinder Morgan, Inc.","Kinder Morgan, Inc.",Energy,Oil & Gas Midstream,26.85,59651035136,6568999936.0,-0.053,Houston,TX,United States,10891.0,"Kinder Morgan, Inc. operates as an energy infrastructure company primarily in North America. The company operates through Natural Gas Pipelines, Products Pipelines, Terminals, and CO2 segments. The Natural Gas Pipelines segment owns and operates interstate and intrastate natural gas pipeline, and storage systems; natural gas gathering systems and natural gas processing and treating facilities; natural gas liquids fractionation facilities and transportation systems; and liquefied natural gas gasification, liquefaction, and storage facilities. The Products Pipelines segment owns and operates refined petroleum products, and crude oil and condensate pipelines; and associated product terminals and petroleum pipeline transmix facilities. The Terminals segment owns and/or operates liquids and bulk terminals that stores and handles various commodities, including gasoline, diesel fuel, renewable fuel and feedstocks, chemicals, ethanol, metals, and petroleum coke; and owns tankers. The CO2 segment produces, transports, and markets CO2 to recovery and production crude oil from mature oil fields; owns interests in/or operates oil fields and gasoline processing plants; and operates a crude oil pipeline system in West Texas, as well as owns and operates RNG and LNG facilities. It owns and operates approximately 82,000 miles of pipelines and 139 terminals. The company was formerly known as Kinder Morgan Holdco LLC and changed its name to Kinder Morgan, Inc. in February 2011. Kinder Morgan, Inc. was founded in 1997 and is headquartered in Houston, Texas.",0.0010731975477909,19.0,8.3,Low,Moderate Controversy Level,USA,United States,66.7646656881949,0.312019243435194,0.647312557199093,1,4,0.4368421052631579,-0.335293313763899,0.31851920015606416,1,0.11012382133894509,0.4421087602450484,1.0,0.3439306358381503,0.765553795034871,0.830162632251379,0.6115557132930758,High,2
NYQ,OKE,"ONEOK, Inc.","ONEOK, Inc.",Energy,Oil & Gas Midstream,100.08,58471841792,5612000256.0,0.199,Tulsa,OK,United States,4775.0,"ONEOK, Inc. engages in gathering, processing, fractionation, storage, transportation, and marketing of natural gas and natural gas liquids (NGL) in the United States. It operates through four segments: Natural Gas Gathering and Processing, Natural Gas Liquids, Natural Gas Pipelines, and Refined Products and Crude. The company owns natural gas gathering pipelines and processing plants in the Mid-Continent and Rocky Mountain regions; and provides midstream services to producers of NGLs. It also owns NGL gathering and distribution pipelines in Oklahoma, Kansas, Texas, New Mexico, Montana, North Dakota, Wyoming, and Colorado; terminal and storage facilities in Kansas, Nebraska, Iowa, and Illinois; NGL distribution pipelines in Kansas, Nebraska, Iowa, Illinois, and Indiana; transports refined petroleum products, including unleaded gasoline and diesel; and owns and operates truck- and rail-loading, and -unloading facilities connected to NGL fractionation, storage, and pipeline assets. In addition, the company transports and stores natural gas through regulated interstate and intrastate natural gas transmission pipelines, and natural gas storage facilities. Further, it owns and operates a parking garage in downtown Tulsa, Oklahoma; and leases excess office space and rail cars. Additionally, the company transports, stores, and distributes refined products, NGLs, and crude oil, as well as conducts commodity-related activities, including liquids blending and marketing activities. It serves integrated and independent exploration and production companies; other NGL and natural gas gathering and processing companies; crude oil and natural gas production companies; utilities; industrial companies; natural gasoline distributors; propane distributors; municipalities; ethanol producers; petrochemical, refining, and marketing companies; and heating fuel users, refineries, and exporters. ONEOK, Inc. was founded in 1906 and is headquartered in Tulsa, Oklahoma.",0.0010519823685024,25.1,10.8,Medium,Low Controversy Level,USA,United States,66.7646656881949,0.312019243435194,0.647312557199093,2,4,0.4302788844621514,-0.335293313763899,0.4292664508377797,1,0.09597782597584985,0.4421087602450484,1.0,0.5202312138728324,0.765553795034871,0.851979152850112,0.6666275387633537,Critical,3
NYQ,AFL,AFLAC Incorporated,Aflac Incorporated,Financial Services,Insurance - Life,102.69,57047171072,4779250176.0,-0.404,Columbus,GA,United States,12785.0,"Aflac Incorporated, through its subsidiaries, provides supplemental health and life insurance products. The company operates through Aflac Japan and Aflac U.S. segments. The Aflac Japan segment offers cancer, medical, nursing care, work leave, GIFT, and whole and term life insurance products, as well as WAYS and child endowment plans under saving type insurance products in Japan. The Aflac U.S. segment provides cancer, accident, short-term disability, critical illness, hospital indemnity, dental, vision, long-term care and disability, and term and whole life insurance products in the United States. It sells its products through sales associates, brokers, independent corporate agencies, individual agencies, and affiliated corporate agencies. Aflac Incorporated was founded in 1955 and is headquartered in Columbus, Georgia.",0.0010263507408261,18.3,0.3,Low,Low Controversy Level,USA,United States,66.7646656881949,0.312019243435194,0.647312557199093,1,5,0.016393442622950817,-0.335293313763899,0.32078716010130154,0,0.08377716346298827,0.4421087602450484,0.0,0.323699421965318,0.765553795034871,0.8707955032162692,0.409549636227715,Medium,1
NYQ,GM,General Motors Company,General Motors Company,Consumer Cyclical,Auto Manufacturers,51.81,56970276864,18371000320.0,0.105,Detroit,MI,United States,163000.0,"General Motors Company designs, builds, and sells trucks, crossovers, cars, and automobile parts; and provide software-enabled services and subscriptions worldwide. The company operates through GM North America, GM International, Cruise, and GM Financial segments. It markets its vehicles primarily under the Buick, Cadillac, Chevrolet, GMC, Baojun, and Wuling brand names. In addition, the company sells trucks, crossovers, cars, and automobile parts through retail dealers, and distributors and dealers, as well as to fleet customers, including daily rental car companies, commercial fleet customers, leasing companies, and governments. Further, it offers range of after-sale services through dealer network, such as maintenance, light repairs, collision repairs, vehicle accessories, and extended service warranties. Additionally, the company provides automotive financing; and software-enabled services and subscriptions. General Motors Company was founded in 1908 and is headquartered in Detroit, Michigan.",0.0010249673167954,28.5,9.8,Medium,High Controversy Level,USA,United States,66.7646656881949,0.312019243435194,0.647312557199093,2,2,0.34385964912280703,-0.335293313763899,0.5002608652935895,0,0.3224664040839301,0.4421087602450484,0.0,0.6184971098265896,0.765553795034871,0.5026793967817962,0.4611773319426492,High,2
NYQ,BK,The Bank of New York Mellon Cor,The Bank of New York Mellon Corporation,Financial Services,Banks - Diversified,77.62,56435798016,3343453568.0,0.047,New York,NY,United States,52600.0,"The Bank of New York Mellon Corporation provides a range of financial products and services in the United States and internationally. The company operates through Securities Services, Market and Wealth Services, Investment and Wealth Management, and other segments. The Securities Services segment offers custody, trust and depositary, accounting, exchange-traded funds, middle-office solutions, transfer agency, services for private equity and real estate funds, foreign exchange, securities lending, liquidity/lending services, and data analytics. This segment also provides trustee, paying agency, fiduciary, escrow and other financial, issuer, and support services for brokers and investors. The Market and Wealth Services segment offers clearing and custody, investment, wealth and retirement solutions, technology and enterprise data management, trading, and prime brokerage services. This segment also provides integrated cash management solutions, including payments, foreign exchange, liquidity management, receivables processing and payables management, and trade finance and processing services. The Investment and Wealth Management segment offers investment management strategies and distribution of investment products, investment management, custody, wealth and estate planning, private banking, investment, and information management services. The Other segment engages in the provision of leasing, corporate treasury, derivative and other trading, corporate and bank-owned life insurance, renewable energy investment, and business exit services. It serves central banks and sovereigns, financial institutions, asset managers, insurance companies, corporations, local authorities and high net-worth individuals, and family offices. The Bank of New York Mellon Corporation was founded in 1784 and is headquartered in New York, New York.",0.0010153513664986,20.9,1.1,Medium,Moderate Controversy Level,USA,United States,66.7646656881949,0.312019243435194,0.647312557199093,2,5,0.05263157894736843,-0.335293313763899,0.3703323198171962,0,0.0592434888056709,0.4421087602450484,0.0,0.3988439306358381,0.765553795034871,0.9086323188510557,0.43587667039234973,Medium,1
NMS,ROP,"Roper Technologies, Inc.","Roper Technologies, Inc.",Technology,Software - Application,525.4,56338120704,2732699904.0,0.129,Sarasota,FL,United States,16800.0,"Roper Technologies, Inc. designs and develops software, and technology enabled products and solutions. It operates through three segments: Application Software, Network Software, and Technology Enabled Products. The Application Software segment offers management, campus solutions, diagnostic and laboratory information management, enterprise software and information solutions, transportation management, financial and compliance management, and cloud-based financial analytics and performance management software; cloud-based software to the property and casualty insurance industry; and software, services, and technologies for foodservice operations. The Network Software segment provides cloud-based data, collaboration, and estimating automation software; electronic marketplace; visual effects and 3D content software; cloud-based software for the life insurance and financial services industries; supply chain software; health care service and software; data analytics and information; and pharmacy software solutions. The Technology Enabled Products segment offers ultrasound accessories; dispensers and metering pumps; wireless sensor network and solutions automated surgical scrub and linen dispensing equipment; water meters; optical and electromagnetic measurement systems; RFID card readers; and medical devices. It distributes and sells its products through direct sales, manufacturers' representatives, resellers, and distributors. The company was formerly known as Roper Industries, Inc. and changed its name to Roper Technologies, Inc. in April 2015. The company was incorporated in 1981 and is based in Sarasota, Florida.",0.0010135940281477,20.4,4.7,Medium,None Controversy Level,USA,United States,66.7646656881949,0.312019243435194,0.647312557199093,2,9,0.2303921568627451,-0.335293313763899,0.36209940525317524,0,0.04850534362616712,0.4421087602450484,0.0,0.384393063583815,0.765553795034871,0.925193116411615,0.4331974900327987,Medium,1
NYQ,MET,"MetLife, Inc.","MetLife, Inc.",Financial Services,Insurance - Life,81.36,56335290368,7036000256.0,0.162,New York,NY,United States,45000.0,"MetLife, Inc., a financial services company, provides insurance, annuities, employee benefits, and asset management services worldwide. It operates through six segments: Retirement and Income Solutions; Group Benefits; Asia; Latin America; Europe, the Middle East and Africa; and MetLife Holdings. The company offers life, dental, group short-and long-term disability, individual disability, pet insurance, accidental death and dismemberment, vision, and accident and health coverages, as well as prepaid legal plans; administrative services-only arrangements to employers; and general and separate account, and synthetic guaranteed interest contracts, as well as private floating rate funding agreements. It also provides pension risk transfers, institutional income annuities, structured settlements, and capital markets investment products; and other products and services, such as life insurance products and funding agreements for funding postretirement benefits, as well as company, bank, or trust-owned life insurance used to finance nonqualified benefit programs for executives. In addition, it provides fixed, indexed-linked, and variable annuities; pension products; regular savings products; whole and term life, endowments, universal and variable life, and group life products; longevity reinsurance solutions; credit insurance products; and protection against long-term health care services. MetLife, Inc. was incorporated in 1999 and is based in New York, New York.",0.0010135431068243,16.4,0.7,Low,Moderate Controversy Level,USA,United States,66.7646656881949,0.312019243435194,0.647312557199093,1,5,0.042682926829268296,-0.335293313763899,0.29111414697377064,0,0.1248950739410166,0.4421087602450484,0.0,0.26878612716763,0.765553795034871,0.8073818148970271,0.3867342789564845,Low,0
NMS,CPRT,"Copart, Inc.","Copart, Inc.",Industrials,Specialty Business Services,58.22,56096600064,1754322944.0,0.072,Dallas,TX,United States,13086.0,"Copart, Inc. provides online auctions and vehicle remarketing services in the United States, Canada, the United Kingdom, Brazil, the Republic of Ireland, Germany, Finland, the United Arab Emirates, Oman, Bahrain, and Spain. It offers a range of services for processing and selling vehicles over the internet through its virtual bidding third generation internet auction-style sales technology to vehicle sellers, insurance companies, banks and finance companies, charities, fleet operators, dealers, vehicle rental companies, and individuals. The company's services include online seller access, salvage estimation, estimating, end-of-life vehicle processing, transportation, vehicle inspection stations, on-demand reporting, title processing and express, loan payoff, flexible vehicle processing programs, buy it now, sales process, and dealer services. Its services also comprise services to sell vehicles through BluCar, CashForCars.com, CashForCars.ca, CashForCars.de, CashForCars.co.uk, and Cash-for-cars.ie; Copart Recycling service, which allows the public to purchase parts from salvaged and end-of-life vehicles; copart 360, a proprietary technology that captures clear 360-degree views of interiors and exteriors of cars, trucks, and vans; and membership tiers for those registering to buy vehicles through Copart.com. In addition, it provides IntelliSeller, an automated tool leveraging its vast and detailed vehicle and sales data to assist its sellers in making vital auction decisions; Purple Wave Inc., that offers wholesale construction, agriculture, and fleet remarketing services through no-reserve online auctions; non-salvage powersport vehicle remarketing services through live and online auction platforms. The company sells its products principally to licensed vehicle dismantlers, rebuilders, repair licensees, used vehicle dealers, and exporters, as well as to the public. Copart, Inc. was incorporated in 1982 and is headquartered in Dallas, Texas.",0.0010092487664436,16.0,1.5,Low,Low Controversy Level,USA,United States,66.7646656881949,0.312019243435194,0.647312557199093,1,7,0.09375,-0.335293313763899,0.2852222769605604,1,0.03127324903823961,0.4421087602450484,1.0,0.25722543352601157,0.765553795034871,0.9517691428337371,0.59770480365767,High,2
NYQ,FCX,"Freeport-McMoRan, Inc.",Freeport-McMoRan Inc.,Basic Materials,Copper,38.86,55839100928,9900000256.0,0.166,Phoenix,AZ,United States,27200.0,"Freeport-McMoRan Inc. engages in the mining of mineral properties in North America, South America, and Indonesia. It primarily explores for copper, gold, molybdenum, silver, and other metals. The company's assets include the Grasberg minerals district in Indonesia; Morenci, Bagdad, Safford, Sierrita, and Miami in Arizona; Chino and Tyrone in New Mexico; and Henderson and Climax in Colorado, North America, as well as Cerro Verde in Peru and El Abra in Chile. The company was formerly known as Freeport-McMoRan Copper & Gold Inc. and changed its name to Freeport-McMoRan Inc. in July 2014. Freeport-McMoRan Inc. was incorporated in 1987 and is headquartered in Phoenix, Arizona.",0.0010046160313924,31.6,15.3,High,High Controversy Level,USA,United States,66.7646656881949,0.312019243435194,0.647312557199093,3,0,0.48417721518987344,-0.335293313763899,0.5659116904612351,1,0.17729512279872214,0.4421087602450484,1.0,0.708092485549133,0.765553795034871,0.7265683609168885,0.7104448410729214,Critical,3
NYQ,CVS,CVS Health Corporation,CVS Health Corporation,Healthcare,Healthcare Plans,44.36,55823069184,14115000320.0,0.06,Woonsocket,RI,United States,219000.0,"CVS Health Corporation provides health solutions in the United States. It operates through Health Care Benefits, Health Services, and Pharmacy & Consumer Wellness segments. The Health Care Benefits segment offers traditional, voluntary, and consumer-directed health insurance products and related services. It serves employer groups, individuals, college students, part-time and hourly workers, health plans, health care providers, governmental units, government-sponsored plans, labor groups, and expatriates. The Health Services segment offers pharmacy benefit management solutions, including plan design and administration, formulary management, retail pharmacy network management, specialty and mail order pharmacy, clinical, disease management, and medical spend management services. It serves employers, insurance companies, unions, government employee groups, health plans, prescription drug plans, Medicaid managed care plans, CMS, plans offered on public health insurance, and other sponsors of health benefit plans. The Pharmacy & Consumer Wellness segment sells prescription and over-the-counter drugs, consumer health and beauty products, and personal care products. This segment also distributes prescription drugs; and provides related pharmacy consulting and other ancillary services to care facilities and other care settings. It operates online retail pharmacy websites, LTC pharmacies and on-site pharmacies, retail specialty pharmacy stores, compounding pharmacies and branches for infusion and enteral nutrition services. The company was formerly known as CVS Caremark Corporation and changed its name to CVS Health Corporation in September 2014. CVS Health Corporation was incorporated in 1996 and is headquartered in Woonsocket, Rhode Island.",0.0010043276000465,22.0,0.0,Medium,Significant Controversy Level,USA,United States,66.7646656881949,0.312019243435194,0.647312557199093,2,6,0.0,-0.335293313763899,0.3941023007438946,0,0.25285245914149124,0.4421087602450484,0.0,0.43063583815028905,0.765553795034871,0.6100408107235775,0.41555509183393724,Medium,1
NMS,PCAR,PACCAR Inc.,PACCAR Inc,Industrials,Farm & Heavy Construction Machinery,105.32,55219380224,5908100096.0,-0.052,Bellevue,WA,United States,32400.0,"PACCAR Inc designs, manufactures, and distributes light, medium, and heavy-duty commercial trucks in the United States, Canada, Europe, Mexico, South America, Australia, and internationally. It operates through three segments: Truck, Parts, and Financial Services. The Truck segment designs, manufactures, and distributes trucks for the over-the-road and off-highway hauling of commercial and consumer goods. It sells its trucks through a network of independent dealers under the Kenworth, Peterbilt, and DAF nameplates. The Parts segment distributes aftermarket parts for trucks and related commercial vehicles. The Financial Services segment conducts full-service leasing operations under the PacLease trade name, as well as provides finance and leasing products and services to customers and dealers. This segment also offers equipment financing and administrative support services for its franchisees; retail loan and leasing services for small, medium, and large commercial trucking companies, as well as independent owners/operators and other businesses; and truck inventory financing services to independent dealers. In addition, this segment offers loans and leases directly to customers for the acquisition of trucks and related equipment. The company also manufactures and markets industrial winches under the Braden, Carco, and Gearmatic nameplates. PACCAR Inc was founded in 1905 and is headquartered in Bellevue, Washington.",0.0009934664723222,27.6,8.4,Medium,Significant Controversy Level,USA,United States,66.7646656881949,0.312019243435194,0.647312557199093,2,7,0.30434782608695654,-0.335293313763899,0.49982451610357287,1,0.1069932344773432,0.4421087602450484,1.0,0.592485549132948,0.765553795034871,0.8349907486899324,0.6866049989253704,Critical,3
NYQ,SRE,DBA Sempra,Sempra,Utilities,Utilities - Diversified,86.81,54985363456,4930999808.0,-0.167,San Diego,CA,United States,16835.0,"Sempra operates as an energy infrastructure company in the United States and internationally. It operates through three segments: Sempra California, Sempra Texas Utilities, and Sempra Infrastructure. The Sempra California segment provides electric services; and natural gas services to San Diego County. As of December 31, 2023, it offered electric services to approximately 3.6 million population and natural gas services to approximately 3.3 million population that covers 4,100 square miles. This segment owns and operates a natural gas distribution, transmission, and storage system that supplies natural gas. As of December 31, 2023, it serves a population of 21 million covering an area of 24,000 square miles. The Sempra Texas Utilities segment engages in the regulated electricity transmission and distribution. As of December 31, 2023, its transmission system included 18,298 circuit miles of transmission lines; 1,257 transmission and distribution substations; interconnection to 173 third-party generation facilities totaling 54,277 MW; and distribution system included approximately 4.0 million points of delivery and consisted of 125,116 miles of overhead and underground lines. The Sempra Infrastructure segment develops, builds, operates, and invests in energy infrastructure to help enable the energy transition in North American markets and worldwide. The company was formerly known as Sempra Energy and changed its name to Sempra in May 2023. Sempra was incorporated in 1996 and is based in San Diego, California.",0.0009892562147636,23.6,10.9,Medium,Moderate Controversy Level,USA,United States,66.7646656881949,0.312019243435194,0.647312557199093,2,10,0.461864406779661,-0.335293313763899,0.42920512872275596,1,0.08967840709002224,0.4421087602450484,1.0,0.476878612716763,0.765553795034871,0.8616943689487433,0.654593280026396,Critical,3
NYQ,AZO,"AutoZone, Inc.","AutoZone, Inc.",Consumer Cyclical,Specialty Retail,3253.47,54690828288,4338463232.0,0.09,Memphis,TN,United States,75600.0,"AutoZone, Inc. retails and distributes automotive replacement parts and accessories in the United States, Mexico, and Brazil. The company provides various products for cars, sport utility vehicles, vans, and light trucks, including new and remanufactured automotive hard parts, maintenance items, accessories, and non-automotive products. It also offers A/C compressors, batteries and accessories, bearings, belts and hoses, calipers, chassis, clutches, CV axles, engines, fuel pumps, fuses, ignition and lighting products, mufflers, radiators, starters and alternators, thermostats, and water pumps, as well as tire repairs. In addition, the company provides maintenance products, such as antifreeze and windshield washer fluids; brake drums, rotors, shoes, and pads; brake and power steering fluids, and oil and fuel additives; oil and transmission fluids; oil, cabin, air, fuel, and transmission filters; oxygen sensors; paints and accessories; refrigerants and accessories; shock absorbers and struts; spark plugs and wires; and windshield wipers. Further, it offers air fresheners, cell phone accessories, drinks and snacks, floor mats and seat covers, interior and exterior accessories, mirrors, performance products, protectants and cleaners, sealants and adhesives, steering wheel covers, tools, vehicle entertainment systems, and wash and wax products, as well as towing services. Additionally, the company provides a sales program that offers commercial credit and delivery of parts and other products; sells automotive diagnostic, repair, collision, and shop management information software under the ALLDATA brand through alldata.com; Duralast branded products through duralastparts.com; and automotive hard parts, maintenance items, accessories, and non-automotive products through autozone.com. AutoZone, Inc. was founded in 1979 and is headquartered in Memphis, Tennessee.",0.0009839571546666,11.0,0.1,Low,Moderate Controversy Level,USA,United States,66.7646656881949,0.312019243435194,0.647312557199093,1,2,0.009090909090909092,-0.335293313763899,0.20113061630872334,0,0.07932707124408143,0.4421087602450484,0.0,0.11271676300578037,0.765553795034871,0.8776586136632953,0.34694114958455635,Low,0
NYQ,TRV,"The Travelers Companies, Inc.","The Travelers Companies, Inc.",Financial Services,Insurance - Property & Casualty,240.76,54657093632,6719000064.0,0.119,New York,NY,United States,32967.0,"The Travelers Companies, Inc., through its subsidiaries, provides a range of commercial and personal property, and casualty insurance products and services to businesses, government units, associations, and individuals in the United States and internationally. The company operates through three segments: Business Insurance, Bond & Specialty Insurance, and Personal Insurance. The Business Insurance segment offers workers' compensation, commercial automobile and property, general liability, commercial multi-peril, employers' liability, public and product liability, professional indemnity, marine, aviation, onshore and offshore energy, construction, terrorism, personal accident, and kidnap and ransom insurance products. This segment operates through select accounts, which serve small businesses; commercial accounts that serve mid-sized businesses; national accounts, which serve large companies; and national property and other that serve large and mid-sized customers, commercial trucking industry, and agricultural businesses, as well as markets and distributes its products through brokers, wholesale agents, and program managers. The Bond & Specialty Insurance segment provides surety, fidelity, management and professional liability, and other property and casualty coverages and related risk management services through independent agencies and brokers. The Personal Insurance segment offers property and casualty insurance covering personal risks, primarily automobile and homeowners' insurance to individuals through independent agencies and brokers. The Travelers Companies, Inc. was founded in 1853 and is based in New York, New York.",0.0009833502255494,20.3,1.0,Medium,Low Controversy Level,USA,United States,66.7646656881949,0.312019243435194,0.647312557199093,2,5,0.04926108374384236,-0.335293313763899,0.37140650281695536,0,0.1229300648372975,0.4421087602450484,0.0,0.38150289017341044,0.765553795034871,0.8104123306357658,0.4208523594320924,Medium,1
NMS,NXPI,NXP Semiconductors N.V.,NXP Semiconductors N.V.,Technology,Semiconductors,210.24,53433757696,4640000000.0,-0.054,Eindhoven,,Netherlands,34200.0,"NXP Semiconductors N.V. offers various semiconductor products. The company's product portfolio includes microcontrollers; application processors, including i.MX application processors, and i.MX 8 and 9 family of applications processors; communication processors; wireless connectivity solutions, such as near field communications, ultra-wideband, Bluetooth low-energy, Zigbee, and Wi-Fi and Wi-Fi/Bluetooth integrated SoCs; analog and interface devices; radio frequency power amplifiers; and security controllers, as well as semiconductor-based environmental and inertial sensors, including pressure, inertial, magnetic, and gyroscopic sensors. Its products are used in various applications, including automotive, industrial and Internet of Things, mobile, and communication infrastructure. The company markets its products to various original equipment manufacturers, contract manufacturers, and distributors. It operates in China, the Netherlands, the United States, Singapore, Germany, Japan, South Korea, Taiwan, and internationally. N.V. was incorporated in 2006 and is headquartered in Eindhoven, the Netherlands.",0.0009613408652148,19.8,8.6,Low,Low Controversy Level,NLD,Netherlands,65.8722724730304,0.353879572190633,0.67132502165124,1,9,0.4343434343434343,-0.317445449460607,0.37055226609080893,0,0.08683649063946229,0.7466936364940473,0.0,0.3670520231213873,0.6452559949002001,0.8660772863180837,0.4801851439267664,High,2
NYQ,JCI,Johnson Controls International ,Johnson Controls International plc,Industrials,Building Products & Equipment,80.64,53398601728,3232000000.0,-0.095,Cork,,Ireland,100000.0,"Johnson Controls International plc, together with its subsidiaries, engages in engineering, manufacturing, commissioning, and retrofitting building products and systems in the United States, Europe, the Asia Pacific, and internationally. It operates through four segments: Building Solutions North America, Building Solutions EMEA/LA, Building Solutions Asia Pacific, and Global Products. The company designs, sells, installs, and services heating, ventilating, air conditioning, controls, building management, refrigeration, integrated electronic security, integrated fire detection and suppression systems, and fire protection and security products. It also provides energy efficiency solutions and technical services, including inspection, scheduled maintenance, and repair and replacement of mechanical and control systems, as well as data-driven smart building solutions. In addition, the company offers control software and software services. It sells its products and services to commercial, institutional, industrial, data center, and governmental customers. Johnson Controls International plc was incorporated in 1885 and is headquartered in Cork, Ireland.",0.0009607083648975,14.4,4.5,Low,Significant Controversy Level,IRL,Ireland,64.2468917867885,0.315577264183443,0.600515099919212,1,7,0.3125,-0.28493783573576903,0.2696699826214595,1,0.060525929432816476,0.46799769474501884,1.0,0.2109826589595376,1.0,0.9066544875538841,0.6209596701295044,Critical,3
NYQ,GWW,"W.W. Grainger, Inc.","W.W. Grainger, Inc.",Industrials,Industrial Distribution,1092.96,53227368448,2836999936.0,0.043,Lake Forest,IL,United States,23200.0,"W.W. Grainger, Inc., together with its subsidiaries, distributes maintenance, repair, and operating products and services primarily in North America, Japan, the United Kingdom, and internationally. The company operates through two segments, High-Touch Solutions N.A. and Endless Assortment. The company provides safety, security, material handling and storage equipment, pumps and plumbing equipment, cleaning and maintenance, and metalworking and hand tools. It also offers technical support and inventory management services. The company serves smaller businesses to large corporations, government entities, and other institutions, as well as commercial, healthcare, and manufacturing industries through sales and service representatives, and electronic and ecommerce channels. W.W. Grainger, Inc. was founded in 1927 and is headquartered in Lake Forest, Illinois.",0.0009576276616746,16.0,4.5,Low,Moderate Controversy Level,USA,United States,66.7646656881949,0.312019243435194,0.647312557199093,1,7,0.28125,-0.335293313763899,0.300597239099488,1,0.05329964675543901,0.4421087602450484,1.0,0.25722543352601157,0.765553795034871,0.9177991501129124,0.5943078043855875,High,2
NYQ,NSC,Norfolk Southern Corporation,Norfolk Southern Corporation,Industrials,Railroads,234.15,52974096384,5888000000.0,0.027,Atlanta,GA,United States,20700.0,"Norfolk Southern Corporation, together with its subsidiaries, engages in the rail transportation of raw materials, intermediate products, and finished goods in the United States. The company transports agriculture, forest, and consumer products comprising soybeans, wheat, corn, fertilizers, livestock and poultry feed, food products, food oils, flour, sweeteners, ethanol, lumber and wood products, pulp board and paper products, wood fibers, wood pulp, beverages, and canned goods; chemicals consist of sulfur and related chemicals, petroleum products comprising crude oil, chlorine and bleaching compounds, plastics, rubber, industrial chemicals, chemical wastes, sand, and natural gas liquids; metals and construction materials, such as steel, aluminum products, machinery, scrap metals, cement, aggregates, minerals, clay, transportation equipment, and military-related products; and automotive, including finished motor vehicles and automotive parts, as well as coal. It also transports overseas freight through various Atlantic and Gulf Coast ports; and operates an intermodal network. As of December 31, 2023, the company operated approximately 19,100 route miles in 22 states and the District of Columbia. Norfolk Southern Corporation was incorporated in 1980 and is headquartered in Atlanta, Georgia.",0.0009530709769936,23.9,8.0,Medium,Significant Controversy Level,USA,United States,66.7646656881949,0.312019243435194,0.647312557199093,2,7,0.3347280334728034,-0.335293313763899,0.4511639014425666,1,0.11114866325078795,0.4421087602450484,1.0,0.48554913294797686,0.765553795034871,0.8285820800098241,0.6538832072018682,Critical,3
NYQ,PSA,Public Storage,Public Storage,Real Estate,REIT - Industrial,297.5,52116942848,3353046016.0,0.034,Glendale,CA,United States,6200.0,"Public Storage, a member of the S&P 500, is a REIT that primarily acquires, develops, owns, and operates self-storage facilities. At September 30, 2024, we: (i) owned and/or operated 3,333 self-storage facilities located in 40 states with approximately 241 million net rentable square feet in the United States and (ii) owned a 35% common equity interest in Shurgard Self Storage Limited (Euronext Brussels: SHUR), which owned 315 self-storage facilities located in seven Western European nations with approximately 17 million net rentable square feet operated under the Shurgard brand. Our headquarters are located in Glendale, California.",0.000937649701054,13.1,4.7,Low,Low Controversy Level,USA,United States,66.7646656881949,0.312019243435194,0.647312557199093,1,8,0.3587786259541985,-0.335293313763899,0.2513577981388199,0,0.06433696669006889,0.4421087602450484,0.0,0.17341040462427748,0.765553795034871,0.9007769532629926,0.3674610760300753,Low,0
NYQ,SLB,Schlumberger N.V.,Schlumberger Limited,Energy,Oil & Gas Equipment & Services,36.83,52009488384,8130999808.0,0.102,Houston,TX,United States,111000.0,"Schlumberger Limited engages in the provision of technology for the energy industry worldwide. The company operates through four divisions: Digital & Integration, Reservoir Performance, Well Construction, and Production Systems. The company provides field development and hydrocarbon production, carbon management, and integration of adjacent energy systems; reservoir interpretation and data processing services for exploration data; and well construction and production improvement services and products. It also offers subsurface geology and fluids evaluation information; open and cased hole services; exploration and production pressure, and flow-rate measurement services; and pressure pumping, well stimulation, and coiled tubing equipment solutions. In addition, the company offers mud logging, directional drilling, measurement-while-drilling, and logging-while-drilling services, as well as engineering support services; supplies drilling fluid systems; designs, manufactures, and markets roller cone and fixed cutter drill bits; bottom-hole-assembly and borehole enlargement technologies; well cementing products and services; well planning, well drilling, engineering, supervision, logistics, procurement, and contracting of third parties, as well as drilling rig management solutions; and drilling equipment and services, as well as land drilling rigs and related services. Further, it provides artificial lift production equipment and optimization services; supplies packers, safety valves, sand control technology, and various intelligent well completions technology and equipment; designs and manufactures valves, chokes, actuators, and surface trees; and OneSubsea, an integrated solutions, products, systems, and services, including wellheads, subsea trees, manifolds and flowline connectors, control systems, connectors, and services. The company was formerly known as Socie´te´ de Prospection E´lectrique. Schlumberger Limited was founded in 1926 and is based in Houston, Texas.",0.0009357164593759,20.3,8.1,Medium,Low Controversy Level,USA,United States,66.7646656881949,0.312019243435194,0.647312557199093,2,4,0.3990147783251231,-0.335293313763899,0.39031339531970893,1,0.15633685430563454,0.4421087602450484,1.0,0.38150289017341044,0.765553795034871,0.7588910419695123,0.6157002305654672,High,2
NYQ,AMP,"Ameriprise Financial, Inc.","Ameriprise Financial, Inc.",Financial Services,Asset Management,532.12,51623407616,3343453568.0,0.119,Minneapolis,MN,United States,13800.0,"Ameriprise Financial, Inc., together with its subsidiaries, provides various financial products and services to individual and institutional clients in the United States and internationally. It operates through four segments: Advice & Wealth Management, Asset Management, Retirement & Protection Solutions, and Corporate & Other. The Advice & Wealth Management segment provides financial planning and advice; brokerage products and services for retail and institutional clients; discretionary and non-discretionary investment advisory accounts; mutual funds; insurance and annuities products; cash management and banking products; and face-amount certificates. The Asset Management segment offers investment management, advice, and products to retail, high net worth, and institutional clients through third-party financial institutions, advisor networks, direct retail, and its institutional sales force under the Columbia Threadneedle Investments brand name. This segment products include U.S. mutual funds and their non-U.S. equivalents, exchange-traded funds, variable product funds underlying insurance, and annuity separate accounts; and institutional asset management products, such as traditional asset classes, separately managed accounts, individually managed accounts, collateralized loan obligations, hedge funds, collective funds, and property and infrastructure funds. The Retirement & Protection Solutions segment provides variable annuity products, as well as life and disability income insurance products to retail clients. The company was formerly known as American Express Financial Corporation and changed its name to Ameriprise Financial, Inc. in September 2005. Ameriprise Financial, Inc. was founded in 1894 and is headquartered in Minneapolis, Minnesota.",0.0009287703781801,20.3,2.1,Medium,Moderate Controversy Level,USA,United States,66.7646656881949,0.312019243435194,0.647312557199093,2,5,0.10344827586206896,-0.335293313763899,0.3932324683213721,0,0.06476623149076545,0.4421087602450484,0.0,0.38150289017341044,0.765553795034871,0.9001149238952225,0.4298226187580381,Medium,1
NYQ,ALL,Allstate Corporation (The),The Allstate Corporation,Financial Services,Insurance - Property & Casualty,193.56,51255271424,6192999936.0,0.147,Northbrook,IL,United States,53000.0,"The Allstate Corporation, together with its subsidiaries, provides property and casualty, and other insurance products in the United States and Canada. It operates in five segments: Allstate Protection; Protection Services; Allstate Health and Benefits; Run-off Property-Liability; and Corporate and Other segments. The Allstate Protection segment offers private passenger auto and homeowners insurance; other personal lines products; and commercial lines products through agents, contact centers, and online. The Protection Services segment provides consumer product protection; protection and insurance products, including vehicle service contracts, guaranteed asset protection, road hazard tire and wheel, and paintless dent repair protection; and roadside assistance, device and mobile data collection services, and analytic solutions using automotive telematics information, as well as identity theft protection and remediation services. This segment also offers its products under various brands, including Allstate Protection Plans, Allstate Dealer Services, Allstate Roadside, Arity, Avail, and Allstate Identity Protection. The Allstate Health and Benefits segment provides life, accident, critical illness, short-term disability, and other health insurance products; stop-loss and fully insured group health products to employers; and short-term medical and medicare supplement insurance to individuals. The Run-off Property-Liability segment offers property and casualty insurance coverage that primarily relates to policies written during the 1960s through the mid-1980s. The Corporate and Other segment provides debt services, as well as non-insurance operations. It sells its products through agents, independent agents, call and contact centers, retailers, direct to consumer, wholesale partners, and affinity groups, as well as through online and mobile applications. The Allstate Corporation was founded in 1931 and is headquartered in Northbrook, Illinois.",0.0009221471425966,22.0,1.0,Medium,Moderate Controversy Level,USA,United States,66.7646656881949,0.312019243435194,0.647312557199093,2,5,0.045454545454545456,-0.335293313763899,0.42922414395212083,0,0.12082659527386995,0.4421087602450484,0.0,0.43063583815028905,0.765553795034871,0.8136563856408343,0.4359166493256629,Medium,1
NMS,MNST,Monster Beverage Corporation,Monster Beverage Corporation,Consumer Defensive,Beverages - Non-Alcoholic,51.72,50298736640,2105284992.0,0.013,Corona,CA,United States,5254.0,"Monster Beverage Corporation, through its subsidiaries, engages in development, marketing, sale, and distribution of energy drink beverages and concentrates in the United States and internationally. The company operates through three segments: Monster Energy Drinks, Strategic Brands, Alcohol Brands, and Other. It offers carbonated non-carbonated energy drinks, ready-to-drink iced teas, lemonades, juice cocktails, single-serve juices and fruit beverages, ready-to-drink dairy and coffee drinks, energy drinks, sports drinks and single-serve still waters, and sodas that are considered natural, sparkling juices, and flavored sparkling beverages. The company sells its products to full service beverage bottlers/distributors, retail grocery and specialty chains, wholesalers, club stores, mass merchandisers, convenience chains, food service customers, value stores, e-commerce retailers, and the military; and concentrates and/or beverage bases to authorized bottling and canning operations. It provides its products under the Monster Energy, Monster Energy Ultra, Monster Rehab, Monster Energy Nitro, Java Monster, Punch Monster, Juice Monster, Muscle Monster, Espresso Monster, Monster Tour Water, Fury, Monster MAXX, Caffe Monster, Monster Hydro, Monster HydroSport Super Fuel, Monster Dragon Tea, Reign Total Body Fuel, and Reign Inferno Thermogenic Fuel, Reign Storm, Bang Energy, NOS, Full Throttle, Burn, Mother, Nalu, Ultra Energy, Play and Power Play (stylized), Relentless, BPM, BU, Gladiator, Samurai, Live+, Predator, and Fury brands. The company was formerly known as Hansen Natural Corporation and changed its name to Monster Beverage Corporation in January 2012. Monster Beverage Corporation was founded in 1985 and is headquartered in Corona, California.",0.000904937872343,29.2,12.1,Medium,Moderate Controversy Level,USA,United States,66.7646656881949,0.312019243435194,0.647312557199093,2,3,0.4143835616438356,-0.335293313763899,0.5805314795278325,0,0.041855623672380174,0.4421087602450484,0.0,0.6387283236994219,0.765553795034871,0.9354485808468767,0.510523614511007,High,2
NMS,PAYX,"Paychex, Inc.","Paychex, Inc.",Technology,Software - Application,139.54,50243190784,2358799872.0,0.025,Rochester,NY,United States,16000.0,"Paychex, Inc., together with its subsidiaries, provides integrated human capital management solutions (HCM) for payroll, benefits, human resources (HR), and insurance services for small to medium-sized businesses in the United States, Europe, and India. It offers payroll processing services; payroll tax administration services; employee payment services; and regulatory compliance services, such as new-hire reporting and garnishment processing. The company also provides HR solutions, including integrated HCM technology solutions and HR advisory services through both virtual and on-site availability of a professionally trained HR representative, as well as HR support to non-payroll clients through its HR Partner Plus solution; and retirement services administration, such as plan implementation, ongoing compliance with government regulations, employee and employer reporting, participant and employer online access, electronic funds transfer, and other administrative services. In addition, it offers cloud-based HR administration software products for employee benefits management and administration, time and attendance, digital communication solutions, recruiting, and onboarding solutions; plan administration outsourcing and state unemployment insurance services; various business services to small to medium-sized businesses comprising payroll funding and outsourcing services, which include payroll processing, invoicing, and tax preparation; and payment processing services, financial fitness programs, and a small-business loan resource center. Further, the company provides insurance services for property and casualty coverage, such as workers' compensation, business-owner policies, cyber security protection, and commercial auto, as well as health and benefits coverage, including health, dental, vision, and life. It markets and sells its services primarily through its direct sales force. The company was founded in 1971 and is headquartered in Rochester, New York.",0.0009039385321586,16.7,3.2,Low,Low Controversy Level,USA,United States,66.7646656881949,0.312019243435194,0.647312557199093,1,9,0.19161676646706588,-0.335293313763899,0.332383348657031,0,0.046947652710606955,0.4421087602450484,0.0,0.2774566473988439,0.765553795034871,0.9275954497274052,0.40135679850888645,Medium,1
NMS,CHTR,"Charter Communications, Inc.","Charter Communications, Inc.",Communication Services,Telecom Services,351.5,49977675776,21500000256.0,0.016,Stamford,CT,United States,101100.0,"Charter Communications, Inc. operates as a broadband connectivity and cable operator company serving residential and commercial customers in the United States. The company offers subscription-based internet, video, and mobile and voice services; a suite of broadband connectivity services, including fixed internet, WiFi, and mobile; Advanced WiFi services; Spectrum Security Shield; in-home WiFi, which provides customers with high performance wireless routers and managed WiFi services to enhance their fixed wireless internet experience; out-of-home WiFi; and Spectrum WiFi services. It also offers voice communications services using voice over internet protocol technology; and broadband communications solutions, such as internet access, data networking, fiber connectivity, video entertainment, and business telephone services to cellular towers and office buildings for business and carrier organizations. In addition, the company provides mobile services; video programming, static IP and business WiFi, voice, and e-mail and security services; sells local advertising across various platforms for networks, such as TBS, CNN, and ESPN; sells advertising inventory to local sports and news channels; and offers Audience App to create data-driven linear TV campaigns for local advertisers. Further, the company offers communications products and managed service solutions; data connectivity services to mobile and wireline carriers on a wholesale basis; and owns and operates regional sports networks and news channels. It serves approximately 32 million customers in 41 states. Charter Communications, Inc.was founded in 1993 and is headquartered in Stamford, Connecticut.",0.0008991615814345,24.7,6.1,Medium,Moderate Controversy Level,USA,United States,66.7646656881949,0.312019243435194,0.647312557199093,2,1,0.24696356275303644,-0.335293313763899,0.4942206618552137,0,0.43019207920678476,0.4421087602450484,0.0,0.5086705202312138,0.765553795034871,0.33654054617383566,0.41161547000324045,Medium,1
NMS,AEP,American Electric Power Company,"American Electric Power Company, Inc.",Utilities,Utilities - Regulated Electric,92.75,49395404800,7258299904.0,0.015,Columbus,OH,United States,17250.0,"American Electric Power Company, Inc., an electric public utility holding company, engages in the generation, transmission, and distribution of electricity for sale to retail and wholesale customers in the United States. It operates through Vertically Integrated Utilities, Transmission and Distribution Utilities, AEP Transmission Holdco, and Generation & Marketing segments. The company generates electricity using coal and lignite, natural gas, renewable, nuclear, hydro, solar, wind, and other energy sources. It also supplies and markets electric power at wholesale to other electric utility companies, rural electric cooperatives, municipalities, and other market participants. American Electric Power Company, Inc. was incorporated in 1906 and is headquartered in Columbus, Ohio.",0.0008886857903243,26.1,12.7,Medium,Moderate Controversy Level,USA,United States,66.7646656881949,0.312019243435194,0.647312557199093,2,10,0.4865900383141762,-0.335293313763899,0.5283892318663618,1,0.14694281651073746,0.4421087602450484,1.0,0.5491329479768786,0.765553795034871,0.7733789032897782,0.6674380340385342,Critical,3
NMS,ROST,"Ross Stores, Inc.","Ross Stores, Inc.",Consumer Cyclical,Apparel Retail,149.15,49208905728,2983800064.0,0.071,Dublin,CA,United States,108000.0,"Ross Stores, Inc., together with its subsidiaries, operates off-price retail apparel and home fashion stores under the Ross Dress for Less and dd's DISCOUNTS brand names in the United States. Its stores primarily offer apparel, accessories, footwear, and home fashions. The company's Ross Dress for Less stores sell its products at department and specialty stores to middle income households; and dd's DISCOUNTS stores sell its products at department and discount stores for households with moderate income. Ross Stores, Inc. was incorporated in 1957 and is headquartered in Dublin, California.",0.0008853304362004,18.2,1.8,Low,Moderate Controversy Level,USA,United States,66.7646656881949,0.312019243435194,0.647312557199093,1,2,0.09890109890109891,-0.335293313763899,0.36985175205072995,0,0.060635367112059343,0.4421087602450484,0.0,0.32080924855491333,0.765553795034871,0.9064857083819562,0.41225160472116235,Medium,1
NYQ,PWR,"Quanta Services, Inc.","Quanta Services, Inc.",Industrials,Engineering & Construction,328.41,48477257728,1868978048.0,0.155,Houston,TX,United States,52500.0,"Quanta Services, Inc. provides infrastructure solutions for the electric and gas utility, renewable energy, communications, and pipeline and energy industries in the United States, Canada, Australia, and internationally. The company's Electric Power Infrastructure Solutions segment engages in the design, procurement, construction, upgrade, repair, and maintenance of electric power transmission and distribution infrastructure and substation facilities; installation, maintenance, and upgrade of electric power infrastructure projects; installation of smart grid technologies on electric power networks; and design, installation, maintenance, and repair of commercial and industrial wirings. This segment also offers aviation services; emergency restoration services; and other engineering and technical services; design and construction solutions to wireline and wireless communications, cable multi-system operators, and other customers; and training for electric workers, as well as training for the gas distribution and communications industries. The company's Renewable Energy Infrastructure Solutions segment is involved in engineering, procurement, construction, repair, and maintenance of wind, solar, and hydropower generation facilities, as well as battery storage facilities; and provision of engineering and construction services for substations and switchyards, transmission, and other electrical infrastructures. The company's Underground Utility and Infrastructure Solutions segment offers design, engineering, procurement, construction, upgrade, repair, and maintenance services for natural gas systems for gas utility customers; fabrication services for pipeline support systems and structures and facilities; and engineering and construction services for pipeline and storage systems, and compressor and pump stations. The company was formerly known as Fabal Construction, Inc. and changed its name to Quanta Services, Inc. in November 1997. The company was incorporated in 1997 and is headquartered in Houston, Texas.",0.0008721671635488,36.9,12.1,High,Moderate Controversy Level,USA,United States,66.7646656881949,0.312019243435194,0.647312557199093,3,7,0.32791327913279134,-0.335293313763899,0.761181670115117,1,0.0385537081838789,0.4421087602450484,1.0,0.8612716763005779,0.765553795034871,0.9405409271555779,0.7777958549222239,Critical,3
NYQ,CMI,Cummins Inc.,Cummins Inc.,Industrials,Specialty Industrial Machinery,351.38,48203010048,4582000128.0,0.003,Columbus,IN,United States,75500.0,"Cummins Inc. designs, manufactures, distributes, and services diesel and natural gas engines, electric and hybrid powertrains, and related components worldwide. It operates through five segments: Engine, Distribution, Components, Power Systems, and Accelera. The company offers diesel and natural gas-powered engines under the Cummins and other customer brands for the heavy and medium-duty truck, bus, recreational vehicle, light-duty automotive, construction, mining, marine, rail, oil and gas, defense, and agricultural markets; and offers parts and services, as well as remanufactured parts and engines. It provides power generation systems, horsepower engines, heavy and medium duty engines, application engineering services, custom-designed assemblies, retail and wholesale aftermarket parts, and in-shop and field-based repair services. In addition, the company offers emission solutions; turbochargers; air and fuel filters, fuel water separators, lube and hydraulic filters, coolants, fuel additives, and other filtration systems; and electronic control modules, sensors, and supporting software, as well as new, replacement, and remanufactured fuel systems. Further, it provides automated transmissions; standby and prime power generators, controls, paralleling systems, and transfer switches, as well as A/C generator/alternator products under the Stamford and AVK brands; and electrified power systems with components and subsystems, including battery, fuel cell, and hydrogen production technologies. Additionally, it offers filtration, aftertreatment, controls systems, air handling systems, and electric power generation systems, and batteries. It sells its products to original equipment manufacturers, distributors, dealers, and other customers. The company was formerly known as Cummins Engine Company and changed its name to Cummins Inc. in 2001. Cummins Inc. was founded in 1919 and is headquartered in Columbus, Indiana.",0.0008672331010134,19.3,5.6,Low,Moderate Controversy Level,USA,United States,66.7646656881949,0.312019243435194,0.647312557199093,1,7,0.29015544041450775,-0.335293313763899,0.4003899337568605,1,0.09505630713595058,0.4421087602450484,1.0,0.35260115606936415,0.765553795034871,0.853400356112007,0.6164806417485027,Critical,3
NYQ,URI,"United Rentals, Inc.","United Rentals, Inc.",Industrials,Rental & Leasing Services,722.64,47421370368,4542000128.0,0.06,Stamford,CT,United States,26300.0,"United Rentals, Inc., through its subsidiaries, operates as an equipment rental company. It operates in two segments, General Rentals and Specialty. The General Rentals segment rents general construction and industrial equipment includes backhoes, skid-steer loaders, forklifts, earthmoving equipment, and material handling equipment; aerial work platforms, such as boom and scissor lifts; and general tools and light equipment comprising pressure washers, water pumps, and power tools for construction and industrial companies, manufacturers, utilities, municipalities, homeowners, and government entities. The specialty segment rents specialty construction products, including trench safety equipment consists of trench shields, aluminum hydraulic shoring systems, slide rails, crossing plates, construction lasers, and line testing equipment for underground work; power and heating, ventilating, and air conditioning equipment, such as portable diesel generators, electrical distribution equipment, and temperature control equipment; fluid solutions equipment for fluid containment, transfer, and treatment; and mobile storage equipment and modular office space. This segment serves construction companies involved in infrastructure projects, and municipalities and industrial companies. It also sells aerial lifts, reach forklifts, telehandlers, compressors, and generators; construction consumables, tools, small equipment, and safety supplies; and parts for equipment that is owned by its customers, as well as provides repair and maintenance services. The company sells used equipment through its sales force, brokers, website, at auctions, and directly to manufacturers. The company operates in the United States, Canada, Europe, Australia, and New Zealand. United Rentals, Inc. was incorporated in 1997 and is headquartered in Stamford, Connecticut.",0.0008531704148266,16.9,5.3,Low,Low Controversy Level,USA,United States,66.7646656881949,0.312019243435194,0.647312557199093,1,7,0.3136094674556213,-0.335293313763899,0.3563794101446748,1,0.09577960511796908,0.4421087602450484,1.0,0.28323699421965315,0.765553795034871,0.8522848569959183,0.5955598432819805,High,2
NYQ,MSCI,MSCI Inc.,MSCI Inc.,Financial Services,Financial Data & Stock Exchanges,604.8,47398957056,1622592000.0,0.159,New York,NY,United States,6118.0,"MSCI Inc., together with its subsidiaries, provides critical decision support tools and solutions for the investment community to manage investment processes worldwide. The Index segment provides indexes for use in various areas of the investment process, including indexed financial product, such as ETFs, mutual funds, annuities, futures, options, structured products, and over-the-counter derivatives; performance benchmarking; portfolio construction and rebalancing; and asset allocation, as well as licenses GICS and GICS Direct. The Analytics segment offers risk management, performance attribution and portfolio management content, application, an integrated view of risk and return service, and an analysis of market, credit, liquidity, counterparty, and climate risk across asset classes; managed services, including consolidation of client portfolio data, review and reconciliation of input data and results, and customized reporting; and HedgePlatform to measure, evaluate, and monitor the risk of hedge fund investments. The ESG and Climate segment provides products and services that help institutional investors understand how ESG impacts the long-term risk and return of their portfolio and individual security-level investments; and data, ratings, research, and tools to help investors navigate increasing regulation. The All Other  Private Assets segment includes real estate and infrastructure data, benchmarks, return-analytics, climate assessments and market insights; business intelligence to real estate owners, managers, developers, and brokers; and offers investment decision support tools for private capital. The Private Capital Solutions segment offers tools to help private asset investors across mission-critical workflows, such as sourcing terms and conditions, evaluating operating performance, managing risk and other activities supporting private capital investing. MSCI Inc. was incorporated in 1998 and is headquartered in New York, New York.",0.0008527671710033,16.3,1.6,Low,Low Controversy Level,USA,United States,66.7646656881949,0.312019243435194,0.647312557199093,1,5,0.09815950920245399,-0.335293313763899,0.3438894231521211,0,0.03423265195651819,0.4421087602450484,0.0,0.26589595375722547,0.765553795034871,0.947205033128526,0.39984954875651296,Medium,1
NMS,LULU,lululemon athletica inc.,Lululemon Athletica Inc.,Consumer Cyclical,Apparel Retail,379.42,46207287296,2699964928.0,0.073,Vancouver,BC,Canada,38000.0,"Lululemon Athletica Inc., together with its subsidiaries, designs, distributes, and retails athletic apparel, footwear, and accessories under the lululemon brand for women and men. It offers pants, shorts, tops, and jackets for healthy lifestyle, such as yoga, running, training, and other activities. It also provides fitness-inspired accessories. The company sells its products through a chain of company-operated stores; outlets; interactive workout platform; yoga and fitness studios, university campus retailers, and other partners; license and supply arrangements; and temporary locations, as well as through mobile apps and lululemon.com e-commerce website. It has operations in the United States, Canada, Mainland China, Australia, South Korea, Hong Kong, Japan, New Zealand, Taiwan, Singapore, Malaysia, Macau, Thailand, the Asia Pacific, the United Kingdom, Germany, France, Ireland, Spain, the Netherlands, Sweden, Norway, Switzerland, Europe, the Middle East, and Africa. Lululemon Athletica Inc. was founded in 1998 and is based in Vancouver, Canada.",0.0008313275252152,16.9,1.6,Low,Moderate Controversy Level,CAN,Canada,68.1819038515583,0.281583885412555,0.64522196244372,1,2,0.09467455621301776,-0.36363807703116496,0.36574317578394117,0,0.05843158267881539,0.22065446132927624,0.0,0.28323699421965315,0.7760272701979738,0.9098844729968849,0.34752725142759955,Low,0
NYQ,O,Realty Income Corporation,Realty Income Corporation,Real Estate,REIT - Retail,52.79,46202388480,4485658112.0,0.286,San Diego,CA,United States,418.0,"Realty Income (NYSE: O), an S&P 500 company, is real estate partner to the world's leading companies. Founded in 1969, we invest in diversified commercial real estate and have a portfolio of 15,450 properties in all 50 U.S. states, the U.K., and six other countries in Europe. We are known as ""The Monthly Dividend Company"" and have a mission to deliver stockholders dependable monthly dividends that grow over time. Since our founding, we have declared 649 consecutive monthly dividends and are a member of the S&P 500 Dividend Aristocrats index for having increased our dividend for the last 29 consecutive years.",0.000831239389321,15.5,4.4,Low,Moderate Controversy Level,USA,United States,66.7646656881949,0.312019243435194,0.647312557199093,1,8,0.2838709677419355,-0.335293313763899,0.33548049159210913,0,0.09708714764696079,0.4421087602450484,0.0,0.24277456647398843,0.765553795034871,0.8502683125403837,0.38321946051272765,Low,0
NYQ,PSX,Phillips 66,Phillips 66,Energy,Oil & Gas Refining & Marketing,110.37,45581594624,5571999744.0,-0.104,Houston,TX,United States,14000.0,"Phillips 66 operates as an energy manufacturing and logistics company in the United States, the United Kingdom, Germany, and internationally. It operates through four segments: Midstream, Chemicals, Refining, and Marketing and Specialties (M&S). The Midstream segment transports crude oil and other feedstocks; delivers refined petroleum products to market; provides terminaling and storage services for crude oil and refined petroleum products; transports, stores, fractionates, exports, and markets natural gas liquids; provides other fee-based processing services; and gathers, processes, transports, and markets natural gas. The Chemicals segment produces and markets ethylene and other olefin products; aromatics and styrenics products, such as benzene, cyclohexane, styrene, and polystyrene; and various specialty chemical products, including organosulfur chemicals, solvents, catalysts, and chemicals used in drilling and mining. The Refining segment refines crude oil and other feedstocks into petroleum products, such as gasolines, distillates, aviation, and renewable. The M&S segment purchases for resale and markets refined petroleum products, including gasolines, distillates, and aviation fuels. This segment also manufactures and markets specialty products, such as base oils and lubricants. Phillips 66 was founded in 1875 and is headquartered in Houston, Texas.",0.0008200705228894,35.4,20.8,High,Significant Controversy Level,USA,United States,66.7646656881949,0.312019243435194,0.647312557199093,3,4,0.5875706214689266,-0.335293313763899,0.7766292577522266,1,0.12224231710108238,0.4421087602450484,1.0,0.8179190751445087,0.765553795034871,0.8114730027389826,0.7518832821337436,Critical,3
NYQ,AIG,"American International Group, I","American International Group, Inc.",Financial Services,Insurance - Diversified,72.69,45341773824,8501000192.0,-0.086,New York,NY,United States,25000.0,"American International Group, Inc. offers insurance products for commercial, institutional, and individual customers in North America and internationally. It operates through three segments: General Insurance, Life and Retirement, and Other Operations. The General Insurance segment provides commercial and industrial property insurance, including business interruption and package insurance that cover exposure to made and natural disasters; general liability, environmental, commercial automobile liability, workers' compensation, excess casualty, and crisis management insurance products; and professional liability insurance. This segment offers marine, energy-related property insurance, aviation, political risk, trade credit, trade finance, and portfolio solutions, as well as operates reinsurance business; voluntary and sponsor-paid personal accident, and supplemental health products; and personal auto and personal property insurance. Its Life and Retirement segment offers individual retirement products, including variable, fixed index, and fixed annuities, as well as retail mutual funds; group retirement products comprising record-keeping, plan administrative and compliance services, financial planning, and advisory solutions; life insurance, including term and universal life insurance; and institutional markets products, which includes wrap products, structured settlement, pension risk transfer annuities, corporate and bank-owned life insurance, high net worth, and guaranteed investment contract products. It distributes its products through a network of brokers, agents, advisors, banks, and other distributors. The company was founded in 1919 and is headquartered in New York, New York.",0.0008157558434562,24.2,1.6,Medium,Moderate Controversy Level,USA,United States,66.7646656881949,0.312019243435194,0.647312557199093,2,5,0.06611570247933884,-0.335293313763899,0.5337241567552132,0,0.1874871553326903,0.4421087602450484,0.0,0.4942196531791907,0.765553795034871,0.7108498001501881,0.44471113528526873,High,2
NYQ,D,"Dominion Energy, Inc.","Dominion Energy, Inc.",Utilities,Utilities - Regulated Electric,53.66,45074935808,7032000000.0,0.034,Richmond,VA,United States,17700.0,"Dominion Energy, Inc. produces and distributes energy in the United States. It operates through three operating segments: Dominion Energy Virginia, Dominion Energy South Carolina, and Contracted Energy. The Dominion Energy Virginia segment generates, transmits, and distributes regulated electricity to approximately 2.8 million residential, commercial, industrial, and governmental customers in Virginia and North Carolina. The Dominion Energy South Carolina segment generates, transmits, and distributes electricity to approximately 0.8 million customers in the central, southern, and southwestern portions of South Carolina; and distributes natural gas to approximately 0.4 million residential, commercial, and industrial customers in South Carolina. The Contracted Energy segment is involved in the nonregulated long-term contracted renewable electric generation and renewable natural gas facility. As of December 31, 2023, the company's portfolio of assets included approximately 29.5 gigawatt of electric generating capacity; 10,600 miles of electric transmission lines; 79,300 miles of electric distribution lines; and 94,800 miles of gas distribution mains and related service facilities. The company was formerly known as Dominion Resources, Inc. Dominion Energy, Inc. was incorporated in 1983 and is headquartered in Richmond, Virginia.",0.0008109550901453,26.4,11.9,Medium,Moderate Controversy Level,USA,United States,66.7646656881949,0.312019243435194,0.647312557199093,2,10,0.4507575757575758,-0.335293313763899,0.5856913498990378,1,0.15600687774583463,0.4421087602450484,1.0,0.5578034682080925,0.765553795034871,0.7593999450356588,0.6686412942824864,Critical,3
NYQ,DHI,"D.R. Horton, Inc.","D.R. Horton, Inc.",Consumer Cyclical,Residential Construction,139.61,44790935552,6202899968.0,-0.048,Arlington,TX,United States,,"D.R. Horton, Inc. operates as a homebuilding company in East, North, Southeast, South Central, Southwest, and Northwest regions in the United States. It engages in the acquisition and development of land; and construction and sale of residential homes in 125 markets across 36 states under the names of D.R. Horton. The company constructs and sells single-family detached homes; and attached homes, such as townhomes, duplexes, and triplexes. It provides mortgage financing services; and title insurance policies, and examination and closing services, as well as engages in the residential lot development business. In addition, the company develops, constructs, owns, leases, and sells multi-family and single-family rental properties; and owns non-residential real estate, including ranch land and improvements. It primarily serves homebuyers. D.R. Horton, Inc. was founded in 1978 and is headquartered in Arlington, Texas.",0.000805845566436,21.0,8.7,Medium,Moderate Controversy Level,USA,United States,66.7646656881949,0.312019243435194,0.647312557199093,2,2,0.41428571428571426,-0.335293313763899,0.46884486205071707,0,0.1384856085624456,0.4421087602450484,0.0,0.40173410404624277,0.765553795034871,0.7864219481003986,0.42452268534040544,Medium,1
NYQ,KR,Kroger Company (The),The Kroger Co.,Consumer Defensive,Grocery Stores,61.85,44755030016,8067999744.0,-0.006,Cincinnati,OH,United States,414000.0,"The Kroger Co. operates as a food and drug retailer in the United States. The company operates combination food and drug stores, multi-department stores, marketplace stores, and price impact warehouses. Its combination food and drug stores offer natural food and organic sections, pharmacies, general merchandise, pet centers, fresh seafood, and organic produce; and multi-department stores provide apparel, home fashion and furnishings, outdoor living, electronics, automotive products, and toys. The company's marketplace stores offer full-service grocery, pharmacy, health and beauty care, and perishable goods, as well as general merchandise, including apparel, home goods, and toys; and price impact warehouse stores provide grocery, and health and beauty care items, as well as meat, dairy, baked goods, and fresh produce items. It also manufactures and processes food products for sale in its supermarkets and online; and sells fuel through fuel centers. The Kroger Co. was founded in 1883 and is based in Cincinnati, Ohio.",0.0008051995804427,21.3,6.6,Medium,Significant Controversy Level,USA,United States,66.7646656881949,0.312019243435194,0.647312557199093,2,3,0.30985915492957744,-0.335293313763899,0.47592415852218656,0,0.18027023423100547,0.4421087602450484,0.0,0.4104046242774567,0.765553795034871,0.7219800249122501,0.4206796490909548,Medium,1
NMS,NDAQ,"Nasdaq, Inc.","Nasdaq, Inc.",Financial Services,Financial Data & Stock Exchanges,77.7,44658696192,2512000000.0,0.311,New York,NY,United States,9120.0,"Nasdaq, Inc. operates as a technology company that serves capital markets and other industries worldwide. It operates in three segments: Capital Access Platforms, Financial Technology, and Market Services. The Capital Access Platforms segment sells and distributes historical and real-time market data; and develops and licenses Nasdaq-branded indices and financial products. This segment also offers investor relations intelligence, governance solutions, and ESG solutions; and insights and workflow solutions, as well as operates listing platforms. The Financial Technology segment offers Verafin, a cloud-based platform to detect, investigate, and report money laundering and financial frauds; surveillance solutions, including a SaaS platform to assist in complying with market rules, regulations, and internal market surveillance policies; AxiomSL, a risk data management and regulatory reporting solution; and Calypso, a front-to-back trading technology solution for the financial market. This segment also handles assets, comprising cash equities, equity derivatives, currencies, various interest-bearing securities, commodities, energy products, and digital currencies; and trade management and colocation services. The Market Platforms segment offers equity derivative trading and clearing, cash equity trading, fixed income and commodities trading and clearing, and currency trading services. This segment operates various exchanges and other marketplace facilities across various asset classes which includes derivatives, commodities, cash equity, debt, structured products, and exchange traded products; and provides clearing, settlement, and central depository services. The company was formerly known as The NASDAQ OMX Group, Inc. and changed its name to Nasdaq, Inc. in September 2015. Nasdaq, Inc. was founded in 1971 and is headquartered in New York, New York.",0.0008034664131397,13.1,0.0,Low,Low Controversy Level,USA,United States,66.7646656881949,0.312019243435194,0.647312557199093,1,5,0.0,-0.335293313763899,0.2933359259679123,0,0.05624884320850349,0.4421087602450484,0.0,0.17341040462427748,0.765553795034871,0.9132507812271251,0.3687084588264885,Low,0
NYQ,OXY,Occidental Petroleum Corporatio,Occidental Petroleum Corporation,Energy,Oil & Gas E&P,47.13,44224106496,12931000320.0,0.002,Houston,TX,United States,12570.0,"Occidental Petroleum Corporation, together with its subsidiaries, engages in the acquisition, exploration, and development of oil and gas properties in the United States, the Middle East, and North Africa. It operates through three segments: Oil and Gas, Chemical, and Midstream and Marketing. The company's Oil and Gas segment explores for, develops, and produces oil and condensate, natural gas liquids (NGLs), and natural gas. Its Chemical segment manufactures and markets basic chemicals, including chlorine, caustic soda, chlorinated organics, potassium chemicals, ethylene dichloride, chlorinated isocyanurates, sodium silicates, and calcium chloride; and vinyls comprising vinyl chloride monomer, polyvinyl chloride, and ethylene. The Midstream and Marketing segment gathers, processes, transports, stores, purchases, and markets oil, condensate, NGLs, natural gas, carbon dioxide, and power. This segment also invests in entities. Occidental Petroleum Corporation was founded in 1920 and is headquartered in Houston, Texas.",0.0007956475949921,41.7,25.0,Severe,Moderate Controversy Level,USA,United States,66.7646656881949,0.312019243435194,0.647312557199093,4,4,0.5995203836930455,-0.335293313763899,0.9429246468500546,1,0.2923970961667612,0.4421087602450484,1.0,1.0,0.765553795034871,0.5490534877330762,0.7802656080898004,Critical,3
NYQ,EW,Edwards Lifesciences Corporatio,Edwards Lifesciences Corporation,Healthcare,Medical Devices,74.81,44122935296,2052400000.0,0.089,Irvine,CA,United States,19800.0,"Edwards Lifesciences Corporation provides products and technologies for structural heart disease and critical care monitoring in the United States, Europe, Japan, and internationally. It offers transcatheter heart valve replacement products for the minimally invasive replacement of aortic heart valves under the Edwards SAPIEN family of valves system; and transcatheter heart valve repair and replacement products to treat mitral and tricuspid valve diseases under the PASCAL PRECISION and Cardioband names. The company also provides surgical structural heart solutions, such as aortic surgical valve under the INSPIRIS name; INSPIRIS RESILLA aortic valve, which offers RESILIA tissue and VFit technology; KONECT RESILIA, a pre-assembled tissue valves conduit for complex combined procedures; and MITRIS RESILIA valve. In addition, it offers critical care solutions, including hemodynamic monitoring systems to measure a patient's heart function and fluid status in surgical and intensive care settings under the FloTrac, Acumen IQ sensors, ClearSight, Acumen IQ cuffs, and ForeSight names; HemoSphere, a monitoring platform that displays physiological information; and Acumen Hypotension Prediction Index software that alerts clinicians in advance of a patient developing dangerously low blood pressure. The company distributes its products through a direct sales force and independent distributors. Edwards Lifesciences Corporation was founded in 1958 and is headquartered in Irvine, California.",0.0007938273971783,18.6,2.9,Low,Low Controversy Level,USA,United States,66.7646656881949,0.312019243435194,0.647312557199093,1,6,0.15591397849462363,-0.335293313763899,0.4215494702521797,0,0.04651549100782654,0.4421087602450484,0.0,0.3323699421965318,0.765553795034871,0.9282619468135904,0.41789743665681134,Medium,1
NYQ,COR,"Cencora, Inc.","Cencora, Inc.",Healthcare,Medical Distribution,227.69,44007923712,4303009792.0,0.147,Conshohocken,PA,United States,46000.0,"Cencora, Inc. sources and distributes pharmaceutical products in the United States and internationally. The company's U.S. Healthcare Solutions segment distributes pharmaceuticals, over-the-counter healthcare products, home healthcare supplies and equipment, and related services to acute care hospitals and health systems, independent and chain retail pharmacies, mail order pharmacies, medical clinics, long-term care and alternate site pharmacies, and other customers; provides pharmacy management, staffing, and other consulting services; supply management software to retail and institutional healthcare providers; packaging solutions to institutional and retail healthcare providers; clinical trial support, product post-approval, and commercialization support services; data analytics, outcomes research, and other services for biotechnology and pharmaceutical manufacturers; pharmaceuticals, vaccines, parasiticides, diagnostics, micro feed ingredients, and other products to the companion animal and production animal markets; and sales force services to manufacturers. This segment also distributes plasma and other blood products, injectable pharmaceuticals, vaccines, and other specialty products; and offers other services to physicians who specialize in various disease states, such as oncology, as well as to other healthcare providers, including hospitals and dialysis clinics. Its International Healthcare Solutions segment provides international pharmaceutical wholesale and related service, and global commercialization services; distributes pharmaceuticals, other healthcare products, and related services to pharmacies, doctors, health centers, and hospitals; and offers specialty transportation and logistics services for the biopharmaceutical industry. The company was formerly known as AmerisourceBergen Corporation and changed its name to Cencora, Inc. in August 2023. Cencora, Inc. was founded in 1871 and is headquartered in Conshohocken, Pennsylvania.",0.0007917581933559,12.8,1.6,Low,Significant Controversy Level,USA,United States,66.7646656881949,0.312019243435194,0.647312557199093,1,6,0.125,-0.335293313763899,0.29085671216317166,0,0.09777806878961352,0.4421087602450484,0.0,0.16473988439306364,0.765553795034871,0.8492027462826633,0.35970249926267817,Low,0
NYQ,FIS,Fidelity National Information S,"Fidelity National Information Services, Inc.",Technology,Information Technology Services,81.46,43854315520,3571000064.0,0.031,Jacksonville,FL,United States,60000.0,"Fidelity National Information Services, Inc. engages in the provision of financial services technology solutions for financial institutions, businesses, and developers worldwide. It operates through Banking Solutions, Capital Market Solutions, and Corporate and Other segments. The company provides core processing and ancillary applications; mobile and online banking; fraud, risk management, and compliance; card and retail payment; electronic funds transfer and network; wealth and retirement; and item processing and output solutions. It also offers trading and asset, lending, leveraged and syndicated loan markets, and treasury and risk solutions. The company was founded in 1968 and is headquartered in Jacksonville, Florida.",0.000788994587752,17.5,4.1,Low,Low Controversy Level,USA,United States,66.7646656881949,0.312019243435194,0.647312557199093,1,9,0.23428571428571426,-0.335293313763899,0.39904852675260727,0,0.08142870368986664,0.4421087602450484,0.0,0.3005780346820809,0.765553795034871,0.8744173919346317,0.40297540891458017,Medium,1
NYQ,KMB,Kimberly-Clark Corporation,Kimberly-Clark Corporation,Consumer Defensive,Household & Personal Products,131.32,43793252352,3897999872.0,-0.035,Dallas,TX,United States,41000.0,"Kimberly-Clark Corporation, together with its subsidiaries, manufactures and markets personal care and consumer tissue products in the United States. It operates through three segments: Personal Care, Consumer Tissue, and K-C Professional. The company's Personal Care segment offers disposable diapers, training and youth pants, swimpants, baby wipes, feminine and incontinence care products, reusable underwear, and other related products under the Huggies, Pull-Ups, Little Swimmers, GoodNites, DryNites, Sweety, Kotex, U by Kotex, Intimus, Thinx, Poise, Depend, Plenitud, Softex, and other brand names. Its Consumer Tissue segment provides facial and bathroom tissues, paper towels, napkins, and related products under the Kleenex, Scott, Cottonelle, Viva, Andrex, Scottex, Neve, and other brand names. The company's K-C Professional segment offers wipers, tissues, towels, apparel, personal protective equipment, soaps, and sanitizers under the Kleenex, Scott, WypAll, Kimtech, and KleenGuard brands. It also sells household use products directly to supermarkets, mass merchandisers, drugstores, warehouse clubs, variety and department stores, and other retail outlets, as well as through other distributors and e-commerce; and away-from-home use products directly to distributors, manufacturing, lodging, office building, food service, and public facilities, as well as through e-commerce. Kimberly-Clark Corporation was founded in 1872 and is headquartered in Dallas, Texas.",0.0007878959841485,28.5,10.4,Medium,Moderate Controversy Level,USA,United States,66.7646656881949,0.312019243435194,0.647312557199093,2,3,0.3649122807017544,-0.335293313763899,0.6507851887985759,0,0.08900914325039806,0.4421087602450484,0.0,0.6184971098265896,0.765553795034871,0.8627265344463539,0.497182045709105,High,2
NYQ,NEM,Newmont Corporation,Newmont Corporation,Basic Materials,Gold,38.28,43579867136,6008999936.0,0.847,Denver,CO,United States,21700.0,"Newmont Corporation engages in the production and exploration of gold. It also explores for copper, silver, zinc, and lead. The company has operations and/or assets in the United States, Canada, Mexico, Dominican Republic, Peru, Suriname, Argentina, Chile, Australia, Papua New Guinea, Ecuador, Fiji, and Ghana. The company was founded in 1916 and is headquartered in Denver, Colorado.",0.0007840569142979,20.5,7.1,Medium,Significant Controversy Level,USA,United States,66.7646656881949,0.312019243435194,0.647312557199093,2,0,0.3463414634146341,-0.335293313763899,0.47040069984668625,1,0.1378847695255167,0.4421087602450484,1.0,0.3872832369942196,0.765553795034871,0.7873485861268664,0.6202800890274454,Critical,3
NYQ,DFS,Discover Financial Services,Discover Financial Services,Financial Services,Credit Services,173.16,43475628032,3343453568.0,0.605,Riverwoods,IL,United States,21100.0,"Discover Financial Services, through its subsidiaries, provides digital banking products and services, and payment services in the United States. It operates in two segments, Digital Banking and Payment Services. The Digital Banking segment offers Discover-branded credit cards to individuals; personal loans, home loans, and other consumer lending; and direct-to-consumer deposit products comprising savings accounts, certificates of deposit, money market accounts, IRA certificates of deposit, IRA savings accounts and checking accounts, and sweep accounts. The Payment Services segment operates the PULSE to access automated teller machines, debit, and electronic funds transfer network; and Diners Club International, a payments network that issues Diners Club branded charge cards and/or provides card acceptance services, as well as offers payment transaction processing and settlement services. The company was incorporated in 1960 and is based in Riverwoods, Illinois.",0.0007821815210119,22.5,0.1,Medium,Moderate Controversy Level,USA,United States,66.7646656881949,0.312019243435194,0.647312557199093,2,5,0.0044444444444444444,-0.335293313763899,0.5175313392468763,0,0.07690408901141277,0.4421087602450484,0.0,0.4450867052023122,0.765553795034871,0.8813954339034099,0.4470258142675274,High,2
NYQ,PCG,Pacific Gas & Electric Co.,PG&E Corporation,Utilities,Utilities - Regulated Electric,19.82,43475365888,9317999616.0,0.009,Oakland,CA,United States,28010.0,"PG&E Corporation, through its subsidiary, Pacific Gas and Electric Company, engages in the sale and delivery of electricity and natural gas to customers in northern and central California, the United States. It generates electricity using nuclear, hydroelectric, fossil fuel-fired, fuel cell, and photovoltaic sources. The company owns and operates interconnected transmission lines; electric transmission substations, distribution lines, transmission switching substations, and distribution substations; and natural gas transmission, storage, and distribution system consisting of distribution pipelines, backbone and local transmission pipelines, and various storage facilities. It serves residential, commercial, industrial, and agricultural customers, as well as natural gas-fired electric generation facilities. PG&E Corporation was incorporated in 1905 and is based in Oakland, California.",0.0007821768047099,30.4,9.6,High,High Controversy Level,USA,United States,66.7646656881949,0.312019243435194,0.647312557199093,3,10,0.3157894736842105,-0.335293313763899,0.6992465590356528,1,0.21432826212445838,0.4421087602450484,1.0,0.6734104046242774,0.765553795034871,0.6694543702645619,0.694328817730232,Critical,3
NYQ,TEL,TE Connectivity plc,TE Connectivity plc,Technology,Electronic Components,143.67,42980601856,3761999872.0,0.008,Ballybrit,,Ireland,87000.0,"TE Connectivity plc, together with its subsidiaries, manufactures and sells connectivity and sensor solutions in Europe, the Middle East, Africa, the AsiaPacific, and the Americas. The company operates through three segments: Transportation Solutions, Industrial Solutions, and Communications Solutions. It provides antennas, application tooling, cable assemblies, connectors, electromagnetic compatibility/electromagnetic interference solutions, energy and power, fiber optics, heat shrink tubing, identification and labeling, medical components, passive components, relays and contactors, sensors, switches, terminals and splices, wires and cables, and wire protection and management solutions. The company also offers training and other services, including 3D printing for production, backshells prototyping, electrical installation training, HarnWare software, machine tooling service and repair, medical device design services, and microfluidic devices, as well as conducts automotive webinars. It serves 5G and wireless equipment, aerospace, appliances, automation and control, automotive, autosport, commercial and industrial vehicles, connected home, data centers and artificial intelligence, defense and military, energy solutions, e-mobility, industrial machinery, intelligent buildings, IoT connectivity, medical technologies, oil and gas/marine, personal electronics and wearable technology, rail, sensor applications, space, and other industries. The company was formerly known as Tyco Electronics Ltd. and changed its name to TE Connectivity plc in March 2011. TE Connectivity plc was founded in 1941 and is based in Ballybrit, Ireland.",0.0007732753741703,14.8,5.8,Low,None Controversy Level,IRL,Ireland,64.2468917867885,0.315577264183443,0.600515099919212,1,9,0.3918918918918919,-0.28493783573576903,0.3443413856694041,0,0.08752785464950005,0.46799769474501884,0.0,0.2225433526011561,1.0,0.8650110370525452,0.42026353317185605,Medium,1
NYQ,MPC,Marathon Petroleum Corporation,Marathon Petroleum Corporation,Energy,Oil & Gas Refining & Marketing,133.38,42866864128,10341000192.0,-0.148,Findlay,OH,United States,18200.0,"Marathon Petroleum Corporation, together with its subsidiaries, operates as an integrated downstream energy company primarily in the United States. The company operates through Refining & Marketing, and Midstream segments. The Refining & Marketing segment refines crude oil and other feedstocks at its refineries in the Gulf Coast, Mid-Continent, and West Coast regions of the United States; and purchases refined products and ethanol for resale and distributes refined products, including renewable diesel, through transportation, storage, distribution, and marketing services. Its refined products include transportation fuels, such as reformulated gasolines and blend-grade gasolines; heavy fuel oil; and asphalt. This segment also manufactures propane and petrochemicals. It sells refined products to wholesale marketing customers in the United States and internationally, buyers on the spot market, and independent entrepreneurs who operate primarily Marathon branded outlets, as well as through long-term fuel supply contracts to direct dealer locations primarily under the ARCO brand. The Midstream segment transports, stores, distributes, and markets crude oil and refined products through refining logistics assets, pipelines, terminals, towboats, and barges; gathers, processes, and transports natural gas; and gathers, transports, fractionates, stores, and markets natural gas liquids. Marathon Petroleum Corporation was founded in 1887 and is headquartered in Findlay, Ohio.",0.000771229088628,30.5,17.1,High,Significant Controversy Level,USA,United States,66.7646656881949,0.312019243435194,0.647312557199093,3,4,0.5606557377049181,-0.335293313763899,0.7115052761715278,1,0.2412352851638945,0.4421087602450484,1.0,0.6763005780346821,0.765553795034871,0.627957281701824,0.6910461608970798,Critical,3
NMS,FAST,Fastenal Company,Fastenal Company,Industrials,Industrial Distribution,74.82,42863333376,1693200000.0,0.035,Winona,MN,United States,20894.0,"Fastenal Company, together with its subsidiaries, engages in the wholesale distribution of industrial and construction supplies in the United States, Canada, Mexico, North America, and internationally. It offers fasteners, and related industrial and construction supplies under the Fastenal name. The company's fastener products include threaded fasteners, bolts, nuts, screws, studs, and related washers that are used in manufactured products and construction projects, as well as in the maintenance and repair of machines. It also offers miscellaneous supplies and hardware, including pins, machinery keys, concrete anchors, metal framing systems, wire ropes, strut products, rivets, and related accessories. The company serves the manufacturing market comprising original equipment manufacturers; maintenance, repair, and operations customers; non-residential construction market; farmers, truckers, railroads, mining companies, schools, and retail trades; and oil exploration, production, and refinement companies, as well as federal, state, and local governmental entities. Fastenal Company was founded in 1967 and is headquartered in Winona, Minnesota.",0.0007711655659351,24.7,9.3,Medium,Moderate Controversy Level,USA,United States,66.7646656881949,0.312019243435194,0.647312557199093,2,7,0.37651821862348184,-0.335293313763899,0.5762500966345749,1,0.039502294073751505,0.4421087602450484,1.0,0.5086705202312138,0.765553795034871,0.9390779800051736,0.6718692133863743,Critical,3
NYQ,AME,"AMETEK, Inc.","AMETEK, Inc.",Industrials,Specialty Industrial Machinery,183.36,42412634112,2138388992.0,0.053,Berwyn,PA,United States,21500.0,"AMETEK, Inc. manufactures and sells electronic instruments and electromechanical devices in the North America, Europe, Asia, and South America, and internationally. The company's EIG segment offers advanced instruments for the process, aerospace, power, and industrial markets; process and analytical instruments for the oil and gas, petrochemical, pharmaceutical, semiconductor, automation, and food and beverage industries; instruments to the laboratory equipment, ultra-precision manufacturing, medical, and test and measurement markets; power quality monitoring and c devices, uninterruptible power supplies, programmable power and electromagnetic compatibility test equipment, and sensors for gas turbines and dashboard instruments; heavy trucks, instrumentation, and controls for the food and beverage industries; and aircraft and engine sensors, power supplies, embedded computing, monitoring, fuel and fluid measurement, and data acquisition systems for aerospace and defense industry. Its EMG segment offers engineered medical components and devices, automation solutions, thermal management systems, specialty metals, and electrical interconnects; single-use and consumable surgical instruments, implantable components, and drug delivery systems; engineered electrical connectors and electronics packaging to protect sensitive devices and mission-critical electronics; precision motion control products for data storage, medical devices, business equipment, and automation; high-purity powdered metals, strips and foils, specialty clad metals, and metal matrix composites; motor-blower systems and heat exchangers for thermal management, military and commercial aircraft, and military ground vehicles; motors for commercial appliances, food and beverage machines, hydraulic pumps, and industrial blowers; and operates a network of aviation maintenance, repair, and overhaul facilities. AMETEK, Inc. was incorporated in 1930 and is headquartered in Berwyn, Pennsylvania.",0.0007630569162894,23.9,8.6,Medium,Low Controversy Level,USA,United States,66.7646656881949,0.312019243435194,0.647312557199093,2,7,0.3598326359832636,-0.335293313763899,0.5635113333655893,1,0.05041867916887944,0.4421087602450484,1.0,0.48554913294797686,0.765553795034871,0.9222422937081967,0.6632492285717054,Critical,3
NYQ,PEG,Public Service Enterprise Group,Public Service Enterprise Group Incorporated,Utilities,Utilities - Regulated Electric,85.06,42379018240,4044999936.0,0.076,Newark,NJ,United States,12543.0,"Public Service Enterprise Group Incorporated, through its subsidiaries, operates in electric and gas utility business in the United States. It operates through PSE&G and PSEG Power segments. The PSE&G segment transmits electricity; distributes electricity and natural gas to residential, commercial, and industrial customers; and appliance services and repairs to customers through its service territory, as well as invests in solar generation projects, and energy efficiency and related programs. The PSEG Power segment engages in nuclear generation businesses; and supplies power and natural gas to nuclear power plants and gas storage facilities activities. As of December 31, 2023, it had electric transmission and distribution system of 25,000 circuit miles and 866,600 poles; 56 switching stations with an installed capacity of 39,953 megavolt-amperes (MVA), and 235 substations with an installed capacity of 10,382 MVA; 109 MVA aggregate installed capacity for substations; four electric distribution headquarters and five electric sub-headquarters; 18,000 miles of gas mains, 12 gas distribution headquarters, two sub-headquarters, and one meter shop, as well as 56 natural gas metering and regulating stations; and 158 MegaWatts defined conditions of installed PV solar capacity. Public Service Enterprise Group Incorporated was founded in 1903 and is based in Newark, New Jersey.",0.0007624521242466,27.2,12.5,Medium,Moderate Controversy Level,USA,United States,66.7646656881949,0.312019243435194,0.647312557199093,2,10,0.4595588235294118,-0.335293313763899,0.6418270438914254,1,0.09544817468617225,0.4421087602450484,1.0,0.5809248554913294,0.765553795034871,0.8527960022816863,0.6849173161920602,Critical,3
NYQ,PRU,"Prudential Financial, Inc.","Prudential Financial, Inc.",Financial Services,Insurance - Life,117.83,41939349504,5557333504.0,1.334,Newark,NJ,United States,40366.0,"Prudential Financial, Inc., together with its subsidiaries, provides insurance, investment management, and other financial products and services in the United States and internationally. It operates through PGIM, Retirement Strategies, Group Insurance, Individual Life, and International Businesses segments. The PGIM segment offers investment management services and solutions related to public fixed income, public equity, real estate debt and equity, private credit and other alternatives, and multi-asset class strategies to institutional and retail clients, as well as its general account. The Retirement Strategies segment provides a range of retirement investment, and income products and services to retirement plan sponsors in the public, private, and not-for-profit sectors; develops and distributes individual variable and fixed annuity products. The Group Insurance segment offers various group life, and long-term and short-term group disability, as well as group corporate-, bank-, and trust-owned life insurance in the United States primarily for institutional clients for use in connection with employee and membership benefits plans; sells accidental death and dismemberment, and other supplemental health solutions; and plan administration services in connection with its insurance coverages. The Individual Life segment develops and distributes variable life, universal life, and term life insurance products. The International Businesses segment develops and distributes life insurance, retirement products, investment products, and certain accident and health products; and advisory services. The company provides its products and services to individual and institutional customers through its proprietary and third-party distribution networks. Prudential Financial, Inc. was founded in 1875 and is headquartered in Newark, New Jersey.",0.0007545419277473,19.9,0.6,Low,Low Controversy Level,USA,United States,66.7646656881949,0.312019243435194,0.647312557199093,1,5,0.030150753768844223,-0.335293313763899,0.4744947223871944,0,0.1325088149845997,0.4421087602450484,0.0,0.36994219653179183,0.765553795034871,0.7956395985278563,0.41590687812881594,Medium,1
NYQ,STZ,"Constellation Brands, Inc.","Constellation Brands, Inc.",Consumer Defensive,Beverages - Brewers,227.63,41334652928,3887300096.0,0.029,Victor,NY,United States,10600.0,"Constellation Brands, Inc., together with its subsidiaries, produces, imports, markets, and sells beer, wine, and spirits in the United States, Canada, Mexico, New Zealand, and Italy. The company provides beer primarily under the Corona Extra, Corona Familiar, Corona Hard Seltzer, Corona Light, Corona Non-Alcoholic, Corona Premier, Corona Refresca, Modelo Especial, Modelo Chelada, Modelo Negra, Modelo Oro, Victoria, Vicky Chamoy, and Pacifico brands. It also offers wine under the Cook's California Champagne, Kim Crawford, Meiomi, Mount Veeder, Ruffino, SIMI, My Favorite Neighbor, Robert Mondavi Winery, Schrader, and The Prisoner Wine Company brands; and spirits under the Casa Noble, Copper & Kings, High West, Mi CAMPO, Nelson's Green Brier, and SVEDKA brands. The company provides its products to wholesale distributors, retailers, on-premise locations, and state alcohol beverage control agencies. Constellation Brands, Inc. was founded in 1945 and is headquartered in Victor, New York.",0.000743662671737,24.7,9.4,Medium,Moderate Controversy Level,USA,United States,66.7646656881949,0.312019243435194,0.647312557199093,2,3,0.38056680161943324,-0.335293313763899,0.5975615676034448,0,0.09404458053080086,0.4421087602450484,0.0,0.5086705202312138,0.765553795034871,0.8549606814023093,0.4634574835260878,High,2
NYQ,GLW,Corning Incorporated,Corning Incorporated,Technology,Electronic Components,47.31,40507248640,2607000064.0,0.069,Corning,NY,United States,49800.0,"Corning Incorporated engages in the display technologies, optical communications, environmental technologies, specialty materials, and life sciences businesses in the United States and internationally. The company's Display Technologies segment offers glass substrates for flat panel displays, including liquid crystal displays and organic light-emitting diodes that are used in televisions, notebook computers, desktop monitors, tablets, and handheld devices. Its Optical Communications segment provides optical fibers and cables; and hardware and equipment products, such as cable assemblies, fiber optic hardware and connectors, optical components and couplers, closures, network interface devices, and other accessories for the telecommunications industry, businesses, governments, and individuals. The company's Specialty Materials segment manufactures products that offer material formulations for glass, glass ceramics, crystals, precision metrology instruments, and software, as well as glass wafers and substrates, tinted sunglasses, and radiation shielding products for various markets comprising mobile consumer electronics, semiconductor equipment optics and consumables, aerospace and defense optics, radiation shielding products, sunglasses, and telecommunications components. Its Environmental Technologies segment provides ceramic substrates and filter products for emissions control in mobile, gasoline, and diesel applications. The company's Life Sciences segment offers laboratory products, including consumables, such as plastic vessels, liquid handling plastics, specialty surfaces, cell culture media, and serum, as well as general labware, and glassware and equipment under the Corning, Pyrex, Falcon, and Axygen brands. The company was formerly known as Corning Glass Works and changed its name to Corning Incorporated in April 1989. Corning Incorporated was founded in 1851 and is headquartered in Corning, New York.",0.0007287766223853,16.5,5.5,Low,Moderate Controversy Level,USA,United States,66.7646656881949,0.312019243435194,0.647312557199093,1,9,0.3333333333333333,-0.335293313763899,0.4073345031809102,0,0.06435885308254795,0.4421087602450484,0.0,0.2716763005780347,0.765553795034871,0.9007431991919572,0.39693746940909885,Medium,1
NYQ,GRMN,Garmin Ltd.,Garmin Ltd.,Technology,Scientific & Technical Instruments,208.99,40131305472,1596897024.0,0.241,Schaffhausen,,Switzerland,19900.0,"Garmin Ltd. designs, develops, manufactures, markets, and distributes a range of wireless devices worldwide. Its Fitness segment offers running and multi-sport watches; cycling products; smartwatch devices; scales and monitors; and fitness accessories. This segment also provides Garmin Connect and Garmin Connect Mobile, which are web and mobile platforms where users can track and analyze their fitness, activities and workouts, and wellness data; and Connect IQ, an application development platform. The company's Outdoor segment offers adventure watches, outdoor handhelds and satellite communicators, golf devices, consumer automotive devices, and dog devices, as well as InReach and Gramin response communication device. Its Aviation segment designs, manufactures, and markets various aircraft avionics solutions, including integrated flight decks, electronic flight displays and instrumentation, navigation and communication products, automatic flight control systems and safety-enhancing technologies, audio control systems, engine indication systems, traffic awareness and avoidance solutions, ADS-B and transponders, weather information and avoidance solutions, datalink and connectivity solutions, and various services. The company's Marine segment provides chartplotters and multi-function displays, cartography products, fishfinders, sonar products, autopilot systems, radars, compliant instrument displays and sensors, VHF communication radios, handhelds and wearable devices, sailing products, audio products and accessories, digital switching products, and trolling motors. Its Auto segment offers embedded domain controllers and infotainment units; and software, map database, cameras, wearables, and automotive solutions. The company sells its products through independent retailers, dealers, distributors, installation and repair shops, and original equipment manufacturers, as well as online webshop. Garmin Ltd. was founded in 1989 and is based in Schaffhausen, Switzerland.",0.000722012929432,20.7,4.8,Medium,Low Controversy Level,CHE,Switzerland,72.0035803135863,0.251258452297331,0.691330058569058,2,9,0.2318840579710145,-0.44007160627172703,0.5158067936375155,0,0.03979180356129133,0.0,0.0,0.3930635838150289,0.5450346312154233,0.9386314868785803,0.2935374185146802,Low,0
NYQ,CBRE,CBRE Group Inc,"CBRE Group, Inc.",Real Estate,Real Estate Services,129.16,39525285888,2213600000.0,0.148,Dallas,TX,United States,130000.0,"CBRE Group, Inc. operates as a commercial real estate services and investment company in the United States, the United Kingdom, and internationally. The Advisory Services segment offers strategic advice and execution to owners, investors, and occupiers of real estate in connection with leasing of offices, and industrial and retail space; clients fully integrated property sales services under the CBRE Capital Markets brand; clients commercial mortgage and structured financing services; originates and sells commercial mortgage loans; property management services, such as marketing, building engineering, accounting, and financial services on a contractual basis for owners of and investors in office, industrial, and retail properties; and valuation services that include market value appraisals, litigation support, discounted cash flow analyses, and feasibility studies, as well as consulting services, such as property condition reports, hotel advisory, and environmental consulting. The Global Workplace Solutions segment provides facilities management, including day-to-day management of client-occupied space, headquarters, regional offices, administrative offices, data centers and other critical facilities, manufacturing and laboratory facilities, and distribution facilities and retail space; and project management services comprising building consulting, program, and project and cost management services under the Turner & Townsend brand name. The Real Estate Investments segment offers investment management services under the CBRE Investment Management brand to pension funds, insurance companies, sovereign wealth funds, foundations, endowments, and other institutional investors; and development services, such as real estate development and investment activities under the Trammell Crow Company and Telford Homes brands to users and investors in commercial real estate, and for their own account. CBRE Group, Inc. was founded in 1906 and is headquartered in Dallas, Texas.",0.000711109870835,8.0,1.5,Negligible,Low Controversy Level,USA,United States,66.7646656881949,0.312019243435194,0.647312557199093,0,8,0.1875,-0.335293313763899,0.20240207806893626,0,0.05600465500167466,0.4421087602450484,0.0,0.026011560693641633,0.765553795034871,0.91362737805948,0.32452646533053325,Low,0
NYQ,HES,Hess Corporation,Hess Corporation,Energy,Oil & Gas E&P,128.19,39497650176,6984999936.0,0.133,New York,NY,United States,1756.0,"Hess Corporation, an exploration and production company, explores, develops, produces, purchases, transports, and sells crude oil, natural gas liquids (NGLs), and natural gas. The company operates in two segments, Exploration and Production, and Midstream. It conducts production operations primarily in the United States, Guyana, the Malaysia/Thailand Joint Development Area, and Malaysia; and exploration activities principally offshore Guyana, the U.S. Gulf of Mexico, and offshore Suriname and Canada. The company is also involved in gathering, compressing, and processing natural gas; fractionating NGLs; gathering, terminaling, loading, and transporting crude oil and NGL through rail car; and storing and terminaling propane, as well as providing water handling services primarily in the Bakken Shale plays in the Williston Basin area of North Dakota. The company was incorporated in 1920 and is headquartered in New York, New York.",0.0007106126694322,33.1,18.9,High,Moderate Controversy Level,USA,United States,66.7646656881949,0.312019243435194,0.647312557199093,3,4,0.5709969788519637,-0.335293313763899,0.8380245369663178,1,0.17684596184520118,0.4421087602450484,1.0,0.7514450867052024,0.765553795034871,0.7272610749283889,0.7235198928208924,Critical,3
NYQ,CCI,Crown Castle Inc.,Crown Castle Inc.,Real Estate,REIT - Specialty,90.66,39400656896,3993999872.0,-0.009,Houston,TX,United States,4700.0,"Crown Castle owns, operates and leases more than 40,000 cell towers and approximately 90,000 route miles of fiber supporting small cells and fiber solutions across every major U.S. market. This nationwide portfolio of communications infrastructure connects cities and communities to essential data, technology and wireless service - bringing information, ideas and innovations to the people and businesses that need them.",0.0007088676376819,10.1,4.1,Low,None Controversy Level,USA,United States,66.7646656881949,0.312019243435194,0.647312557199093,1,8,0.4059405940594059,-0.335293313763899,0.25634090382450864,0,0.10136886505578732,0.4421087602450484,0.0,0.08670520231213874,0.765553795034871,0.8436648764689061,0.33573830765702495,Low,0
NYQ,DAL,"Delta Air Lines, Inc.","Delta Air Lines, Inc.",Industrials,Airlines,60.93,39316971520,8415000064.0,0.012,Atlanta,GA,United States,100000.0,"Delta Air Lines, Inc. provides scheduled air transportation for passengers and cargo in the United States and internationally. The company operates through two segments, Airline and Refinery. Its domestic network centered on core hubs in Atlanta, Minneapolis-St. Paul, Detroit, and Salt Lake City, as well as coastal hub positions in Boston, Los Angeles, New York-LaGuardia, New York-JFK, and Seattle; and international network centered on hubs and market presence in Amsterdam, Bogota, Lima, Mexico City, London-Heathrow, Paris-Charles de Gaulle, Sao Paulo, Seoul-Incheon, and Tokyo. The company sells its tickets through various distribution channels, including delta.com and the Fly Delta app; acts as a reservations specialists; and operates online travel and traditional brick and mortar agencies. It also provides aircraft maintenance and engineering support, repair, and overhaul services; and vacation packages to third-party consumers. The company operates through a fleet of approximately 1,273 aircrafts. Delta Air Lines, Inc. was founded in 1924 and is based in Atlanta, Georgia.",0.0007073620319518,30.3,9.9,High,Moderate Controversy Level,USA,United States,66.7646656881949,0.312019243435194,0.647312557199093,3,7,0.32673267326732675,-0.335293313763899,0.7706595607087083,1,0.21402971130976875,0.4421087602450484,1.0,0.6705202312138728,0.765553795034871,0.6699148072879924,0.6935078094094538,Critical,3
NMS,CTSH,Cognizant Technology Solutions ,Cognizant Technology Solutions Corporation,Technology,Information Technology Services,79.23,39284137984,3470000128.0,0.03,Teaneck,NJ,United States,340100.0,"Cognizant Technology Solutions Corporation, a professional services company, provides consulting and technology, and outsourcing services in North America, Europe, and internationally. It operates through four segments: Financial Services, Health Sciences, Products and Resources, and Communications, Media and Technology. The company provides customer experience, robotic process automation, analytics, and AI services in areas, such as digital lending, fraud detection, and next generation payments; the shift towards consumerism, outcome-based contracting, digital health, delivering integrated seamless, omni-channel, and patient-centered experience; and services that drive operational improvements in areas, such as clinical development, pharmacovigilance, and manufacturing, as well as claims processing, enrollment, membership, and billing to healthcare providers and payers, and life sciences companies, including pharmaceutical, biotech, and medical device companies. It offers solution to manufacturers, automakers, retailers and travel and hospitality companies, as well as companies providing logistics, energy and utility services; and digital content, business process improvement, technology modernization, and the creation of unified and compelling user experience services to communications, media and entertainment, education, and information services and technology companies. The company was incorporated in 1988 and is headquartered in Teaneck, New Jersey.",0.0007067713151228,14.7,1.1,Low,Moderate Controversy Level,USA,United States,66.7646656881949,0.312019243435194,0.647312557199093,1,9,0.07482993197278913,-0.335293313763899,0.37419683247185287,0,0.08833082017513769,0.4421087602450484,0.0,0.21965317919075145,0.765553795034871,0.8637726714599869,0.3776334802197169,Low,0
NYQ,F,Ford Motor Company,Ford Motor Company,Consumer Cyclical,Auto Manufacturers,9.88,39265984512,9360000000.0,0.055,Dearborn,MI,United States,177000.0,"Ford Motor Company develops, delivers, and services a range of Ford trucks, commercial cars and vans, sport utility vehicles, and Lincoln luxury vehicles worldwide. It operates through Ford Blue, Ford Model e, and Ford Pro; Ford Next; and Ford Credit segments. The company sells Ford and Lincoln vehicles, service parts, and accessories through distributors and dealers, as well as through dealerships to commercial fleet customers, daily rental car companies, and governments. It also engages in vehicle-related financing and leasing activities to and through automotive dealers. In addition, the company provides retail installment sale contracts for new and used vehicles; and direct financing leases for new vehicles to retail and commercial customers, such as leasing companies, government entities, daily rental companies, and fleet customers. Further, it offers wholesale loans to dealers to finance the purchase of vehicle inventory; and loans to dealers to finance working capital and enhance dealership facilities, purchase dealership real estate, and other dealer vehicle programs. The company was incorporated in 1903 and is based in Dearborn, Michigan.",0.0007064447112074,22.4,7.4,Medium,Significant Controversy Level,USA,United States,66.7646656881949,0.312019243435194,0.647312557199093,2,2,0.3303571428571429,-0.335293313763899,0.5704683144555914,0,0.23837425996894357,0.4421087602450484,0.0,0.44219653179190743,0.765553795034871,0.6323696693420731,0.4212561857882723,Medium,1
NMS,VRSK,"Verisk Analytics, Inc.","Verisk Analytics, Inc.",Industrials,Consulting Services,276.86,39095676928,1363000064.0,0.07,Jersey City,NJ,United States,7500.0,"Verisk Analytics, Inc. provides data analytics and technology solutions to the insurance markets in the United States and internationally. It offers policy language, prospective loss costs, policy writing and rating rules, and various underwriting solutions for risk selection and segmentation, pricing, and workflow optimization; property- and auto- specific rating and underwriting information solutions that allows clients to understand, quantify, underwrite, mitigate, and avoid potential loss for risks; catastrophe modeling solutions, which enables companies to identify, quantify, and plan for the financial consequences of catastrophes for use by insurers, reinsurers, intermediaries, financial institutions, and governments. The company also provides life insurance solutions for transforming current workflows in life insurance underwriting, claim insights, policy administration, unclaimed property/equity, compliance and fraud detection, and actuarial and portfolio modeling; Marketing Solutions, such as compliant, real-time decisioning, profitability, and risk assessment for inbound consumer interactions; and international underwriting and claims solutions. In addition, it offers claims insurance solutions, which provides analytics in fraud detection, compliance reporting, subrogation liability assessment, litigation, and repair cost estimation and valuation solutions; and casualty solutions, such as compliance, casualty claims decision support, and workflow automation solutions. Further, the company supplies software to the specialty insurance market. The company was founded in 1971 and is headquartered in Jersey City, New Jersey.",0.0007033806624259,17.5,0.1,Low,Low Controversy Level,USA,United States,66.7646656881949,0.312019243435194,0.647312557199093,1,7,0.005714285714285714,-0.335293313763899,0.4476198233433488,1,0.03486319130655161,0.4421087602450484,1.0,0.3005780346820809,0.765553795034871,0.9462325900896852,0.6101569287300855,High,2
NMS,EA,Electronic Arts Inc.,Electronic Arts Inc.,Communication Services,Electronic Gaming & Multimedia,147.8,38763950080,1890000000.0,0.058,Redwood City,CA,United States,13700.0,"Electronic Arts Inc. develops, markets, publishes, and delivers games, content, and services for game consoles, PCs, mobile phones, and tablets worldwide. It develops and publishes games and services across various genres, such as sports, racing, first-person shooter, action, role-playing, and simulation through owned and licensed brands, such as EA SPORTS FC, Battlefield, Apex Legends, The Sims, Madden NFL, Need for Speed, Titanfall, and F1 brands. The company licenses its games to third parties to distribute and host its games and content. It markets and sells its games and services through digital distribution and retail channels, as well as directly to mass market retailers, specialty stores, and distribution arrangements. Electronic Arts Inc. was incorporated in 1982 and is headquartered in Redwood City, California.",0.0006974124769787,13.3,0.1,Low,Moderate Controversy Level,USA,United States,66.7646656881949,0.312019243435194,0.647312557199093,1,1,0.007518796992481203,-0.335293313763899,0.34310228891926176,0,0.04875664105694772,0.4421087602450484,0.0,0.17919075144508673,0.765553795034871,0.9248055554493559,0.37159804029495436,Low,0
NMS,XEL,Xcel Energy Inc.,Xcel Energy Inc.,Utilities,Utilities - Regulated Electric,67.4,38703910912,5510000128.0,-0.005,Minneapolis,MN,United States,11311.0,"Xcel Energy Inc., through its subsidiaries, engages in the generation, purchasing, transmission, distribution, and sale of electricity. It operates through Regulated Electric Utility, Regulated Natural Gas Utility, and All Other segments. The company generates electricity through wind, nuclear, hydroelectric, biomass, and solar energy sources, as well as coal, natural gas, oil, wood, and refuse-derived fuels. It also purchases, transports, distributes, and sells natural gas to retail customers, as well as transports customer-owned natural gas. In addition, the company develops and leases natural gas pipelines, and storage and compression facilities; and invests in rental housing projects and nonregulated assets, as well as procures equipment for the construction of renewable generation facilities. It serves residential, commercial, and industrial customers in the portions of Colorado, Michigan, Minnesota, New Mexico, North Dakota, South Dakota, Texas, and Wisconsin. The company was incorporated in 1909 and is headquartered in Minneapolis, Minnesota.",0.0006963322964299,26.5,12.7,Medium,Moderate Controversy Level,USA,United States,66.7646656881949,0.312019243435194,0.647312557199093,2,10,0.4792452830188679,-0.335293313763899,0.6846853296105478,1,0.14236287750165438,0.4421087602450484,1.0,0.5606936416184971,0.765553795034871,0.7804422686570025,0.6716125786677422,Critical,3
NYQ,TRGP,"Targa Resources, Inc.",Targa Resources Corp.,Energy,Oil & Gas Midstream,176.79,38551359488,4021700096.0,-0.012,Houston,TX,United States,3182.0,"Targa Resources Corp., together with its subsidiary, Targa Resources Partners LP, owns, operates, acquires, and develops a portfolio of complementary domestic midstream infrastructure assets in North America. It operates in two segments, Gathering and Processing, and Logistics and Transportation. The company is involved in gathering, compressing, treating, processing, transporting, and selling natural gas; storing, fractionating, treating, transporting, and selling natural gas liquids (NGL) and NGL products, including services to liquefied petroleum gas exporters; and gathering, storing, terminaling, purchasing, and selling crude oil. It is also involved in the purchase and resale of NGL products; and sale of propane, as well as provision of related logistics services to multi-state retailers, independent retailers, and other end-users. In addition, the company offers NGL balancing services; and transportation services to refineries and petrochemical companies in the Gulf Coast area, as well as purchases, markets, and resells natural gas. As of December 31, 2023, it leased and managed approximately 605 railcars; 137 tractors; and 6 vacuum trucks and 2 pressurized NGL barges. Targa Resources Corp. was incorporated in 2005 and is headquartered in Houston, Texas.",0.0006935877034187,33.2,14.2,High,Moderate Controversy Level,USA,United States,66.7646656881949,0.312019243435194,0.647312557199093,3,4,0.4277108433734939,-0.335293313763899,0.8611888255285592,1,0.10432057778019078,0.4421087602450484,1.0,0.754335260115607,0.765553795034871,0.8391126268886828,0.735572100040043,Critical,3
NYQ,A,"Agilent Technologies, Inc.","Agilent Technologies, Inc.",Healthcare,Diagnostics & Research,134.51,38415384576,1564000000.0,-0.056,Santa Clara,CA,United States,17400.0,"Agilent Technologies, Inc. provides application focused solutions to the life sciences, diagnostics, and applied chemical markets worldwide. The company operates in three segments: Life Sciences and Applied Markets, Diagnostics and Genomics, and Agilent CrossLab. The Life Sciences and Applied Markets segment offers liquid chromatography systems and components; liquid chromatography mass spectrometry systems; gas chromatography systems and components; gas chromatography mass spectrometry systems; inductively coupled plasma mass spectrometry instruments; atomic absorption instruments; microwave plasma-atomic emission spectrometry instruments; inductively coupled plasma optical emission spectrometry instruments; raman spectroscopy; cell analysis plate based assays; flow cytometer; real-time cell analyzer; cell imaging systems; microplate reader; laboratory software; information management and analytics; laboratory automation and robotic systems; dissolution testing; and vacuum pumps, and measurement technologies. The Diagnostics and Genomics segment focuses on genomics, nucleic acid contract manufacturing and research and development, pathology, companion diagnostics, reagent partnership, and biomolecular analysis businesses. The Agilent CrossLab segment provides GC and LC columns, sample preparation products, custom chemistries, and laboratory instrument supplies; and offers services portfolio, including repairs, parts, maintenance, installations, training, compliance support, software as a service, asset management, and consulting services. The company markets its products through direct sales, distributors, resellers, manufacturer's representatives, and electronic commerce. Agilent Technologies, Inc. was incorporated in 1999 and is headquartered in Santa Clara, California.",0.0006911413428185,13.6,1.1,Low,Moderate Controversy Level,USA,United States,66.7646656881949,0.312019243435194,0.647312557199093,1,6,0.08088235294117647,-0.335293313763899,0.3540248301587119,0,0.04071285546825187,0.4421087602450484,0.0,0.18786127167630057,0.765553795034871,0.9372110037393642,0.37543974119331935,Low,0
NYQ,IT,"Gartner, Inc.","Gartner, Inc.",Technology,Information Technology Services,491.25,37892227072,1298909952.0,0.054,Stamford,CT,United States,20990.0,"Gartner, Inc. operates as a research and advisory company in the United States, Canada, Europe, the Middle East, Africa, and internationally. It operates through three segments: Research, Conferences, and Consulting. The Research segment delivers its research primarily through a subscription service that include on-demand access to published research content, data and benchmarks, and direct access to a network of research experts. The Conferences segment offers executives and teams in an organization the opportunity to learn, share, and network. The Consulting segment offers market-leading research, custom analysis, and on-the-ground support services. This segment also offers actionable solutions for IT-related priorities, including IT cost optimization, digital transformation, and IT sourcing optimization. Gartner, Inc. was founded in 1979 and is headquartered in Stamford, Connecticut.",0.0006817290778155,18.9,0.1,Low,Low Controversy Level,USA,United States,66.7646656881949,0.312019243435194,0.647312557199093,1,9,0.005291005291005292,-0.335293313763899,0.49878303442253796,0,0.03427906070371392,0.4421087602450484,0.0,0.34104046242774566,0.765553795034871,0.9471334596999217,0.42238574401480855,Medium,1
NYQ,LVS,Las Vegas Sands Corp.,Las Vegas Sands Corp.,Consumer Cyclical,Resorts & Casinos,52.25,37882609664,3863000064.0,-0.04,Las Vegas,NV,United States,38400.0,"Las Vegas Sands Corp., together with its subsidiaries, develops, owns, and operates integrated resorts in Macao and Singapore. It owns and operates The Venetian Macao Resort Hotel, the Londoner Macao, The Parisian Macao, The Plaza Macao and Four Seasons Hotel Macao, Cotai Strip, and the Sands Macao in Macao, the People's Republic of China; and Marina Bay Sands in Singapore. The company's integrated resorts feature accommodations, gaming, entertainment and retail malls, convention and exhibition facilities, celebrity chef restaurants, and other amenities. Las Vegas Sands Corp. was founded in 1988 and is based in Las Vegas, Nevada.",0.0006815560484848,18.7,2.3,Low,Moderate Controversy Level,USA,United States,66.7646656881949,0.312019243435194,0.647312557199093,1,2,0.1229946524064171,-0.335293313763899,0.4936301951174891,0,0.10197291311931514,0.4421087602450484,0.0,0.33526011560693636,0.765553795034871,0.8427332893530953,0.4102116229338832,Medium,1
NYQ,SYY,Sysco Corporation,Sysco Corporation,Consumer Defensive,Food Distribution,76.97,37809664000,4410999808.0,0.044,Houston,TX,United States,76000.0,"Sysco Corporation, through its subsidiaries, engages in the marketing and distribution of various food and related products to the foodservice or food-away-from-home industry in the United States, Canada, the United Kingdom, France, and internationally. The company operates through U.S. Foodservice Operations, International Foodservice Operations, SYGMA, and Other segments. It distributes frozen food, such as meat, seafood, fully prepared entrées, fruits, vegetables, and desserts; canned and dry food products; fresh meat and seafood products; dairy products; beverages; imported specialties; and fresh produce products. The company also supplies various non-food items, including paper products comprising disposable napkins, plates, and cups; tableware consisting of glassware and silverware; cookware, such as pots, pans, and utensils; restaurant and kitchen equipment and supplies; and cleaning supplies. It serves restaurants, hospitals and nursing facilities, schools and colleges, hotels and motels, industrial caterers, and other foodservice venues. The company was incorporated in 1969 and is headquartered in Houston, Texas.",0.0006802436637534,15.9,5.4,Low,Moderate Controversy Level,USA,United States,66.7646656881949,0.312019243435194,0.647312557199093,1,3,0.339622641509434,-0.335293313763899,0.4205274080192831,0,0.11666329031646512,0.4421087602450484,0.0,0.254335260115607,0.765553795034871,0.8200772012872884,0.3836685574799037,Low,0
NYQ,VLO,Valero Energy Corporation,Valero Energy Corporation,Energy,Oil & Gas Refining & Marketing,118.59,37543813120,7816000000.0,-0.152,San Antonio,TX,United States,9886.0,"Valero Energy Corporation manufactures, markets, and sells petroleum-based and low-carbon liquid transportation fuels and petrochemical products in the United States, Canada, the United Kingdom, Ireland, Latin America, Mexico, Peru, and internationally. It operates through three segments: Refining, Renewable Diesel, and Ethanol. The company produces California Reformulated Gasoline Blendstock for Oxygenate Blending and Conventional Blendstock for Oxygenate Blending gasolines, CARB diesel, diesel, jet fuel, heating oil, and asphalt; feedstocks; aromatics; sulfur and residual fuel oil; intermediate oils; and sulfur, sweet, and sour crude oils. It sells its refined products through wholesale rack and bulk markets; and through outlets under the Valero, Beacon, Diamond Shamrock, Shamrock, Ultramar, and Texaco brands. The company owns and operates renewable diesel and ethanol plants, as well as produces renewable diesel and naphtha under the Diamond Green Diesel brand name. In addition, it offers ethanol and various co-products, including dry distiller grains, syrup, and inedible distillers corn oil to animal feed customers. The company was formerly known as Valero Refining and Marketing Company and changed its name to Valero Energy Corporation in August 1997. Valero Energy Corporation was founded in 1980 and is headquartered in San Antonio, Texas.",0.0006754606702673,32.6,20.1,High,Moderate Controversy Level,USA,United States,66.7646656881949,0.312019243435194,0.647312557199093,3,4,0.6165644171779141,-0.335293313763899,0.8683188331404096,1,0.20818343557746752,0.4421087602450484,1.0,0.7369942196531792,0.765553795034871,0.678931167866787,0.7143516419991252,Critical,3
NYQ,LEN,Lennar Corporation,Lennar Corporation,Consumer Cyclical,Residential Construction,138.08,37306593280,5534482944.0,0.079,Miami,FL,United States,12284.0,"Lennar Corporation, together with its subsidiaries, operates as a homebuilder primarily under the Lennar brand in the United States. It operates through Homebuilding East, Homebuilding Central, Homebuilding Texas, Homebuilding West, Financial Services, Multifamily, and Lennar Other segments. The company's homebuilding operations include the construction and sale of single-family attached and detached homes, as well as the purchase, development, and sale of residential land; and development, construction, and management of multifamily rental properties. It also offers residential mortgage financing, title, insurance, and closing services for home buyers and others, as well as originates and sells securitization commercial mortgage loans. In addition, the company is involved in the fund investment activity. It primarily serves first-time, move-up, active adult, and luxury homebuyers. Lennar Corporation was founded in 1954 and is based in Miami, Florida.",0.0006711927853933,25.4,11.3,Medium,Moderate Controversy Level,USA,United States,66.7646656881949,0.312019243435194,0.647312557199093,2,2,0.44488188976377957,-0.335293313763899,0.6808447989170026,0,0.14835133571327797,0.4421087602450484,0.0,0.5289017341040462,0.765553795034871,0.771206628564162,0.4611514424041228,High,2
NMS,EXC,Exelon Corporation,Exelon Corporation,Utilities,Utilities - Regulated Electric,37.02,37198807040,7148000256.0,0.029,Chicago,IL,United States,19962.0,"Exelon Corporation, a utility services holding company, engages in the energy distribution and transmission businesses in the United States and Canada. The company is involved in the purchase and regulated retail sale of electricity and natural gas, transmission and distribution of electricity, and distribution of natural gas to retail customers. It also offers support services, including legal, human resources, information technology, supply management, financial, engineering, customer operations, transmission and distribution planning, asset management, system operations, and power procurement services. It serves distribution utilities, municipalities, and financial institutions, as well as commercial, industrial, governmental, and residential customers. Exelon Corporation was incorporated in 1999 and is headquartered in Chicago, Illinois.",0.0006692535746455,22.9,7.4,Medium,Significant Controversy Level,USA,United States,66.7646656881949,0.312019243435194,0.647312557199093,2,10,0.3231441048034935,-0.335293313763899,0.6156111397705726,1,0.19215670675443253,0.4421087602450484,1.0,0.4566473988439306,0.765553795034871,0.7036482309311669,0.6327193020627886,Critical,3
NYQ,YUM,"Yum! Brands, Inc.","Yum! Brands, Inc.",Consumer Cyclical,Restaurants,132.36,36937969664,2608000000.0,0.069,Louisville,KY,United States,35000.0,"Yum! Brands, Inc., together with its subsidiaries, develops, operates, and franchises quick service restaurants worldwide. The company operates through the KFC Division, the Taco Bell Division, the Pizza Hut Division, and the Habit Burger Grill Division segments. It also operates restaurants under the KFC, Pizza Hut, Taco Bell, and The Habit Burger Grill brands, which specialize in chicken, pizza, made-to-order chargrilled burgers, sandwiches, Mexican-style food categories, and other food products. The company was formerly known as TRICON Global Restaurants, Inc. and changed its name to Yum! Brands, Inc. in May 2002. Yum! Brands, Inc. was incorporated in 1997 and is headquartered in Louisville, Kentucky.",0.0006645607804357,20.1,4.5,Medium,Moderate Controversy Level,USA,United States,66.7646656881949,0.312019243435194,0.647312557199093,2,2,0.22388059701492535,-0.335293313763899,0.5441555175564942,0,0.07060485521330033,0.4421087602450484,0.0,0.37572254335260125,0.765553795034871,0.891110364552354,0.42718805877750854,Medium,1
NMS,KHC,The Kraft Heinz Company,The Kraft Heinz Company,Consumer Defensive,Packaged Foods,30.52,36903870464,6446000128.0,-0.028,Pittsburgh,PA,United States,36000.0,"The Kraft Heinz Company, together with its subsidiaries, manufactures and markets food and beverage products in North America and internationally. Its products include condiments and sauces, cheese and dairy products, meals, meats, refreshment beverages, coffee, and other grocery products under the Kraft, Oscar Mayer, Heinz, Philadelphia, Lunchables, Velveeta, Ore-Ida, Maxwell House, Kool-Aid, Jell-O, Heinz, ABC, Master, Quero, Kraft, Golden Circle, Wattie's, Pudliszki, and Plasmon brands. It sells its products through its own sales organizations, as well as through independent brokers, agents, and distributors to chain, wholesale, cooperative, and independent grocery accounts; convenience, value, and club stores; pharmacies and drug stores; mass merchants; foodservice distributors; institutions, including hotels, restaurants, bakeries, hospitals, health care facilities, and government agencies; and online through various e-commerce platforms and retailers. The company was formerly known as H.J. Heinz Holding Corporation and changed its name to The Kraft Heinz Company in July 2015. The Kraft Heinz Company was founded in 1869 and is based in Pittsburgh, Pennsylvania.",0.000663947292711,33.7,13.5,High,Significant Controversy Level,USA,United States,66.7646656881949,0.312019243435194,0.647312557199093,3,3,0.400593471810089,-0.335293313763899,0.9131833484207192,0,0.1746700291040779,0.4421087602450484,0.0,0.7687861271676302,0.765553795034871,0.7306168855482637,0.5290577860216081,High,2
NYQ,IQV,"IQVIA Holdings, Inc.",IQVIA Holdings Inc.,Healthcare,Diagnostics & Research,197.27,35804504064,2827000064.0,0.043,Durham,NC,United States,88000.0,"IQVIA Holdings Inc. engages in the provision of advanced analytics, technology solutions, and clinical research services to the life sciences industry in the Americas, Europe, Africa, and the Asia-Pacific. It operates through three segments: Technology & Analytics Solutions, Research & Development Solutions, and Contract Sales & Medical Solutions. The Technology & Analytics Solutions segment offers a range of cloud-based applications and related implementation services; real world solutions that enable life sciences and provider customers to generate and disseminate evidence, which informs health care decision making and improves patients' outcomes; and strategic and implementation consulting services, such as advanced analytics and commercial processes outsourcing services. This segment also provides country level performance metrics related to sales of pharmaceutical products, prescribing trends, medical treatment, and promotional activity across various channels, including retail, hospital, and mail order; and measurement of sales or prescribing activity at the regional, zip code, and individual prescriber level. The Research & Development Solutions segment offers project management and clinical monitoring; clinical trial support; strategic planning and design services; and patient and site centric solutions, as well as central laboratory, genomic, bioanalytical, ADME, discovery, and vaccine and biomarker laboratory services. The Contract Sales & Medical Solutions segment provides health care provider and patient engagement services, and scientific strategy and medical affairs services. It serves pharmaceutical, biotechnology, device and diagnostic, and consumer health companies. The company has a collaboration with argenx SE. The company was formerly known as Quintiles IMS Holdings, Inc. and changed its name to IQVIA Holdings Inc. in November 2017. The company is headquartered in Durham, North Carolina.",0.0006441683010822,19.1,1.3,Low,Moderate Controversy Level,USA,United States,66.7646656881949,0.312019243435194,0.647312557199093,1,6,0.06806282722513089,-0.335293313763899,0.533452438437886,0,0.07895654856569947,0.4421087602450484,0.0,0.34682080924855496,0.765553795034871,0.8782300485773988,0.4172295069487991,Medium,1
NYQ,GIS,"General Mills, Inc.","General Mills, Inc.",Consumer Defensive,Packaged Foods,63.61,35063803904,4214599936.0,-0.012,Minneapolis,MN,United States,34000.0,"General Mills, Inc. manufactures and markets branded consumer foods worldwide. The company operates through four segments: North America Retail; International; Pet; and North America Foodservice. It offers grain, ready-to-eat cereals, refrigerated yogurt, soup, meal kits, refrigerated and frozen dough products, dessert and baking mixes, bakery flour, frozen pizza and pizza snacks, snack bars, fruit and savory snacks, ice cream and frozen desserts, unbaked and fully baked frozen dough products, frozen hot snacks, ethnic meals, side dish mixes, frozen breakfast and entrees, nutrition bars, and frozen and shelf-stable vegetables. The company also manufactures and markets pet food products, including dog and cat food; and operates ice cream parlors. It markets its products under the Annie's, Betty Crocker, Bisquick, Blue Buffalo, Bugles, Cascadian Farm, Cheerios, Chex, Cinnamon Toast Crunch, Cocoa Puffs, Cookie Crisp, Dunkaroos, Edgard & Cooper, Fiber One, Fruit by the Foot, Fruit Gushers, Fruit Roll-Ups, Gardetto's, Gold Medal, Golden Grahams, Häagen-Dazs, Kitano, Kix, Lärabar, Latina, Lucky Charms, Muir Glen, Nature Valley, Nudges, Oatmeal Crisp, Old El Paso, Pillsbury, Progresso, Tastefuls, Total, Totino's , Trix, True Chews, True Solutions, Wanchai Ferry, Wheaties, Wilderness, and Yoki brands. The company sells its products to grocery stores, mass merchandisers, membership stores, natural food chains, drug, dollar and discount chains, e-commerce retailers, commercial and noncommercial foodservice distributors and operators, restaurants, convenience stores, and pet specialty stores. General Mills, Inc. was founded in 1866 and is headquartered in Minneapolis, Minnesota.",0.0006308421686262,21.1,8.3,Medium,Moderate Controversy Level,USA,United States,66.7646656881949,0.312019243435194,0.647312557199093,2,3,0.3933649289099526,-0.335293313763899,0.601760152942019,0,0.1201980237951082,0.4421087602450484,0.0,0.4046242774566474,0.765553795034871,0.8146257937497863,0.4282101219284656,Medium,1
NYQ,CCL,Carnival Corporation,Carnival Corporation & plc,Consumer Cyclical,Travel Services,26.8,35054399488,5878000128.0,0.152,Miami,FL,United States,106000.0,"Carnival Corporation & plc engages in the provision of leisure travel services in North America, Australia, Europe, Asia, and internationally. The company operates through four segments: NAA Cruise Operations, Europe Cruise Operations, Cruise Support, and Tour and Other. It operates port destinations, private islands, and a solar park, as well as owns and operates hotels, lodges, glass-domed railcars, and motor coaches. The company offers its services under the Carnival Cruise Line, Princess Cruises, Holland America Line, Seabourn, Costa Cruises, AIDA Cruises, P&O Cruises, and Cunard brand. Additionally, it sells its cruises primarily through travel agents, tour operators, vacation planners, and websites. Carnival Corporation & plc was founded in 1972 and is headquartered in Miami, Florida.",0.000630672971291,24.5,9.4,Medium,Significant Controversy Level,USA,United States,66.7646656881949,0.312019243435194,0.647312557199093,2,2,0.3836734693877551,-0.335293313763899,0.6989136986467837,0,0.1676822371472142,0.4421087602450484,0.0,0.5028901734104047,0.765553795034871,0.7413937381665173,0.4503666851562659,High,2
NYQ,RMD,ResMed Inc.,ResMed Inc.,Healthcare,Medical Instruments & Supplies,237.27,34830286848,1632185984.0,0.111,San Diego,CA,United States,,"ResMed Inc. develops, manufactures, distributes, and markets medical devices and cloud-based software applications for the healthcare markets. The company operates in two segments, Sleep and Respiratory Care, and Software as a Service. It offers various products and solutions for a range of respiratory disorders, including ApneaLink Air, a portable diagnostic device that measures oximetry, respiratory effort, pulse, nasal flow, and snoring; and NightOwl, a portable, cloud-connected, and disposable diagnostic device that measures AHI based on derived peripheral arterial tone, actigraphy, and oximetry over several nights. The company also provides AirView, a cloud-based system that enables remote monitoring and changing of patients' device settings; myAir, a personalized therapy management application for patients with sleep apnea that provides support, education, and troubleshooting tools for increased patient engagement and improved compliance; U-Sleep, a compliance monitoring solution that enables home medical equipment (HME) to streamline their sleep programs; connectivity module and propeller solutions; and Propeller portal. It offers out-of-hospital software solution, such as Brightree business management software and service solutions to providers of HME, pharmacy, home infusion, orthotics, and prosthetics services; MatrixCare care management and related ancillary solutions to senior living, skilled nursing, life plan communities, home health, home care, and hospice organizations, as well as related accountable care organizations; HEALTHCAREfirst that offers electronic health record, software, billing and coding services, and analytics for home health and hospice agencies; and MEDIFOX DAN's software solutions. The company markets its products to sleep clinics, home healthcare dealers, and hospitals through a network of distributors and direct sales force. ResMed Inc. was founded in 1989 and is headquartered in San Diego, California.",0.0006266409015183,26.4,3.5,Medium,Low Controversy Level,USA,United States,66.7646656881949,0.312019243435194,0.647312557199093,2,6,0.13257575757575757,-0.335293313763899,0.7579610272866851,0,0.04686111231649883,0.4421087602450484,0.0,0.5578034682080925,0.765553795034871,0.9277289157891577,0.4854741913578362,High,2
NYQ,VMC,Vulcan Materials Company (Holdi,Vulcan Materials Company,Basic Materials,Building Materials,263.13,34749210624,1985699968.0,-0.083,Birmingham,AL,United States,10961.0,"Vulcan Materials Company, together with its subsidiaries, produces and supplies construction aggregates primarily in the United States. It operates through four segments: Aggregates, Asphalt, Concrete, and Calcium. The company provides crushed stones, sand and gravel, sand, and other aggregates; and related products and services that are applied in construction and maintenance of highways, streets, and other public works, as well as in the construction of housing and commercial, industrial, and other nonresidential facilities. It also offers asphalt mix and asphalt construction paving services; ready-mixed concrete; and calcium products for the animal feed, plastics, and water treatment industries. The company was formerly known as Virginia Holdco, Inc. and changed its name to Vulcan Materials Company. Vulcan Materials Company was founded in 1909 and is headquartered in Birmingham, Alabama.",0.0006251822377318,29.3,13.4,Medium,Moderate Controversy Level,USA,United States,66.7646656881949,0.312019243435194,0.647312557199093,2,0,0.45733788395904434,-0.335293313763899,0.8431846212864349,1,0.05714374319135037,0.4421087602450484,1.0,0.6416184971098267,0.765553795034871,0.9118706306326665,0.7090328715127073,Critical,3
NYQ,HSY,The Hershey Company,The Hershey Company,Consumer Defensive,Confectioners,170.26,34452963328,2952748032.0,-0.014,Hershey,PA,United States,18650.0,"The Hershey Company, together with its subsidiaries, engages in the manufacture and sale of confectionery products and pantry items in the United States and internationally. The company operates through three segments: North America Confectionery, North America Salty Snacks, and International. It offers chocolate and non-chocolate confectionery products; gum and mint refreshment products, including mints, chewing gums, and bubble gums; protein bars; pantry items, such as baking ingredients, toppings, beverages, and sundae syrups; and snack items comprising spreads, bars, snack bites, mixes, popcorn, and pretzels. The company provides its products primarily under the Hershey's, Reese's, Kisses, Jolly Rancher, Almond Joy, Brookside, barkTHINS, Cadbury, Good & Plenty, Heath, Kit Kat, Payday, Rolo, Twizzlers, Whoppers, York, Ice Breakers, Breath Savers, Bubble Yum, Lily's, SkinnyPop, Pirates Booty, Dot's Homestyle Pretzels, and ONE Bar brands, as well as under the Pelon Pelo Rico, IO-IO, and Sofit brands. It markets and sells its products to wholesale distributors, chain grocery stores, mass merchandisers, chain drug stores, vending companies, wholesale clubs, convenience stores, dollar stores, concessionaires, and department stores. The company exports its products in approximately 80 countries worldwide. The Hershey Company was founded in 1894 and is headquartered in Hershey, Pennsylvania.",0.0006198523742872,26.0,10.5,Medium,Significant Controversy Level,USA,United States,66.7646656881949,0.312019243435194,0.647312557199093,2,3,0.40384615384615385,-0.335293313763899,0.7546520672974955,0,0.08570374640605428,0.4421087602450484,0.0,0.546242774566474,0.765553795034871,0.8678242498414646,0.4760155166705814,High,2
NMS,IDXX,"IDEXX Laboratories, Inc.","IDEXX Laboratories, Inc.",Healthcare,Diagnostics & Research,412.26,33757788160,1299420032.0,0.066,Westbrook,ME,United States,11000.0,"IDEXX Laboratories, Inc. develops, manufactures, and distributes products primarily for the companion animal veterinary, livestock and poultry, dairy, and water testing markets in Africa, the Asia Pacific, Canada, Europe, Latin America, and internationally. The company operates through three segments: Companion Animal Group; Water Quality Products; and Livestock, Poultry and Dairy. It also provides point-of-care veterinary diagnostic products, including instruments, consumables, and rapid assay test kits; veterinary reference laboratory diagnostic and consulting services; practice management and diagnostic imaging systems and services for veterinarians; and health monitoring, biological materials testing, and laboratory diagnostic instruments, and services for biomedical research community. In addition, the company offers diagnostic and health-monitoring products for livestock, poultry, and dairy; products that test water for various microbiological contaminants; point-of-care electrolytes and blood gas analyzers; in-clinic chemistry, blood and urine chemistry, hematology, immunoassay, urinalysis, and coagulation analyzers; and SNAP rapid assays test kits. Further, it provides Colilert, Colilert-18, and Colisure tests, which detect the presence of total coliforms and E. coli in water; Enterolert, Pseudalert, Filta-Max and Filta-Max xpress, Legiolert, and Quanti-Tray products; and veterinary software and services for independent veterinary clinics and corporate groups. Additionally, the company offers human medical point-of-care products and laboratory diagnostics services. The company markets its products through marketing, customer service, sales, and technical service groups, as well as through independent distributors and other resellers. IDEXX Laboratories, Inc. was incorporated in 1983 and is headquartered in Westbrook, Maine.",0.0006073452940013,18.7,2.6,Low,Low Controversy Level,USA,United States,66.7646656881949,0.312019243435194,0.647312557199093,1,6,0.13903743315508021,-0.335293313763899,0.5539462452743824,0,0.03849245175191004,0.4421087602450484,0.0,0.33526011560693636,0.765553795034871,0.9406353992782919,0.42000183392640283,Medium,1
NYQ,WAB,Westinghouse Air Brake Technolo,Westinghouse Air Brake Technologies Corporation,Industrials,Railroads,193.03,33179926528,2110000000.0,0.044,Pittsburgh,PA,United States,29000.0,"Westinghouse Air Brake Technologies Corporation, together with its subsidiaries, provides technology-based locomotives, equipment, systems, and services for the freight rail and passenger transit industries worldwide. It offers diesel-electric, battery, and liquid natural gas-powered locomotives; engines, electric motors, and propulsion systems; and marine and mining products. The company also offers positive train control equipment; pneumatic braking products; railway electronics; signal design and engineering services; distributed locomotive power, train cruise controls, and train remote controls; industrial/mobile Internet of Things hardware and software, edge-to-cloud, on and off-board analytics and rules, and asset performance management solutions; rail and shipper transportation management, and port visibility and optimization solutions; and network optimization solutions. In addition, it provides freight car trucks, braking equipment, and related components; air compressors and dryers; heat transfer components and systems; track and switch products; new commuter and switcher locomotives; and turbochargers. Further, the company offers freight locomotive overhauls, modernizations, and refurbishment services; locomotive and car maintenance; transit locomotive and car overhaul; unit exchange of locomotive components; and maintenance of way equipment and services. Additionally, it provides railway and freight braking equipment and related components; friction products, such as brake shoes, discs, and pads; heating, ventilation, and air conditioning equipment; access and platform screen doors; pantographs; auxiliary power converter and battery chargers; passenger information systems and closed-circuit television; signaling and railway electric relays; and doors, window assemblies, accessibility lifts, ramps, and electric charging solutions for buses. The company was founded in 1869 and is headquartered in Pittsburgh, Pennsylvania.",0.000596948832565,23.3,5.4,Medium,Moderate Controversy Level,USA,United States,66.7646656881949,0.312019243435194,0.647312557199093,2,7,0.23175965665236054,-0.335293313763899,0.7022318141764874,1,0.06359266643400809,0.4421087602450484,1.0,0.4682080924855492,0.765553795034871,0.9019248429272544,0.656015171354883,Critical,3
NYQ,ROK,"Rockwell Automation, Inc.","Rockwell Automation, Inc.",Industrials,Specialty Industrial Machinery,289.79,32755834880,1613699968.0,-0.206,Milwaukee,WI,United States,27000.0,"Rockwell Automation, Inc. provides industrial automation and digital transformation solutions in North America, Europe, the Middle East, Africa, the Asia Pacific, and Latin America. The company operates through three segments, Intelligent Devices, Software & Control, and Lifecycle Services. Its solutions include hardware and software products and services. The Intelligent Devices segment offers drives, motion, safety, sensing, industrial components, and configured-to-order products. The Software & Control segment provides control and visualization software and hardware, information software, and network and security infrastructure solutions. The Lifecycle Services segment provides consulting, professional services and solutions, and connected and maintenance services. It sells its solutions primarily through independent distributors in relation with its direct sales force. It serves discrete end markets, including automotive, semiconductor, and warehousing and logistics, as well as general industries comprising printing and publishing, marine, glass, fiber and textiles, airports, and aerospace; hybrid end markets, such as food and beverage, life sciences, household and personal care, and tire, as well as eco industrial, including water/wastewater, waste management, mass transit, and renewable energy; and process end markets comprising oil and gas, mining, metals, chemicals, pulp and paper, and others. The company was founded in 1903 and is headquartered in Milwaukee, Wisconsin.",0.0005893188875752,17.7,5.4,Low,Moderate Controversy Level,USA,United States,66.7646656881949,0.312019243435194,0.647312557199093,1,7,0.3050847457627119,-0.335293313763899,0.540361742109258,1,0.04926450429096802,0.4421087602450484,1.0,0.3063583815028902,0.765553795034871,0.924022308429832,0.6096700046103429,High,2
NYQ,MLM,"Martin Marietta Materials, Inc.","Martin Marietta Materials, Inc.",Basic Materials,Building Materials,533.69,32618119168,1945500032.0,-0.053,Raleigh,NC,United States,9400.0,"Martin Marietta Materials, Inc., a natural resource-based building materials company, supplies aggregates and heavy-side building materials to the construction industry in the United States and internationally. It offers crushed stone, sand, and gravel products; ready mixed concrete and asphalt; paving products and services; and Portland and specialty cement for use in the infrastructure projects, and nonresidential and residential construction markets, as well as in the railroad, agricultural, utility, and environmental industries. The company also produces magnesia-based chemicals products; dolomitic lime primarily to customers for steel production and soil stabilization; and cement treated materials. Its chemical products are used in flame retardants, wastewater treatment, pulp and paper production, and other environmental applications. The company was founded in 1939 and is headquartered in Raleigh, North Carolina.",0.0005868412077818,30.1,16.7,High,Moderate Controversy Level,USA,United States,66.7646656881949,0.312019243435194,0.647312557199093,3,0,0.5548172757475083,-0.335293313763899,0.9227999887108636,1,0.05964476437098287,0.4421087602450484,1.0,0.6647398843930636,0.765553795034871,0.9080134556030699,0.7155835701947189,Critical,3
NYQ,EXR,Extra Space Storage Inc,Extra Space Storage Inc.,Real Estate,REIT - Industrial,147.0,32422465536,2260791040.0,0.12,Salt Lake City,UT,United States,7618.0,"Extra Space Storage Inc., headquartered in Salt Lake City, Utah, is a self-administered and self-managed REIT and a member of the S&P 500. As of September 30, 2024, the Company owned and/or operated 3,862 self-storage stores in 42 states and Washington, D.C. The Company's stores comprise approximately 2.7 million units and approximately 296.7 million square feet of rentable space operating under the Extra Space, Life Storage and Storage Express brands. The Company offers customers a wide selection of conveniently located and secure storage units across the country, including boat storage, RV storage and business storage. It is the largest operator of self-storage properties in the United States.",0.0005833211515481,15.2,4.2,Low,Low Controversy Level,USA,United States,66.7646656881949,0.312019243435194,0.647312557199093,1,8,0.27631578947368424,-0.335293313763899,0.4688107381322625,0,0.0697291523832372,0.4421087602450484,0.0,0.23410404624277453,0.765553795034871,0.89246090852894,0.38483756404221914,Low,0
NYQ,DD,"DuPont de Nemours, Inc.","DuPont de Nemours, Inc.",Basic Materials,Specialty Chemicals,77.28,32299563008,2977999872.0,0.044,Wilmington,DE,United States,24000.0,"DuPont de Nemours, Inc. provides technology-based materials and solutions in the United States, Canada, the Asia Pacific, Latin America, Europe, the Middle East, and Africa. It operates through Electronics & Industrial, Water & Protection, and Corporate & Other segments. The Electronics & Industrial segment supplies materials and solutions for the fabrication of semiconductors and integrated circuits. This segment also provides semiconductor and advanced packaging materials; dielectric and metallization solutions for chip packaging; and silicones for light emitting diode packaging and semiconductor applications; permanent and process chemistries for the fabrication of printed circuit boards to include laminates and substrates, and electroless and electrolytic metallization solutions, and electromagnetic shielding and thermal management solutions, as well as patterning solutions, and materials and metallization processes for metal finishing, decorative, and industrial applications. In addition, it offers various materials to manufacture rigid and flexible displays for organic light emitting diode, and other display applications; provides high performance parts, and specialty silicone elastomers, and lubricants to automotive, aerospace, electronics, industrial, and healthcare markets; and photopolymer plates and platemaking systems used in flexographic printing, and digital inks for textile, commercial, and home-office printing applications. The Water & Protection segment provides engineered products and integrated systems for worker safety, water purification and separation, transportation, energy, medical packaging and building materials. The Corporate & Other segment offers auto adhesives and fluids; Multibase; and Tedlar products. The company was formerly known as DowDuPont Inc. and changed its name to DuPont de Nemours, Inc. in June 2019. DuPont de Nemours, Inc. was incorporated in 2015 and is headquartered in Wilmington, Delaware.",0.0005811099796654,28.6,14.7,Medium,Significant Controversy Level,USA,United States,66.7646656881949,0.312019243435194,0.647312557199093,2,0,0.513986013986014,-0.335293313763899,0.8854608959544225,1,0.092199385832632,0.4421087602450484,1.0,0.6213872832369942,0.765553795034871,0.857806414566219,0.6975570857442129,Critical,3
NYQ,ETR,Entergy Corporation,Entergy Corporation,Utilities,Utilities - Regulated Electric,75.13,32216944640,4596974080.0,-0.057,New Orleans,LA,United States,12000.0,"Entergy Corporation, together with its subsidiaries, engages in the production and retail distribution of electricity in the United States. It generates, transmits, distributes, and sells electric power in portions of Arkansas, Louisiana, Mississippi, and Texas, including the City of New Orleans; and distributes natural gas. It also engages in the ownership of interests in non-nuclear power plants that sell electric power to wholesale customers, as well as provides decommissioning services to other nuclear power plant owners. It generates electricity through gas, nuclear, coal, hydro, and solar power sources. The company sells energy to retail power providers, utilities, electric power co-operatives, power trading organizations, and other power generation companies. The company's power plants have approximately 24,000 megawatts of electric generating capacity. It delivers electricity to 3 million utility customers in Arkansas, Louisiana, Mississippi, and Texas. Entergy Corporation was founded in 1913 and is headquartered in New Orleans, Louisiana.",0.0005796235707584,26.7,14.0,Medium,Moderate Controversy Level,USA,United States,66.7646656881949,0.312019243435194,0.647312557199093,2,10,0.5243445692883896,-0.335293313763899,0.8287564292130217,1,0.1426880832856036,0.4421087602450484,1.0,0.5664739884393063,0.765553795034871,0.7799407232724433,0.673296528175529,Critical,3
NYQ,EFX,"Equifax, Inc.",Equifax Inc.,Industrials,Consulting Services,258.43,32032915456,1697699968.0,0.093,Atlanta,GA,United States,15000.0,"Equifax Inc. operates as a data, analytics, and technology company. The company operates through three segments: Workforce Solutions, U.S. Information Solutions (USIS), and International. The Workforce Solutions segment offers services that enables customers to verify income, employment, educational history, criminal justice data, healthcare professional licensure, and sanctions of people in the United States; and employer customers with services that assist them in complying with and automating payroll-related and human resource management processes throughout the entire cycle of the employment relationship. The USIS segment provides consumer and commercial information services, such as credit information and credit scoring, credit modeling and portfolio analytics, locate, fraud detection and prevention, identity verification, and other consulting services; mortgage services; financial marketing services; identity management services; and credit monitoring products. The International segment offers information service products, which include consumer and commercial services, such as credit and financial information, and credit scoring and modeling; and credit and other marketing products and services, as well as offers information, technology, and other services to support debt collections and recovery management. The company serves customers in financial services, mortgage, retail, telecommunications, utilities, automotive, brokerage, healthcare, and insurance industries, as well as government agencies. It operates in Argentina, Australia, Brazil, Canada, Chile, Costa Rica, Dominican Republic, Ecuador, El Salvador, Honduras, India, Ireland, Mexico, New Zealand, Paraguay, Peru, Portugal, Spain, the United Kingdom, Uruguay, and the United States. The company was founded in 1899 and is headquartered in Atlanta, Georgia.",0.0005763126530427,23.2,0.1,Medium,Significant Controversy Level,USA,United States,66.7646656881949,0.312019243435194,0.647312557199093,2,7,0.004310344827586207,-0.335293313763899,0.7242550254867441,1,0.05299860920658124,0.4421087602450484,1.0,0.4653179190751445,0.765553795034871,0.918263422277371,0.6567819772667732,Critical,3
NMS,UAL,"United Airlines Holdings, Inc.","United Airlines Holdings, Inc.",Industrials,Airlines,97.4,32032522240,7482999808.0,0.025,Chicago,IL,United States,106500.0,"United Airlines Holdings, Inc., through its subsidiaries, provides air transportation services in North America, Asia, Europe, Africa, the Pacific, the Middle East, and Latin America. The company transports people and cargo through its mainline and regional fleets. It also offers catering, ground handling, flight academy, and maintenance services for third parties. The company was formerly known as United Continental Holdings, Inc. and changed its name to United Airlines Holdings, Inc. in June 2019. United Airlines Holdings, Inc. was incorporated in 1968 and is headquartered in Chicago, Illinois.",0.0005763055785896,28.6,10.8,Medium,Moderate Controversy Level,USA,United States,66.7646656881949,0.312019243435194,0.647312557199093,2,7,0.3776223776223776,-0.335293313763899,0.8928425862227701,1,0.23360632521955285,0.4421087602450484,1.0,0.6213872832369942,0.765553795034871,0.6397229692692643,0.6757487412145174,Critical,3
NMS,WTW,Willis Towers Watson Public Lim,Willis Towers Watson Public Limited Company,Financial Services,Insurance Brokers,317.57,31987238912,2580999936.0,0.057,London,,United Kingdom,48000.0,"Willis Towers Watson Public Limited Company operates as an advisory, broking, and solutions company worldwide. It operates through two segments: Health, Wealth & Career and Risk & Broking. The company offers strategy and design consulting, plan management service and support, broking and administration services for health, wellbeing, and other group benefit program, including medical, dental, disability, life, voluntary benefits and other coverages; actuarial support, plan design, and administrative services for pension and retirement savings plans; retirement consulting services and solutions; and integrated solutions that consists of investment discretionary management, pension administration, core actuarial, and communication and change management assistance services. It also provides advice, data, software, and products to address clients' total rewards and talent issues; and risk advice, insurance brokerage, and consulting services in the areas of property and casualty, affinity, risk and analytics, aerospace, construction, global markets direct & facultative, financial, executive and professional risks, financial solutions, crisis management, surety, marine, and natural resources. In addition, the company offers integrated solutions that consists of investment discretionary management, pension administration, core actuarial, and communication and change management assistance services; and software and technology, risk and capital management, products and product pricing, financial and regulatory reporting, financial and capital modeling, M&A, outsourcing, and business management services. The company was formerly known as Willis Group Holdings Public Limited Company and changed its name to Willis Towers Watson Public Limited Company in January 2016. Willis Towers Watson Public Limited Company was founded in 1828 and is based in London, the United Kingdom.",0.0005754908742605,18.7,0.1,Low,Moderate Controversy Level,GBR,United Kingdom,69.6633498227979,0.288055598949617,0.681322595405575,1,5,0.005347593582887701,-0.39326699645595803,0.5846081323694589,0,0.08068842525297608,0.2677440596532952,0.0,0.33526011560693636,0.595170085070853,0.8755590789882947,0.3443454702548622,Low,0
NYQ,HIG,Hartford Financial Services Gro,"The Hartford Financial Services Group, Inc.",Financial Services,Insurance - Property & Casualty,109.47,31734368256,4254000128.0,0.095,Hartford,CT,United States,18700.0,"The Hartford Financial Services Group, Inc., together with its subsidiaries, provides insurance and financial services to individual and business customers in the United States, the United Kingdom, and internationally. Its Commercial Lines segment offers insurance coverages, including workers' compensation, property, automobile, general and professional liability, package business, umbrella, fidelity and surety, marine, livestock, accident, health, and reinsurance through regional offices, branches, sales and policyholder service centers, independent retail agents and brokers, wholesale agents, and reinsurance brokers. The company's Personal Lines segment provides automobile, homeowners, and personal umbrella coverages through direct-to-consumer channels and independent agents. Its Property & Casualty Other Operations segment offers coverage for asbestos and environmental exposures. The company's Group Benefits segment provides group life, disability, and other group coverages to members of employer groups, associations, and affinity groups through direct insurance policies; reinsurance to other insurance companies; employer paid and voluntary product coverages; disability underwriting, administration, and claims processing to self-funded employer plans; and leave management solution. This segment also distributes its group insurance products and services through brokers, consultants, third-party administrators, trade associations, and private exchanges. Its Hartford Funds segment offers managed mutual funds across various asset classes; and exchange-traded funds through broker-dealer organizations, independent financial advisers, defined contribution plans, financial consultants, bank trust groups, and registered investment advisers, as well as investment management, distribution, and administrative services, such as product design, implementation, and oversight. The company was founded in 1810 and is headquartered in Hartford, Connecticut.",0.000570941411417,16.6,1.8,Low,Low Controversy Level,USA,United States,66.7646656881949,0.312019243435194,0.647312557199093,1,5,0.10843373493975902,-0.335293313763899,0.5230921840349366,0,0.13405025408677226,0.4421087602450484,0.0,0.27456647398843936,0.765553795034871,0.7932623294095607,0.38705643445398064,Low,0
NYQ,RJF,"Raymond James Financial, Inc.","Raymond James Financial, Inc.",Financial Services,Asset Management,155.05,31637176320,3343453568.0,0.132,Saint Petersburg,FL,United States,,"Raymond James Financial, Inc., a diversified financial services company, provides private client group, capital markets, asset management, banking, and other services to individuals, corporations, and municipalities in the United States, Canada, and Europe. The Private Client Group segment offers investment services, portfolio management services, insurance and annuity products, and mutual funds; support to third-party mutual fund and annuity companies, including sales and marketing support, as well as distribution and accounting, and administrative services; margin loans; securities borrowing and lending services; diversification strategies and alternative investment products; and custodial, trade execution, research, and other support and services. The Capital Markets segment provides investment banking services, such as equity and debt underwriting, and merger and acquisition advisory services; and fixed income and equity brokerage services. This segment also offers institutional sales, securities trading, equity research, and the syndication and management of investments in low-income housing funds and funds of a similar nature. The Asset Management segment provides asset management, portfolio management, and related administrative services to retail and institutional clients; and administrative support services, such as record-keeping. The Bank segment offers various types of loans, including securities-based, commercial and industrial, commercial real estate and construction, real estate investment trust, residential mortgage, and tax-exempt loans; insured deposit accounts; retail and corporate deposit; and liquidity management products and services. The Other segment engages in the private equity investments comprising invests in third-party funds. Raymond James Financial, Inc. was founded in 1962 and is headquartered in Saint Petersburg, Florida.",0.0005691928055941,27.0,2.3,Medium,Moderate Controversy Level,USA,United States,66.7646656881949,0.312019243435194,0.647312557199093,2,5,0.08518518518518518,-0.335293313763899,0.8534263528104901,0,0.10568116238257258,0.4421087602450484,0.0,0.5751445086705202,0.765553795034871,0.8370142788232211,0.4816050397999709,High,2
NYQ,AVB,"AvalonBay Communities, Inc.","AvalonBay Communities, Inc.",Real Estate,REIT - Residential,222.17,31600791552,1808050944.0,0.094,Arlington,VA,United States,2978.0,"AvalonBay Communities, Inc., a member of the S&P 500, is an equity REIT in the business of developing, redeveloping, acquiring and managing apartment communities in leading metropolitan areas in New England, the New York/New Jersey Metro area, the Mid-Atlantic, the Pacific Northwest, and Northern and Southern California, as well as in the Company's expansion regions of Raleigh-Durham and Charlotte, North Carolina, Southeast Florida, Dallas and Austin, Texas, and Denver, Colorado. As of September 30, 2024, the Company owned or held a direct or indirect ownership interest in 305 apartment communities containing 92,908 apartment homes in 12 states and the District of Columbia, of which 19 communities were under development.",0.0005685381976111,9.8,3.0,Negligible,Low Controversy Level,USA,United States,66.7646656881949,0.312019243435194,0.647312557199093,0,8,0.3061224489795918,-0.335293313763899,0.3101188140769772,0,0.0572153688310244,0.4421087602450484,0.0,0.0780346820809249,0.765553795034871,0.9117601667025409,0.3399466806110243,Low,0
NYQ,MTB,M&T Bank Corporation,M&T Bank Corporation,Financial Services,Banks - Regional,189.48,31438708736,3343453568.0,0.012,Buffalo,NY,United States,21986.0,"M&T Bank Corporation operates as a bank holding company for Manufacturers and Traders Trust Company and Wilmington Trust, National Association that engages in the provision of retail and commercial banking products and services in the United States. The company operates through three segments: Commercial Bank, Retail Bank, and Institutional Services and Wealth Management. It offers a range of credit products and banking services, such as commercial lending and leasing, letters of credits, commercial real estate loans, and credit facilities secured by various commercial real estate to middle-market and large commercial customers. The company also provides customers deposit products, including demand, savings and time accounts, and other services; automobile and recreational finance loans, home equity loans and lines of credit, credit cards, and other loan products, as well as residential mortgage and real estate loans; business loans, cash management, payroll, and direct deposit services to consumers and small businesses through branch network, telephone banking, internet banking, and automated teller machines. In addition, it offers trustee, agency, investment management, security brokerage, and administrative services; personal trust, planning, fiduciary, asset management, family office, and other services; and investment products, including mutual funds and annuities, and other services for corporations and institutions, investment bankers, corporate tax, finance and legal executives, and other institutional clients. The company was founded in 1856 and is headquartered in Buffalo, New York.",0.0005656221228058,26.5,2.6,Medium,Low Controversy Level,USA,United States,66.7646656881949,0.312019243435194,0.647312557199093,2,5,0.09811320754716982,-0.335293313763899,0.842909936999265,0,0.1063483108061452,0.4421087602450484,0.0,0.5606936416184971,0.765553795034871,0.835985375804968,0.47716688938253865,High,2
NMS,DXCM,"DexCom, Inc.","DexCom, Inc.",Healthcare,Medical Devices,80.04,31263223808,840400000.0,0.02,San Diego,CA,United States,9500.0,"DexCom, Inc., a medical device company, focuses on the design, development, and commercialization of continuous glucose monitoring (CGM) systems in the United States and internationally. The company provides its systems for use by people with diabetes, as well as for use by healthcare providers. Its products include Dexcom G6 and Dexcom G7, integrated CGM systems for diabetes management; Dexcom Share, a remote monitoring system; Dexcom Real-Time API, which enables authorized third-party software developers to integrate real-time CGM data into their digital health apps and devices; and Dexcom ONE, that is designed to replace finger stick blood glucose testing for diabetes treatment decisions. It has also submitted FDA review for Dexcom Stelo for people with type 2 diabetes. The company has a collaboration and license agreement with Verily Life Sciences LLC and Verily Ireland Limited to develop blood-based or interstitial glucose monitoring products. It markets its products directly to endocrinologists, physicians, and diabetes educators. The company was incorporated in 1999 and is headquartered in San Diego, California.",0.0005624649270593,24.0,5.3,Medium,Low Controversy Level,USA,United States,66.7646656881949,0.312019243435194,0.647312557199093,2,6,0.22083333333333333,-0.335293313763899,0.7676751491590768,0,0.026881424806387003,0.4421087602450484,0.0,0.4884393063583815,0.765553795034871,0.9585423900574844,0.4677462902297556,High,2
NYQ,ED,"Consolidated Edison, Inc.","Consolidated Edison, Inc.",Utilities,Utilities - Regulated Electric,90.03,31191611392,5555999744.0,0.057,New York,NY,United States,14592.0,"Consolidated Edison, Inc., through its subsidiaries, engages in the regulated electric, gas, and steam delivery businesses in the United States. It offers electric services to approximately 3.7 million customers in New York City and Westchester County; gas to approximately 1.1 million customers in Manhattan, the Bronx, parts of Queens, and Westchester County; and steam to approximately 1,530 customers in parts of Manhattan. The company also supplies electricity to approximately 0.3 million customers in southeastern New York and northern New Jersey; and gas to approximately 0.2 million customers in southeastern New York. In addition, it operates 545 circuit miles of transmission lines; 15 transmission substations; 63 distribution substations; 90,051 in-service line transformers; 3,788 pole miles of overhead distribution lines; and 2,314 miles of underground distribution lines, as well as 4,363 miles of mains and 380,870 service lines for natural gas distribution. Further, the company invests in electric and gas transmission projects. It primarily sells electricity to industrial, commercial, residential, and government customers. Consolidated Edison, Inc. was founded in 1823 and is based in New York, New York.",0.0005611765291452,23.8,6.9,Medium,Significant Controversy Level,USA,United States,66.7646656881949,0.312019243435194,0.647312557199093,2,10,0.28991596638655465,-0.335293313763899,0.7630256642048383,1,0.17812480651208032,0.4421087602450484,1.0,0.4826589595375723,0.765553795034871,0.7252887894651591,0.6426868261242804,Critical,3
NMS,EBAY,eBay Inc.,eBay Inc.,Consumer Cyclical,Internet Retail,65.01,31139790848,2619000064.0,0.03,San Jose,CA,United States,12300.0,"eBay Inc., together with its subsidiaries, operates marketplace platforms that connect buyers and sellers in the United States, the United Kingdom, China, Germany, and internationally. The company's marketplace platform includes its online marketplace at ebay.com, off-platform businesses, and the eBay suite of mobile apps. Its platforms enable users to list, sell, and buy various products. The company was founded in 1995 and is headquartered in San Jose, California.",0.0005602442120342,17.6,2.7,Low,Moderate Controversy Level,USA,United States,66.7646656881949,0.312019243435194,0.647312557199093,1,2,0.1534090909090909,-0.335293313763899,0.5651932630475708,0,0.08410461318715663,0.4421087602450484,0.0,0.30346820809248565,0.765553795034871,0.8702904971372338,0.4034297714579618,Medium,1
NYQ,HPQ,HP Inc.,HP Inc.,Technology,Computer Hardware,32.94,30891065344,5045000192.0,0.024,Palo Alto,CA,United States,58000.0,"HP Inc. provides personal computing and other digital access devices, imaging and printing products, and related technologies, solutions, and services worldwide. The company operates through three segments: Personal Systems, Printing, and Corporate Investments. The Personal Systems segment offers commercial and consumer desktops and notebooks, workstations, commercial mobility devices, thin clients, retail point-of-sale systems, displays, software, support, and services, as well as hybrid systems, such as video conferencing solutions, cameras, headsets, voice, and related software products. The Printing segment provides consumer and commercial printer hardware, supplies, solutions, and services, as well as focuses on graphics and 3D printing and personalization solutions in the commercial and industrial markets. The Corporate Investments segment is involved in the business incubation and investment projects. It serves individual consumers, small- and medium-sized businesses, and large enterprises, including customers in the government, health, and education sectors. The company was formerly known as Hewlett-Packard Company and changed its name to HP Inc. in October 2015. HP Inc. was founded in 1939 and is headquartered in Palo Alto, California.",0.0005557693257165,11.3,0.1,Low,Moderate Controversy Level,USA,United States,66.7646656881949,0.312019243435194,0.647312557199093,1,9,0.008849557522123894,-0.335293313763899,0.3658015634671146,0,0.16331583698455693,0.4421087602450484,0.0,0.12138728323699427,0.765553795034871,0.7481277753725128,0.3365892218248423,Low,0
NYQ,IRM,Iron Mountain Incorporated (Del,Iron Mountain Incorporated,Real Estate,REIT - Specialty,105.1,30842646528,2001980032.0,0.122,Portsmouth,NH,United States,27000.0,"Iron Mountain Incorporated (NYSE: IRM) is a global leader in information management services. Founded in 1951 and trusted by more than 240,000 customers worldwide, Iron Mountain serves to protect and elevate the power of our customers' work. Through a range of offerings including digital transformation, data centers, secure records storage, information management, asset lifecycle management, secure destruction and art storage and logistics, Iron Mountain helps businesses bring light to their dark data, enabling customers to unlock value and intelligence from their stored digital and physical assets at speed and with security, while helping them meet their environmental goals.",0.0005548982099936,14.5,5.0,Low,Moderate Controversy Level,USA,United States,66.7646656881949,0.312019243435194,0.647312557199093,1,8,0.3448275862068966,-0.335293313763899,0.470128268235231,0,0.0649094762403912,0.4421087602450484,0.0,0.2138728323699422,0.765553795034871,0.8998940061053706,0.37951150963801245,Low,0
NYQ,EIX,Edison International,Edison International,Utilities,Utilities - Regulated Electric,79.52,30786168832,6444000256.0,0.106,Rosemead,CA,United States,14375.0,"Edison International, through its subsidiaries, engages in the generation and distribution of electric power. The company supplies and delivers electricity to approximately 50,000 square mile area of southern California to residential, commercial, industrial, public authorities, agricultural, and other sectors. Its transmission facilities consist of lines ranging from 55 kV to 500 kV and approximately 80 transmission substations; distribution system consists of approximately 38,000 circuit-miles of overhead lines; approximately 31,000 circuit-miles of underground lines; and 730 distribution substations. The company was founded in 1886 and is based in Rosemead, California.",0.0005538821048293,27.5,11.0,Medium,Significant Controversy Level,USA,United States,66.7646656881949,0.312019243435194,0.647312557199093,2,10,0.4,-0.335293313763899,0.8932582728973971,1,0.20931478324454347,0.4421087602450484,1.0,0.5895953757225434,0.765553795034871,0.6771863581839361,0.6699575078516494,Critical,3
NYQ,CNC,Centene Corporation,Centene Corporation,Healthcare,Healthcare Plans,59.58,30079856640,5919000064.0,0.061,Saint Louis,MO,United States,67700.0,"Centene Corporation operates as a healthcare enterprise that provides programs and services to under-insured and uninsured families, commercial organizations, and military families in the United States. The company operates through Medicaid, Medicare, Commercial, and Other segments. The Medicaid segment offers health plan coverage, including medicaid expansion, aged, blind, disabled, children's health insurance program, foster care, medicare-medicaid plans, long-term services and support. This segment also provides healthcare products. The Medicare segment offers special needs and medicare supplement, and prescription drug plans. The Commercial segment provides health insurance marketplace product for individual, small, and large group commercials. It also operates clinical healthcare and pharmacies, as well as offers dental and speech therapy services. In addition, the company engages in the government contracts business under the TRICARE program and other healthcare related government contracts. It provides services through primary and specialty care physicians, hospitals, and ancillary providers. Centene Corporation was founded in 1984 and is headquartered in Saint Louis, Missouri.",0.0005411746553995,19.9,0.1,Low,Moderate Controversy Level,USA,United States,66.7646656881949,0.312019243435194,0.647312557199093,1,6,0.0050251256281407045,-0.335293313763899,0.6615723019616093,0,0.1967762059121303,0.4421087602450484,0.0,0.36994219653179183,0.765553795034871,0.6965238543183577,0.4059953037078661,Medium,1
NYQ,WEC,"WEC Energy Group, Inc.","WEC Energy Group, Inc.",Utilities,Utilities - Regulated Electric,94.5,29895450624,3489200128.0,-0.048,Milwaukee,WI,United States,7000.0,"WEC Energy Group, Inc., through its subsidiaries, provides regulated natural gas and electricity, and renewable and nonregulated renewable energy services in the United States. It operates through Wisconsin, Illinois, Other States, Electric Transmission, and Non-Utility Energy Infrastructure segments. The company generates and distributes electricity from coal, natural gas, oil, and nuclear, as well as renewable energy resources, including wind, solar, hydroelectric, and biomass; and distributes and transports natural gas. It also owns, maintains, monitors, and operates electric transmission systems; and generates, distributes, and sells steam. As of December 31, 2023, the company operated approximately 35,500 miles of overhead distribution lines and 36,500 miles of underground distribution cables, as well as 430 electric distribution substations and 523,700 line transformers; approximately 46,400 miles of natural gas distribution mains; 1,700 miles of natural gas transmission mains; 2.4 million natural gas lateral services; 490 natural gas distribution and transmission gate stations; and 69.3 billion cubic feet of working gas capacities in underground natural gas storage fields. The company was formerly known as Wisconsin Energy Corporation and changed its name to WEC Energy Group, Inc. in June 2015. WEC Energy Group, Inc. was founded in 1896 and is headquartered in Milwaukee, Wisconsin.",0.0005378569579996,27.5,13.4,Medium,Low Controversy Level,USA,United States,66.7646656881949,0.312019243435194,0.647312557199093,2,10,0.4872727272727273,-0.335293313763899,0.9198724028572783,1,0.11671341475611938,0.4421087602450484,1.0,0.5895953757225434,0.765553795034871,0.8199998973689604,0.6842388617701518,Critical,3
NMS,MCHP,Microchip Technology Incorporat,Microchip Technology Incorporated,Technology,Semiconductors,55.51,29809422336,1950800000.0,-0.484,Chandler,AZ,United States,22300.0,"Microchip Technology Incorporated engages in the development, manufacture, and sale of smart, connected, and secure embedded control solutions in the Americas, Europe, and Asia. The company offers general purpose 8-bit, 16-bit, and 32-bit mixed-signal microcontrollers; 32-bit embedded mixed-signal microprocessors; and specialized microcontrollers for automotive, industrial, computing, communications, lighting, power supplies, motor control, human machine interface, security, wired connectivity, and wireless connectivity applications. It also provides analog, interface, mixed signal, and timing products comprising power management, linear, mixed-signal, high-voltage, thermal management, discrete diodes, and metal oxide semiconductor field effect transistors (MOSFETS), radio frequency (RF), drivers, safety, security, timing, USB, Ethernet, wireless, and other interface products; field-programmable gate array (FPGA) products; and application development tools that enable system designers to program microcontroller, FPGA, and microprocessor products for specific applications. In addition, the company offers serial electrically erasable programmable read-only memory, serial flash memories, parallel flash memories, serial static random access memories, and serial electrically erasable random access memories for the production of very small footprint devices; and licenses its SuperFlash embedded flash and non-volatile memory technologies to foundries, integrated device manufacturers, and design partners for use in the manufacture of microcontroller products, gate array, RF, analog, and neuromorphic compute products that require embedded non-volatile memory, as well as provides engineering services. Further, it offers wafer foundry and assembly, and test subcontracting manufacturing services; and timing systems products, application specific integrated circuits, and aerospace products. The company was incorporated in 1989 and is headquartered in Chandler, Arizona.",0.0005363092003201,31.8,15.3,High,Low Controversy Level,USA,United States,66.7646656881949,0.312019243435194,0.647312557199093,3,9,0.4811320754716981,-0.335293313763899,1.0667767943156696,0,0.06544239529405686,0.4421087602450484,0.0,0.7138728323699423,0.765553795034871,0.8990721169972993,0.5294293207272054,High,2
NYQ,HUM,Humana Inc.,Humana Inc.,Healthcare,Healthcare Plans,247.1,29753559040,3779000064.0,0.113,Louisville,KY,United States,67600.0,"Humana Inc., together with its subsidiaries, provides medical and specialty insurance products in the United States. It operates through two segments, Insurance and CenterWell. The company offers medical and supplemental benefit plans to individuals. It has a contract with Centers for Medicare and Medicaid Services to administer the Limited Income Newly Eligible Transition prescription drug plan program; and contracts with various states to provide Medicaid, dual eligible, and long-term support services benefits. In addition, the company provides commercial fully-insured medical and specialty health insurance benefits comprising dental, vision, life insurance, and other supplemental health benefits, as well as administrative services only products to individuals and employer groups; military services, such as TRICARE T2017 East Region contract; and engages in the operations of pharmacy benefit manager business. Further, it operates pharmacies and senior focused primary care centers; and offers home solutions services, such as home health, hospice, and other services to its health plan members, as well as to third parties. The company sells its products through employers and employees, independent brokers and agents, sales representatives, and digital insurance agencies. The company was formerly known as Extendicare Inc. and changed its name to Humana Inc. in April 1974. Humana Inc. was founded in 1961 and is headquartered in Louisville, Kentucky.",0.0005353041489888,22.5,0.0,Medium,Moderate Controversy Level,USA,United States,66.7646656881949,0.312019243435194,0.647312557199093,2,6,0.0,-0.335293313763899,0.7562120541529677,0,0.12701001782407273,0.4421087602450484,0.0,0.4450867052023122,0.765553795034871,0.8041200637366787,0.43929827725085424,Medium,1
NMS,ANSS,"ANSYS, Inc.","ANSYS, Inc.",Technology,Software - Application,338.38,29591330816,836108992.0,0.312,Canonsburg,PA,United States,6400.0,"ANSYS, Inc. develops and markets engineering simulation software and services for engineers, designers, researchers, and students in the United States, Japan, Germany, China, Hong Kong, South Korea, rest of Europe, the Middle East, Africa, and internationally. It offers structural analysis product suite that provides simulation tools for product design and optimization; the Ansys Mechanical product, an element analysis software; LS-DYNA solver for multiphysics simulation; and power analysis and optimization software suite. The company also offers electronics product suite that provides electromagnetic field simulation software for designing electronic and electromechanical products; Ansys High Frequency Structure Simulator product for radio frequency and microwave design; SCADE product suite, a solution for embedded software simulation, code production, and automated certification; fluids product suite that enables modeling of fluid flow and other related physical phenomena; Ansys Fluent computational fluid dynamics software package; Ansys RedHawk-SC for electronic design automation; Ansys Optics software; and mission-simulation, modeling, testing, and analysis software. In addition, it offers Ansys Granta MI system for materials information management; Ansys Granta Selector technology for materials selection and graphical analysis; CES EduPack product, a set of teaching resources; Granta Materials Data for Simulation; Ansys Lumerical product, a photonics simulation software solution; safety-certified embedded software solutions; Discovery product family for use in the simulation of product design; academic product suite for research and teaching settings. ANSYS, Inc. was founded in 1970 and is headquartered in Canonsburg, Pennsylvania.",0.0005323854581097,15.9,3.5,Low,None Controversy Level,USA,United States,66.7646656881949,0.312019243435194,0.647312557199093,1,9,0.22012578616352202,-0.335293313763899,0.5373195311446719,0,0.02825520072750215,0.4421087602450484,0.0,0.254335260115607,0.765553795034871,0.9564236978119574,0.39730320713237055,Medium,1
NYQ,BRO,"Brown & Brown, Inc.","Brown & Brown, Inc.",Financial Services,Insurance Brokers,102.93,29433659392,1528300032.0,0.099,Daytona Beach,FL,United States,16152.0,"Brown & Brown, Inc. markets and sells insurance products and services in the United States, Canada, Ireland, the United Kingdom, and internationally. It operates through four segments: Retail, National Programs, Wholesale Brokerage, and Services. The Retail segment provides property and casualty, employee benefits insurance products, personal insurance products, specialties insurance products, risk management strategies, loss control survey and analysis, consultancy, and claims processing services. It serves commercial, public and quasi-public entities, professional, and individual customers. The National Programs segment offers professional liability and related package insurance products for dentistry, legal, eyecare, insurance, financial, physicians, real estate title professionals, as well as supplementary insurance products related to weddings, events, medical facilities, and cyber liabilities. This segment also provides public entity-related and specialty programs through a network of independent agents; and program management services for insurance carrier partners. The Wholesale Brokerage segment markets and sells excess and surplus commercial and personal lines insurance through independent agents and brokers. The Services segment offers third-party claims administration and medical utilization management services in the workers' compensation and all-lines liability arenas, Medicare Set-aside, Social Security disability, Medicare benefits advocacy, and claims adjusting services. Brown & Brown, Inc. was founded in 1939 and is headquartered in Daytona Beach, Florida.",0.0005295487498245,20.5,0.1,Medium,Low Controversy Level,USA,United States,66.7646656881949,0.312019243435194,0.647312557199093,2,5,0.004878048780487805,-0.335293313763899,0.696481525690681,0,0.05192354819514519,0.4421087602450484,0.0,0.3872832369942196,0.765553795034871,0.9199214244256029,0.43353737285731886,Medium,1
NMS,CSGP,"CoStar Group, Inc.","CoStar Group, Inc.",Real Estate,Real Estate Services,71.44,29287542784,170300000.0,0.109,Washington,DC,United States,6450.0,"CoStar Group, Inc. provides information, analytics, and online marketplace services to the commercial real estate, hospitality, residential, and related professionals industries in the United States, Canada, Europe, the Asia Pacific, and Latin America. The company offers CoStar Property that provides inventory of office, industrial, retail, multifamily, hospitality, and student housing properties and land; CoStar Sales, a robust database of comparable commercial real estate sales transactions; CoStar Market Analytics to view and report on aggregated market and submarket trends; and CoStar Tenant, an online business-to-business prospecting and analytical tool that provides tenant information. It also provides Leasing, a tool to capture, manage, and maintain lease data; CoStar Lease Analysis; Public Record, a searchable database of commercially zoned parcels; CoStar Real Estate Manager, a real estate lease administration, portfolio management, and lease accounting compliance software solution; and CoStar Risk Analytics and CoStar Investment. In addition, it offers apartment marketing sites, such as ApartmentFinder.com, ForRent.com, ApartmentHomeLiving.com, WestsideRentals.com, AFTER55.com, CorporateHousing.com, ForRentUniversity.com, Apartamentos.com, and Off Campus Partners; LoopNet Premium Lister; LoopNet Diamond, Platinum, and Gold Ads; LandsofAmerica.com, LandAndFarm.com, and LandWatch.com for rural land for-sale; BizBuySell.com, BizQuest.com, and FindaFranchise.com for operating businesses and franchises for-sale; Ten-X, an online auction platform for commercial real estate; and HomeSnap, an online and mobile software platform, as well as Homes.com, a homes for sale listings site. The company was founded in 1987 and is headquartered in Washington, the District of Columbia.",0.0005269199272896,21.9,4.9,Medium,Low Controversy Level,USA,United States,66.7646656881949,0.312019243435194,0.647312557199093,2,8,0.22374429223744297,-0.335293313763899,0.7477581906244497,0,0.00581475889786958,0.4421087602450484,0.0,0.4277456647398844,0.765553795034871,0.9910322459455211,0.45278718333301016,High,2
NMS,TSCO,Tractor Supply Company,Tractor Supply Company,Consumer Cyclical,Specialty Retail,53.92,28803792896,1913799040.0,0.016,Brentwood,TN,United States,50000.0,"Tractor Supply Company operates as a rural lifestyle retailer in the United States. The company offers various merchandise, including livestock and equine feed and equipment, poultry, fencing, and sprayers and chemicals; food, treats, and equipment for dogs, cats, and other small animals, as well as dog wellness products; seasonal and recreation products comprising tractors and riders, lawn and garden, bird feeding, power equipment, and other recreational products; truck, tool, and hardware products, such as truck accessories, trailers, generators, lubricants, batteries, and hardware and tools; and clothing, gift, and décor products consist of clothing, footwear, toys, snacks, and decorative merchandise. It provides its products under the 4health, Paws & Claws, American Farmworks, Producer's Pride, Bit & Bridle, Red Shed, Blue Mountain, Redstone, C.E. Schmidt, Retriever, Country Lane, Ridgecut, Countyline, Royal Wing, Country Tuff, Strive, Dumor, Traveller, Farm Table, Treeline, Groundwork, TSC Tractor Supply Co, Huskee, Untamed, and JobSmart brand names. The company operates its retail stores under the Tractor Supply Company, Petsense by Tractor Supply, and Orscheln Farm and Home names; and operates websites under the TractorSupply.com and Petsense.com names. It sells its products to recreational farmers, ranchers, and others. Tractor Supply Company was founded in 1938 and is based in Brentwood, Tennessee.",0.0005182166551274,16.1,3.4,Low,Moderate Controversy Level,USA,United States,66.7646656881949,0.312019243435194,0.647312557199093,1,2,0.21118012422360247,-0.335293313763899,0.5589541647563998,0,0.06644260521209935,0.4421087602450484,0.0,0.2601156069364162,0.765553795034871,0.8975295532030994,0.39314789671772754,Low,0
NYQ,STT,State Street Corporation,State Street Corporation,Financial Services,Asset Management,98.2,28787427328,3343453568.0,0.201,Boston,MA,United States,53000.0,"State Street Corporation, through its subsidiaries, provides a range of financial products and services to institutional investors worldwide. The company offers investment servicing products and services, including custody, accounting, regulatory reporting, investor, and performance and analytics; middle office products, such as IBOR, transaction management, loans, cash, derivatives and collateral, record keeping, and client reporting and investment analytics; finance leasing; foreign exchange, and brokerage and other trading services; securities finance and enhanced custody products; deposit and short-term investment facilities; investment manager and alternative investment manager operations outsourcing; performance, risk, and compliance analytics; and financial data management to support institutional investors. It also engages in the provision of portfolio management and risk analytics, as well as trading and post-trade settlement services with integrated compliance and managed data. In addition, the company offers investment management strategies and products, such as core and enhanced indexing, multi-asset strategies, active quantitative and fundamental active capabilities, and alternative investment strategies. Further, it provides services and solutions, including environmental, social, and governance investing; defined benefit and defined contribution; and global fiduciary solutions, as well as exchange-traded funds under the SPDR ETF brand. The company provides its products and services to mutual funds, collective investment funds, UCITS, hedge funds and other investment pools, corporate and public retirement plans, insurance companies, foundations, endowments, and investment managers. State Street Corporation was founded in 1792 and is headquartered in Boston, Massachusetts.",0.0005179222178656,24.1,1.6,Medium,Low Controversy Level,USA,United States,66.7646656881949,0.312019243435194,0.647312557199093,2,5,0.06639004149377593,-0.335293313763899,0.8371710234960529,0,0.11614284006365516,0.4421087602450484,0.0,0.49132947976878616,0.765553795034871,0.8208798605113022,0.4548470892982588,High,2
NYQ,CAH,"Cardinal Health, Inc.","Cardinal Health, Inc.",Healthcare,Medical Distribution,118.28,28624943104,2924000000.0,-0.043,Dublin,OH,United States,47922.0,"Cardinal Health, Inc. operates as a healthcare services and products company in the United States, Canada, Europe, Asia, and internationally. It provides customized solutions for hospitals, healthcare systems, pharmacies, ambulatory surgery centers, clinical laboratories, physician offices, and patients in the home. The company operates in two segments: Pharmaceutical and Specialty Solutions, and Global Medical Products and Distribution. It distributes branded and generic pharmaceutical, specialty pharmaceutical, and over-the-counter healthcare and consumer products, as well as medical supplies. The company also provides services to pharmaceutical manufacturers and healthcare providers for specialty pharmaceutical products; offers pharmacy management services to hospitals; operates pharmacies, including pharmacies in community health centers; and repackages generic pharmaceuticals and over-the-counter healthcare products. In addition, it manufactures, sources, and distributes Cardinal Health branded medical, surgical, and laboratory products and devices that include exam and surgical gloves; needles, syringe, and sharps disposals; compression solution, incontinence, nutritional delivery, and wound care products; single-use surgical drapes, gowns, and apparel products; fluid suction and collection systems; urology products; operating room supply products; and electrode product lines. Further, the company distributes a range of national brand products, including medical, surgical, and laboratory products; provides supply chain services and solutions to hospitals, ambulatory surgery centers, clinical laboratories, and other healthcare providers; and assembles and sells sterile, and non-sterile procedure kits. Additionally, it manufactures, prepares, delivers, and distributes radiopharmaceuticals and related treatments; and optimizes direct shipments through integrated technology solutions. The company was incorporated in 1979 and is headquartered in Dublin, Ohio.",0.0005149989212228,14.9,1.2,Low,Significant Controversy Level,USA,United States,66.7646656881949,0.312019243435194,0.647312557199093,1,6,0.08053691275167785,-0.335293313763899,0.5205250520801175,0,0.10214867464981635,0.4421087602450484,0.0,0.2254335260115607,0.765553795034871,0.8424622228814741,0.37723653940810836,Low,0
NYQ,GPN,Global Payments Inc.,Global Payments Inc.,Industrials,Specialty Business Services,112.03,28511076352,4356144128.0,0.051,Atlanta,GA,United States,27000.0,"Global Payments Inc. provides payment technology and software solutions for card, check, and digital-based payments in the Americas, Europe, and the Asia-Pacific. It operates through two segments, Merchant Solutions and Issuer Solutions. The Merchant Solutions segment offers authorization, settlement and funding, customer support, chargeback resolution, terminal rental, sales and deployment, payment security, and consolidated billing and reporting services. This segment also provides an array of enterprise software solutions that streamline business operations of its customers in various vertical markets; and value-added solutions and services, such as point-of-sale software, analytics and customer engagement, payroll and reporting, and human capital management. The Issuer Solutions segment offers solutions that enable financial institutions and retailers to manage their card portfolios through a platform; and commercial payments, account payables, and electronic payment alternatives solutions for businesses and governments. It markets its products and services through direct sales force, trade associations, agent and enterprise software providers, referral arrangements with value-added resellers, and independent sales organizations. The company was founded in 1967 and is headquartered in Atlanta, Georgia.",0.0005129503143756,20.9,3.7,Medium,Low Controversy Level,USA,United States,66.7646656881949,0.312019243435194,0.647312557199093,2,7,0.17703349282296652,-0.335293313763899,0.73304843850744,1,0.1527877823418064,0.4421087602450484,1.0,0.3988439306358381,0.765553795034871,0.7643645628931259,0.6214498947965568,Critical,3
NMS,FITB,Fifth Third Bancorp,Fifth Third Bancorp,Financial Services,Banks - Regional,42.93,28500453376,3343453568.0,-0.03,Cincinnati,OH,United States,18579.0,"Fifth Third Bancorp operates as the bank holding company for Fifth Third Bank, National Association that engages in the provision of a range of financial products and services in the United States. It operates through three segments: Commercial Banking, Consumer and Small Business Banking, and Wealth and Asset Management. The Commercial Banking segment offers credit intermediation, cash management, and financial services; lending and depository products; and cash management, foreign exchange and international trade finance, derivatives and capital markets services, asset-based lending, real estate finance, public finance, commercial leasing, and syndicated finance for business, government, and professional customers. The Consumer and Small Banking segment provides a range of deposit and loan products to individuals and small businesses; home equity loans and lines of credit; credit cards; and cash management services. This segment also engages in the residential mortgage that include origination, retention and servicing of residential mortgage loans, sales and securitizations of loans, and hedging activities; indirect lending, including extending loans to consumers through automobile dealers, motorcycle dealers, powersport dealers, recreational vehicle dealers, and marine dealers; and home improvement and solar energy installation loans through contractors and installers. The Wealth & Asset Management segment provides various wealth management services for individuals, companies, and not-for-profit organizations. It offers retail brokerage services to individual clients; and broker dealer services to the institutional marketplace. This segment also provides wealth planning, investment management, banking, insurance, and trust and estate services; and advisory services for institutional clients comprising middle market businesses, non-profits, states, and municipalities. The company was founded in 1858 and is headquartered in Cincinnati, Ohio.",0.0005127591936052,16.8,1.2,Low,Moderate Controversy Level,USA,United States,66.7646656881949,0.312019243435194,0.647312557199093,1,5,0.07142857142857142,-0.335293313763899,0.5894643070536957,0,0.1173122940849599,0.4421087602450484,0.0,0.2803468208092486,0.765553795034871,0.8190762816827932,0.39137193372754664,Low,0
NYQ,XYL,Xylem Inc.,Xylem Inc.,Industrials,Specialty Industrial Machinery,117.14,28458575872,1688999936.0,0.013,Washington,DC,United States,23000.0,"Xylem Inc., together with its subsidiaries, engages in the design, manufacture, and servicing of engineered products and solutions worldwide. It operates through four segments: Water Infrastructure, Applied Water, Measurement & Control Solutions, and Integrated Solutions and Services. The Water Infrastructure segment offers products, including water, storm water, and wastewater pumps; controls and systems; filtration, disinfection, and biological treatment equipment; and mobile dewatering equipment and rental services under the ADI, Flygt, Godwin, Sanitaire, Magneto, Neptune Benson, Ionpure, Leopold, Wedeco, and Xylem Vue brands. The Applied Water segment provides pumps, valves, heat exchangers, controls, and dispensing equipment systems under the Goulds Water Technology, Bell & Gossett, A-C Fire Pump, Standard Xchange, Lowara, Jabsco, Xylem Vue, and Flojet brands. The Measurement & Control Solutions segment offers smart meters, networked communication devices, data analytics, test equipment, controls, sensor devices, software and managed services, and critical infrastructure services; and software and services, including cloud-based analytics, remote monitoring and data management, leak detection, condition assessment, asset management, and pressure monitoring solutions, as well as testing equipment. This segment sells its products under the Pure Technologies, Sensus, Smith Blair, WTW, Xylem Vue, and YSI brands. The Integrated Solutions and Services segment provides maintenance services, mobile services, digital outsourced solutions, wastewater systems, environmental remediation, odor and corrosion control, filtration, reverse osmosis, ion exchange, and deionization under Aquapro, WaterOne, and Ion Pure brands. Xylem Inc. was formerly known as ITT WCO, Inc. and changed its name to Xylem Inc. in May 2011. Xylem Inc. was incorporated in 2011 and is headquartered in Washington, District of Columbia.",0.0005120057643563,18.1,4.3,Low,Low Controversy Level,USA,United States,66.7646656881949,0.312019243435194,0.647312557199093,1,7,0.23756906077348064,-0.335293313763899,0.6360121490762418,1,0.05934941873397761,0.4421087602450484,1.0,0.3179190751445087,0.765553795034871,0.9084689494731076,0.6115828768071562,High,2
NYQ,HPE,Hewlett Packard Enterprise Comp,Hewlett Packard Enterprise Company,Technology,Communication Equipment,21.61,28424284160,4909000192.0,0.101,Spring,TX,United States,62000.0,"Hewlett Packard Enterprise Company provides solutions that allow customers to capture, analyze, and act upon data seamlessly in the Americas, Europe, the Middle East, Africa, the Asia Pacific, and Japan. It operates in six segments: Compute, HPC & AI, Storage, Intelligent Edge, Financial Services, and Corporate Investments and Other. The company offers general purpose servers for multi-workload computing and workload-optimized servers; HPE ProLiant rack and tower servers; HPE Synergy; HPE Alletra, HPE GreenLake, Zerto, HPE InfoSight, and HPE CloudPhysics storage products; HPE Cray EX, HPE Cray XD, and converged edge systems; and HPE Superdome Flex, HPE Nonstop, and HPE Integrity products. It also provides HPE Aruba products that includes hardware products, such as Wi-Fi access points, switches, and gateways; HPE Aruba Networking software and services comprising cloud-based management, network management and access control, analytics and assurance, software-defined wide-area networking, network security, analytics and assurance, and location services software; and professional and support services, as well as as-a-service and consumption models. In addition, the company offers leasing, financing, IT consumption, and utility programs and asset management services for customers to facilitate technology deployment models and the acquisition of various IT solutions, including hardware, software, and services from Hewlett Packard Enterprise and others; consultative-led services; HPE Ezmeral Container Platform; HPE Ezmeral Software Container Platform and HPE Ezmeral Software Data Fabric; OpsRamp; and Hewlett Packard Labs. It serves commercial and large enterprise groups, such as business and public sector enterprises; and through various partners comprising resellers, distribution partners, original equipment manufacturers, independent software vendors, systems integrators, and advisory firms. The company was founded in 1939 and is headquartered in Spring, Texas.",0.0005113888130973,10.7,0.9,Low,Moderate Controversy Level,USA,United States,66.7646656881949,0.312019243435194,0.647312557199093,1,9,0.08411214953271029,-0.335293313763899,0.376438679678609,0,0.17270444400173066,0.4421087602450484,0.0,0.10404624277456648,0.765553795034871,0.7336482896151555,0.32993896111037824,Low,0
NYQ,KEYS,Keysight Technologies Inc.,"Keysight Technologies, Inc.",Technology,Scientific & Technical Instruments,163.22,28265295872,1187000064.0,-0.119,Santa Rosa,CA,United States,15400.0,"Keysight Technologies, Inc. provides electronic design and test solutions to commercial communications, networking, aerospace, defense and government, automotive, energy, semiconductor, electronic, and education industries in the Americas, Europe, and the Asia Pacific. The company operates in two segments, Communications Solutions Group and Electronic Industrial Solutions Group. It offers electronic design automation (EDA) software; instrument measurement software, instrument workflow software, and software testing; digital multimeter, phase noise measurement, power meters and power sensors, counters, LCR meters and impedance measurement products, and electrometers; and spectrum analyzers, network analyzers, logic analyzers, protocol analyzers and exercisers, bit error ratio testers, noise figure analyzers, AC and DC power analyzers, materials test equipment, device current waveform analyzers, and curve tracers. The company also provides waveform and function generators, arbitrary waveform generators, DC power supplies, and DC electronic loads; wireless drive test, radio access and core network test, wireless analyzers, wireless network emulators, and over-the-air test; application and threat intelligence, cloud test, cyber training simulator, network test hardware, synthetic traffic generators, protocol and load test, network security test, and network modeling; bypass switches, clock synchronization, cloud visibility, network and application monitoring, network packet brokers, and network taps; and application-specific test systems, photonic test and measurement products, and MMIC millimeter-wave and microwave devices. In addition, it offers product support, technical support, installation, training, engineering, and integration services. The company sells its products through direct sales force, distributors, resellers, and manufacturer's representatives. Keysight Technologies, Inc. was founded in 1939 and is headquartered in Santa Rosa, California.",0.0005085284127635,7.6,1.2,Negligible,Low Controversy Level,USA,United States,66.7646656881949,0.312019243435194,0.647312557199093,0,9,0.15789473684210525,-0.335293313763899,0.2688809639360141,0,0.0419949633421619,0.4421087602450484,0.0,0.014450867052023114,0.765553795034871,0.9352336856275594,0.32321888799485565,Low,0
NYQ,EQR,Equity Residential,Equity Residential,Real Estate,REIT - Residential,71.35,27904485376,1796182016.0,0.034,Chicago,IL,United States,2400.0,"Equity Residential is committed to creating communities where people thrive. The Company, a member of the S&P 500, is focused on the acquisition, development and management of residential properties located in and around dynamic cities that attract affluent long-term renters. Equity Residential owns or has investments in 312 properties consisting of 84,018 apartment units, with an established presence in Boston, New York, Washington, D.C., Seattle, San Francisco and Southern California, and an expanding presence in Denver, Atlanta, Dallas/Ft. Worth and Austin.",0.000502036975714,11.9,3.0,Low,Low Controversy Level,USA,United States,66.7646656881949,0.312019243435194,0.647312557199093,1,8,0.25210084033613445,-0.335293313763899,0.42645473799831884,0,0.06436893538072035,0.4421087602450484,0.0,0.138728323699422,0.765553795034871,0.9007276498679178,0.35705152141311114,Low,0
NMS,ON,ON Semiconductor Corporation,ON Semiconductor Corporation,Technology,Semiconductors,65.5,27889702912,2716600064.0,-0.192,Scottsdale,AZ,United States,30000.0,"ON Semiconductor Corporation provides intelligent sensing and power solutions in the United States and internationally. The company operates through Power Solutions Group, Advanced Solutions Group, and Intelligent Sensing Group. Its intelligent power technologies enable the electrification of the automotive industry that allows for lighter and longer-range electric vehicles, empowers fast-charging systems, and propels sustainable energy for the solar strings, industrial power, and storage systems. In addition, the company offers analog, discrete, module, and integrated semiconductor products that perform multiple application functions, includes power switching and conversion, signal conditioning, circuit protection, signal amplification, and voltage regulation functions. Further, it designs and develops analog, mixed-signal, power management ICs and sensor interface devices for automotive, industrial, compute and mobile markets. Additionally, the company offers single photon detectors, including silicon photomultipliers and single photon avalanche diode arrays, as well as actuator drivers for autofocus and image stabilization for a broad base of end-users in the different end-markets. ON Semiconductor Corporation was incorporated in 1992 and is headquartered in Scottsdale, Arizona.",0.000501771020495,22.4,11.8,Medium,Low Controversy Level,USA,United States,66.7646656881949,0.312019243435194,0.647312557199093,2,9,0.5267857142857143,-0.335293313763899,0.8031638081867853,0,0.0974051273536922,0.4421087602450484,0.0,0.44219653179190743,0.765553795034871,0.8497779115015156,0.44299701000421654,High,2
NYQ,PPG,"PPG Industries, Inc.","PPG Industries, Inc.",Basic Materials,Specialty Chemicals,120.21,27888719872,2870000128.0,-0.015,Pittsburgh,PA,United States,53000.0,"PPG Industries, Inc. manufactures and distributes paints, coatings, and specialty materials in the United States, Canada, the Asia Pacific, Latin America, Europe, the Middle East, and Africa. It operates through two segments, Performance Coatings and Industrial Coatings. The Performance Coatings segment offers coatings, solvents, adhesives, sealants, sundries, and software for automotive and commercial transport/fleet repair and refurbishing, light industrial coatings, and specialty coatings for signs; wood stains; paints, thermoplastics, pavement marking products, and other advanced technologies for pavement marking for government, commercial infrastructure, painting, and maintenance contractors; and coatings, sealants, transparencies, transparent armor, adhesives, engineered materials, and packaging and chemical management services for commercial, military, regional jet, and general aviation aircraft. The Industrial Coatings segment offers coatings, adhesives and sealants, and metal pretreatments, as well as services and coatings applications for appliances, agricultural and construction equipment, consumer electronics, automotive parts and accessories, building products, kitchenware, and transportation vehicles and other finished products; and on-site coatings services. It also provides coatings for metal cans, closures, plastic and aluminum tubes for food, beverage and personal care, promotional, and specialty packaging; amorphous precipitated silica for tire, battery separator, and other end-uses; TESLIN substrates for labels, e-passports, drivers' licenses, breathable membranes, and loyalty and identification cards; and organic light emitting diode materials, displays and lighting lens materials, optical lenses, color-change products, and photochromic dyes. PPG Industries, Inc. was incorporated in 1883 and is headquartered in Pittsburgh, Pennsylvania.",0.0005017533343624,25.2,11.0,Medium,Moderate Controversy Level,USA,United States,66.7646656881949,0.312019243435194,0.647312557199093,2,0,0.4365079365079365,-0.335293313763899,0.9035911334639835,1,0.10290899478973403,0.4421087602450484,1.0,0.523121387283237,0.765553795034871,0.8412896267107288,0.6664256381725369,Critical,3
NYQ,K,Kellanova,Kellanova,Consumer Defensive,Packaged Foods,80.5,27748188160,2032000000.0,-0.007,Chicago,IL,United States,23000.0,"Kellanova, together with its subsidiaries, manufactures and markets snacks and convenience foods in North America, Europe, Latin America, the Asia Pacific, the Middle East, Australia, and Africa. Its principal products include crackers, crisps, savory snacks, toaster pastries, cereal bars, granola bars and bites, ready-to-eat cereals, frozen waffles, veggie foods, and noodles. The company offers its products under the Kellogg's, Cheez-It, Pringles, Austin, Parati, RXBAR, Eggo, Morningstar Farms, Bisco, Club, Luxe, Minueto, Special K, Toasteds, Town House, Zesta, Zoo Cartoon, Choco Krispis, Crunchy Nut, Kashi, Nutri-Grain, Squares, Zucaritas, Rice Krispies Treats, Sucrilhos, Pop-Tarts, K-Time, Sunibrite, Split Stix, LCMs, Coco Pops, Krave, Frosties, Rice Krispies Squares, Incogmeato, Veggitizers, Gardenburger, Trink, Carr's, Kellogg's Extra, Müsli, Fruit n Fibre, Kellogg's Crunchy Nut, Country Store, Smacks, Honey Bsss, Zimmy's, Toppas, Tresor, Froot Ring, Chocos, Chex, Guardian, Just Right, Sultana Bran, Rice Bubbles, Sustain, and Choco Krispies brand names. It sells its products to retailers through direct sales forces, as well as brokers and distributors. The company was formerly known as Kellogg Company and changed its name to Kellanova in October 2023. Kellanova was founded in 1906 and is headquartered in Chicago, Illinois.",0.0004992249911683,28.4,10.6,Medium,Moderate Controversy Level,USA,United States,66.7646656881949,0.312019243435194,0.647312557199093,2,3,0.3732394366197183,-0.335293313763899,1.0234902486692665,0,0.07323000652450527,0.4421087602450484,0.0,0.6156069364161849,0.765553795034871,0.8870617510624114,0.49874851534758935,High,2
NYQ,NUE,Nucor Corporation,Nucor Corporation,Basic Materials,Steel,116.58,27374499840,4940151808.0,-0.152,Charlotte,NC,United States,32000.0,"Nucor Corporation engages in manufacture and sale of steel and steel products. It operates in three segments: steel mills, steel products, and raw materials. The Steel Mills segment produces hot-rolled, cold-rolled, and galvanized sheet steel products; plate steel products; wide-flange beams, beam blanks, and H-piling and sheet piling structural steel products; bar steel products, such as blooms, billets, concrete reinforcing and merchant bars, and engineered special bar quality products; and engages in the steel trading and rebar distribution businesses. This segment sells its products to steel service centers, fabricators, and manufacturers in the United States, Canada, and Mexico. The Steel Products segment offers steel joists and joist girders, steel decks, and galvanized torque tubes for used in solar arrays, hollow structural section steel tubing, electrical conduit, fabricated concrete reinforcing steel, cold finished steel, steel fasteners, steel grating and expanded metal, wire and wire mesh, metal building systems, insulated metal panels, steel racking, overhead doors, and utility towers and structures for communications and energy transmission. This segment is also involved in the piling distribution business. The Raw Materials segment produces direct reduced iron (DRI); brokers ferrous and nonferrous metals, pig iron, hot briquetted iron, and DRI; supplies ferro-alloys; processes ferrous and nonferrous scrap metal; and engages in the natural gas production and industrial gas business. This segment sells its ferrous scrap to electric arc furnace steel mills and foundries for manufacturing process; and nonferrous scrap metal to aluminum can producers, secondary aluminum smelters, steel mills and other processors, and consumers of various nonferrous metals. It markets its products through in-house sales force; and internal distribution and trading companies. Nucor Corporation was founded in 1905 and is headquartered in Charlotte, North Carolina.",0.0004925018657817,32.8,9.3,High,Moderate Controversy Level,USA,United States,66.7646656881949,0.312019243435194,0.647312557199093,3,0,0.2835365853658537,-0.335293313763899,1.198195407832518,1,0.18046546372991193,0.4421087602450484,1.0,0.7427745664739883,0.765553795034871,0.7216789341600586,0.7203605226746951,Critical,3
NYQ,EL,"Estee Lauder Companies, Inc. (T",The Estée Lauder Companies Inc.,Consumer Defensive,Household & Personal Products,74.36,26693603328,2438000128.0,-0.045,New York,NY,United States,44020.0,"The Estée Lauder Companies Inc. manufactures, markets, and sells skin care, makeup, fragrance, and hair care products worldwide. It offers skin care products, including moisturizers, serums, cleansers, toners, body care, exfoliators, acne care and oil correctors, facial masks, and sun care products; and makeup products, such as lipsticks, lip glosses, mascaras, foundations, eyeshadows, and powders, as well as compacts, brushes, and other makeup tools. The company also provides fragrance products in various forms comprising eau de parfum sprays and colognes, as well as lotions, powders, creams, candles, and soaps; and hair care products, including shampoos, conditioners, styling products, treatment, finishing sprays, and hair color products, as well as sells ancillary products and services. It offers its products under the Estée Lauder, Clinique, Origins, M·A·C, Bobbi Brown Cosmetics, La Mer, Aveda, Jo Malone London, TOM FORD, Too Faced, Dr.Jart+, and The Ordinary brands. The company sells its products through department stores, specialty-multi retailers, upscale perfumeries and pharmacies, and salons and spas; freestanding stores; its own and authorized retailer websites; third-party online malls; stores in airports; and duty-free locations. The Estée Lauder Companies Inc. was founded in 1946 and is headquartered in New York, New York.",0.0004802516765719,25.5,6.9,Medium,Moderate Controversy Level,USA,United States,66.7646656881949,0.312019243435194,0.647312557199093,2,3,0.2705882352941177,-0.335293313763899,0.9552850428871107,0,0.09133274732687299,0.4421087602450484,0.0,0.5317919075144508,0.765553795034871,0.8591429791788353,0.4708121294887115,High,2
NYQ,BR,"Broadridge Financial Solutions,","Broadridge Financial Solutions, Inc.",Technology,Information Technology Services,226.01,26418081792,1545799936.0,-0.006,Lake Success,NY,United States,14000.0,"Broadridge Financial Solutions, Inc. provides investor communications and technology-driven solutions for the financial services industry. The company's Investor Communication Solutions segment handles the proxy materials distribution and voting processes for bank, broker-dealer, corporate issuer, and fund clients, as well as distributes regulatory reports, prospectuses, class action, and corporate action/reorganization event information, as well as tax reporting solutions. The segment also offers ProxyEdge, an electronic proxy delivery and voting solution; data-driven solutions and an end-to-end platform for content management, composition, and omni-channel distribution of regulatory, marketing, and transactional information, as well as mutual fund trade processing services; solutions for public corporations and mutual funds; data and analytics solutions; SEC filing and capital markets transaction services; registrar, stock transfer, and record-keeping services; and omni-channel customer communications solutions, as well as operates Broadridge Communications Cloud platform that creates, delivers, and manages communications and customer engagement activities. Its Global Technology and Operations segment provides solutions that automate the front-to-back transaction lifecycle of equity, mutual fund, fixed income, foreign exchange and exchange-traded derivatives, order capture and execution, trade confirmation, margin, cash management, clearing and settlement, reference data management, reconciliations, securities financing and collateral management, asset servicing, compliance and regulatory reporting, portfolio accounting, and custody-related services. This segment also offers business process outsourcing services; technology solutions, such portfolio management, compliance, fee billing, and operational support solutions; and capital market and wealth and investment management solutions. The company was founded in 1962 and is headquartered in Lake Success, New York.",0.0004752946957563,16.6,4.2,Low,Moderate Controversy Level,USA,United States,66.7646656881949,0.312019243435194,0.647312557199093,1,9,0.25301204819277107,-0.335293313763899,0.6283575064494978,0,0.05851295140088875,0.4421087602450484,0.0,0.27456647398843936,0.765553795034871,0.9097589828948708,0.39870609980251165,Medium,1
NYQ,CHD,"Church & Dwight Company, Inc.","Church & Dwight Co., Inc.",Consumer Defensive,Household & Personal Products,106.1,25994287104,1330099968.0,0.038,Ewing,NJ,United States,5550.0,"Church & Dwight Co., Inc. develops, manufactures, and markets household, personal care, and specialty products. It operates in three segments: Consumer Domestic, Consumer International, and Specialty Products Division. The company offers cat litters, carpet deodorizers, laundry detergents, and baking soda, as well as other baking soda based products under the ARM & HAMMER brand; condoms, lubricants, and vibrators under the TROJAN brand; stain removers, cleaning solutions, laundry detergents, and bleach alternatives under the OXICLEAN brand; toothbrushes under the SPINBRUSH brand; home pregnancy and ovulation test kits under the FIRST RESPONSE brand; depilatories under the NAIR brand; oral analgesics under the ORAJEL brand; laundry detergents under the XTRA brand; gummy dietary supplements under the L'IL CRITTERS and VITAFUSION brands; dry shampoos under the BATISTE brand; water flossers and showerheads under the WATERPIK brand; cold shortening and relief products under the ZICAM brand; oral care products under the THERABREATH brand; and acne treatment products under the HERO brand. Its specialty products include animal and food productivity products, such as ARM & HAMMER baking soda as a feed additive to help dairy cow; BIO-CHLOR and FERMENTEN used to reduce health issues associated with calving, as well as needed protein; CELMANAX refined functional carbohydrate, a yeast-based prebiotic; and CERTILLUS a probiotics products used in the poultry, dairy, beef, and swine industries. It offers sodium bicarbonate; and cleaning and deodorizing products. The company sells its consumer products through supermarkets, mass merchandisers, wholesale clubs, drugstores, convenience stores, home stores, dollar and other discount stores, pet and other specialty stores, and websites and other e-commerce channels; and specialty products to industrial customers and livestock producers through distributors. The company was founded in 1846 and is headquartered in Ewing, New Jersey.",0.0004676700934524,19.9,6.9,Low,Low Controversy Level,USA,United States,66.7646656881949,0.312019243435194,0.647312557199093,1,3,0.3467336683417086,-0.335293313763899,0.7655528278341508,0,0.05116893426153334,0.4421087602450484,0.0,0.36994219653179183,0.765553795034871,0.9210852202564487,0.42845144030167515,Medium,1
NYQ,MTD,"Mettler-Toledo International, I",Mettler-Toledo International Inc.,Healthcare,Diagnostics & Research,1230.74,25971937280,1142445056.0,0.013,Columbus,OH,United States,16000.0,"Mettler-Toledo International Inc. manufactures and supplies precision instruments and services in the Americas, Europe, Asia, and internationally. It operates through five segments: U.S. Operations, Swiss Operations, Western European Operations, Chinese Operations, and Other. The company's laboratory instruments include laboratory balances, liquid pipetting solutions, automated laboratory reactors, real-time analytics, titrators, pH meters, process analytics sensors and analyzer technologies, physical value analyzers, density and refractometry, thermal analysis systems, and other analytical instruments; and LabX, a laboratory software platform to manage and analyze data generated from its instruments. 
Its industrial instruments comprise industrial weighing instruments and related terminals, automatic dimensional measurement and data capture solutions, vehicle scale systems, industrial software, metal detection equipment, x-ray systems, check weighing equipment, camera-based imaging equipment, track-and-trace solutions, and product inspection systems. The company's retail weighing solutions consist of weighing and software solutions, AI-driven image recognition solution, and automated packaging and labelling solutions for the meat backroom. It serves the life science industry, independent research organizations, and testing labs; food and beverage manufacturers; food retailers; chemical, specialty chemical, and cosmetics companies; food retailers; transportation and logistics, metals, and electronics industries; and the academic community through its direct sales force and indirect distribution channels. Mettler-Toledo International Inc. was incorporated in 1991 and is based in Columbus, Ohio.",0.0004672679918584,13.1,1.0,Low,None Controversy Level,USA,United States,66.7646656881949,0.312019243435194,0.647312557199093,1,6,0.07633587786259542,-0.335293313763899,0.5043905604256873,0,0.04398767191232028,0.4421087602450484,0.0,0.17341040462427748,0.765553795034871,0.9321604506623091,0.37059942577000693,Low,0
NYQ,DOV,Dover Corporation,Dover Corporation,Industrials,Specialty Industrial Machinery,189.27,25966329856,1765938048.0,0.013,Downers Grove,IL,United States,25000.0,"Dover Corporation provides equipment and components, consumable supplies, aftermarket parts, software and digital solutions, and support services worldwide. The company's Engineered Products segment provides various equipment, component, software, solution, and services that are used in vehicle aftermarket, waste handling, industrial automation, aerospace and defense, industrial winch and hoist, and fluid dispensing end-market. This segment offers manual and power clamp, rotary and linear mechanical indexer, conveyor, pick and place unit, glove port, and manipulator, as well as end-of-arm robotic gripper, slide, and end effector; winches, hoists, bearings, drives, and electric monitoring system; and radio frequency and microwave filters and switches, and signal intelligence solutions. Its Clean Energy & Fueling segment offers component, equipment, and software and service solution enabling safe storage and transport of fuel, cryogenic gases, and hazardous fluids, as well as operation of retail fueling and vehicle wash establishment. The company's Imaging & Identification segment provides precision marking and coding, product traceability equipment, brand protection, and digital textile printing equipment and solution, as well as related consumable, software, and service to packaged and consumer goods, pharmaceutical, manufacturing, fashion and apparel, and other end-market. Its Pumps & Process Solutions segment manufactures specialty pump, connector, flow meter, fluid connecting solution, plastics and polymer processing equipment, and engineered components for rotating and reciprocating machines. The company's Climate & Sustainability Technologies segment manufactures refrigeration system, refrigeration display case, commercial glass refrigerator and freezer door, and brazed plate heat exchanger for industrial heating and cooling, and residential climate control applications. The company was incorporated in 1947 and is headquartered in Downers Grove, Illinois.",0.0004671671072103,25.9,8.0,Medium,Low Controversy Level,USA,United States,66.7646656881949,0.312019243435194,0.647312557199093,2,7,0.3088803088803089,-0.335293313763899,0.9974455436571958,1,0.0680087658823277,0.4421087602450484,1.0,0.5433526011560693,0.765553795034871,0.8951141574924446,0.6778774554125581,Critical,3
NYQ,FTV,Fortive Corporation,Fortive Corporation,Technology,Scientific & Technical Instruments,74.45,25830350848,1698499968.0,0.027,Everett,WA,United States,18000.0,"Fortive Corporation designs, develops, manufactures, and services professional and engineered products, software, and services in the United States, China, and internationally. It operates in three segments: Intelligent Operating Solutions, Precision Technologies, and Advanced Healthcare Solutions. The Intelligent Operating Solutions segment provides advanced instrumentation, software, and services, including electrical test and measurement, facility and asset lifecycle software applications, and connected worker safety and compliance solutions for manufacturing, process industries, healthcare, utilities and power, communications and electronics, and other industries. This segment markets its products and services under the ACCRUENT, FLUKE, GORDIAN, INDUSTRIAL SCIENTIFIC, INTELEX, PRUFTECHNIK, and SERVICECHANNEL brands. The Precision Technologies segment offers electrical test and measurement, sensing and material technologies for industrial, power and energy, automotive, medical equipment, food and beverage, aerospace and defense, semiconductor, and other general industries under the ANDERSON-NEGELE, GEMS, SETRA, HENGSTLER-DYNAPAR, QUALITROL, PACIFIC SCIENTIFIC, KEITHLEY, and TEKTRONIX brand names. The Advanced Healthcare Solutions segment provides critical workflow solutions comprising instrument sterilization, instrument tracking, design and manufacture of cell therapy equipment, biomedical test tools, radiation detection and safety monitoring, and end-to-end clinical productivity software and solutions under the ASP, CENSIS, CENSITRAC, EVOTECH, FLUKE BIOMEDICAL, INVETECH, LANDAUER, PROVATION, RAYSAFE, and STERRAD brands. Fortive Corporation was incorporated in 2015 and is headquartered in Everett, Washington.",0.0004647206729179,34.8,16.1,High,Low Controversy Level,USA,United States,66.7646656881949,0.312019243435194,0.647312557199093,3,9,0.4626436781609196,-0.335293313763899,1.3472523158815128,0,0.06575597745438723,0.4421087602450484,0.0,0.8005780346820808,0.765553795034871,0.8985884980306135,0.5553925195241783,High,2
NMS,TROW,"T. Rowe Price Group, Inc.","T. Rowe Price Group, Inc.",Financial Services,Asset Management,116.12,25797103616,2648399872.0,0.069,Baltimore,MD,United States,8104.0,"T. Rowe Price Group, Inc. is a publicly owned investment manager. The firm provides its services to individuals, institutional investors, retirement plans, financial intermediaries, and institutions. It launches and manages equity and fixed income mutual funds. The firm invests in the public equity and fixed income markets across the globe. It employs fundamental and quantitative analysis with a bottom-up approach. The firm utilizes in-house and external research to make its investments. It employs socially responsible investing with a focus on environmental, social, and governance issues. It makes investment in late-stage venture capital transactions and usually invests between $3 million and $5 million. The firm was previously known as T. Rowe Group, Inc. and T. Rowe Price Associates, Inc. T. Rowe Price Group, Inc. was founded in 1937 and is based in Baltimore, Maryland, with additional offices in Colorado Springs, Colorado; Owings Mills, Maryland; San Francisco, California; New York, New York; Philadelphia, Pennsylvania; Tampa, Florida; Toronto, Ontario; Hellerup, Denmark; Amsterdam, The Netherlands; Luxembourg, Grand Duchy of Luxembourg; Zurich, Switzerland; Dubai, United Arab Emirates; London, United Kingdom; Sydney, New South Wales; Hong Kong; Tokyo, Japan; Singapore; Frankfurt, Shanghai, China; Germany, Madrid, Spain, Milan, Italy, Stockholm, Sweden, Melbourne, Australia, Amsterdam, Netherlands and Washington, DC.",0.0004641225131748,16.9,2.4,Low,Low Controversy Level,USA,United States,66.7646656881949,0.312019243435194,0.647312557199093,1,5,0.14201183431952663,-0.335293313763899,0.6551123045270167,0,0.10266268304467316,0.4421087602450484,0.0,0.28323699421965315,0.765553795034871,0.8416694985487932,0.394498307437268,Medium,1
NYQ,EQT,EQT Corporation,EQT Corporation,Energy,Oil & Gas E&P,42.99,25651447808,2601137920.0,0.195,Pittsburgh,PA,United States,881.0,"EQT Corporation operates as a natural gas production company in the United States. The company sells natural gas and natural gas liquids to marketers, utilities, and industrial customers through pipelines located in the Appalachian Basin. It also offers marketing services and contractual pipeline capacity management services. The company was formerly known as Equitable Resources Inc. and changed its name to EQT Corporation in February 2009. EQT Corporation was founded in 1878 and is headquartered in Pittsburgh, Pennsylvania.",0.0004615019810145,35.7,17.7,High,Low Controversy Level,USA,United States,66.7646656881949,0.312019243435194,0.647312557199093,3,4,0.49579831932773105,-0.335293313763899,1.391734309393099,1,0.10140316209320453,0.4421087602450484,1.0,0.8265895953757225,0.765553795034871,0.8436119822041985,0.7576983361496293,Critical,3
NYQ,SYF,Synchrony Financial,Synchrony Financial,Financial Services,Credit Services,65.45,25482563584,3343453568.0,0.116,Stamford,CT,United States,20000.0,"Synchrony Financial, together with its subsidiaries, operates as a consumer financial services company in the United States. It provides credit products, such as credit cards, commercial credit products, and consumer installment loans. The company also offers private label credit cards, dual co-brand and general purpose credit cards, short- and long-term installment loans, and consumer banking products; and deposit products, including certificates of deposit, individual retirement accounts, money market accounts, and savings accounts, and sweep and affinity deposits, as well as accepts deposits through third-party securities brokerage firms. In addition, it provides debt cancellation products to its credit card customers through online, mobile, and direct mail; and healthcare payments and financing solutions under the CareCredit and Walgreens brands; payments and financing solutions in the apparel, specialty retail, outdoor, music, and luxury industries, such as American Eagle, Dick's Sporting Goods, Guitar Center, Kawasaki, Pandora, Polaris, Suzuki, and Sweetwater. The company offers its credit products through programs established with a group of national and regional retailers, local merchants, manufacturers, buying groups, industry associations, and healthcare service providers; and deposit products through various channels, such as digital and print. It serves digital, health and wellness, retail, home, auto, telecommunications, jewelry, pets, and other industries. The company was founded in 1932 and is headquartered in Stamford, Connecticut.",0.0004584635402792,17.3,0.1,Low,Moderate Controversy Level,USA,United States,66.7646656881949,0.312019243435194,0.647312557199093,1,5,0.005780346820809248,-0.335293313763899,0.6788955884667086,0,0.13120554205540327,0.4421087602450484,0.0,0.2947976878612717,0.765553795034871,0.7976495582355883,0.393564521498433,Medium,1
NYQ,NVR,"NVR, Inc.","NVR, Inc.",Consumer Cyclical,Residential Construction,8276.78,25359060992,2071504000.0,0.06,Reston,VA,United States,6300.0,"NVR, Inc. operates as a homebuilder in the United States. The company operates through, Homebuilding and Mortgage Banking segments. It engages in the construction and sale of single-family detached homes, townhomes, and condominium buildings under the Ryan Homes, NVHomes, and Heartland Homes names. The company markets its Ryan Homes products to first-time and first-time move-up buyers; and NVHomes and Heartland Homes products to move-up and luxury buyers. It also provides various mortgage related services to its homebuilding customers, as well as brokers title insurance; performs title searches in connection with mortgage loan closings; and sells mortgage loans to investors in the secondary markets on a servicing released basis. The company primarily serves in Maryland, Virginia, West Virginia, Delaware, New Jersey, Eastern Pennsylvania, New York, Ohio, Western Pennsylvania, Indiana, Illinois, North Carolina, Georgia, South Carolina, Florida, Tennessee, and Washington, D.C. NVR, Inc. was founded in 1980 and is headquartered in Reston, Virginia.",0.0004562415724864,20.3,7.2,Medium,Low Controversy Level,USA,United States,66.7646656881949,0.312019243435194,0.647312557199093,2,2,0.35467980295566504,-0.335293313763899,0.8005028264415636,0,0.08168693630468003,0.4421087602450484,0.0,0.38150289017341044,0.765553795034871,0.8740191352538019,0.42721303989389603,Medium,1
NYQ,DTE,DTE Energy Company,DTE Energy Company,Utilities,Utilities - Regulated Electric,120.18,24889397248,3448000000.0,0.006,Detroit,MI,United States,9412.0,"DTE Energy Company engages in the utility operations. The company's Electric segment generates, purchases, distributes, and sells electricity to various residential, commercial, and industrial customers in southeastern Michigan. It generates electricity through coal-fired plants, hydroelectric pumped storage, and nuclear plants, as well as wind and solar assets. This segment owns and operates distribution substations and line transformers. The company's Gas segment purchases, stores, transports, distributes, and sells natural gas to various residential, commercial, and industrial customers throughout Michigan; and sells storage and transportation capacity. Its DTE Vantage segment offers metallurgical and petroleum coke to steel and other industries; and power generation, steam production, chilled water production, and wastewater treatment services, as well as air supplies compressed air to industrial customers. Its Energy Trading segment engages in power, natural gas, and environmental marketing and trading; structured transactions; and the optimization of contracted natural gas pipeline transportation and storage positions. The company was founded in 1849 and is based in Detroit, Michigan.",0.000447791727866,29.8,15.0,Medium,Moderate Controversy Level,USA,United States,66.7646656881949,0.312019243435194,0.647312557199093,2,10,0.5033557046979865,-0.335293313763899,1.1972969736097,1,0.13853288473175324,0.4421087602450484,1.0,0.6560693641618497,0.765553795034871,0.7863490368986729,0.700815972254915,Critical,3
NYQ,VTR,"Ventas, Inc.","Ventas, Inc.",Real Estate,REIT - Healthcare Facilities,58.76,24650465280,1857009024.0,0.08,Chicago,IL,United States,486.0,"Ventas, Inc. (NYSE: VTR) is a leading S&P 500 real estate investment trust enabling exceptional environments that benefit a large and growing aging population. With approximately 1,350 properties in North America and the United Kingdom, Ventas occupies an essential role in the longevity economy. The Company's growth is fueled by its over 800 senior housing communities, which provide valuable services to residents and enable them to thrive in supported environments. The Ventas portfolio also includes outpatient medical buildings, research centers and healthcare facilities. The Company aims to deliver outsized performance by leveraging its unmatched operational expertise, data-driven insights from its Ventas OI platform, extensive relationships and strong financial position. Ventas's seasoned team of talented professionals shares a commitment to excellence, integrity and a common purpose of helping people live longer, healthier, happier lives.",0.0004434930396444,12.9,3.4,Low,None Controversy Level,USA,United States,66.7646656881949,0.312019243435194,0.647312557199093,1,8,0.2635658914728682,-0.335293313763899,0.523316694166675,0,0.0753336297269274,0.4421087602450484,0.0,0.16763005780346824,0.765553795034871,0.8838174591091321,0.36403102256844644,Low,0
NYQ,AWK,"American Water Works Company, I","American Water Works Company, Inc.",Utilities,Utilities - Regulated Water,125.92,24541052928,2408000000.0,0.134,Camden,NJ,United States,6500.0,"American Water Works Company, Inc., through its subsidiaries, provides water and wastewater services in the United States. It offers water and wastewater services to approximately 1,700 communities in 14 states serving approximately 3.5 million active customers. The company serves residential customers; commercial customers, including food and beverage providers, commercial property developers and proprietors, and energy suppliers; fire service and private fire customers; industrial customers, such as large-scale manufacturers, mining, and production operations; public authorities comprising government buildings and other public sector facilities, such as schools and universities; and other utilities and community water and wastewater systems. It also provides water and wastewater services on military installations; and undertakes contracts with municipal customers, primarily to operate and manage water and wastewater facilities, as well as offers other related services. In addition, the company operates approximately 80 surface water treatment plants; 540 groundwater treatment plants; 175 wastewater treatment plants; 53,700 miles of transmission, distribution, and collection mains and pipes; 1,200 groundwater wells; 1,700 water and wastewater pumping stations; 1,100 treated water storage facilities; and 74 dams. The company was founded in 1886 and is headquartered in Camden, New Jersey.",0.0004415245730856,21.6,9.0,Medium,Low Controversy Level,USA,United States,66.7646656881949,0.312019243435194,0.647312557199093,2,10,0.41666666666666663,-0.335293313763899,0.8801578344405746,1,0.09812129932096775,0.4421087602450484,1.0,0.41907514450867056,0.765553795034871,0.8486734024107617,0.6359501429101702,Critical,3
NYQ,ADM,Archer-Daniels-Midland Company,Archer-Daniels-Midland Company,Consumer Defensive,Farm Products,50.49,24161183744,3988000000.0,-0.117,Chicago,IL,United States,40213.0,"Archer-Daniels-Midland Company engages in the procurement, transportation, storage, processing, and merchandising of agricultural commodities, ingredients, flavors, and solutions in the United States, Switzerland, the Cayman Islands, Brazil, Mexico, Canada, the United Kingdom, and internationally. It operates in three segments: Ag Services and Oilseeds, Carbohydrate Solutions, and Nutrition. The company originates, merchandises, stores, and transports agricultural raw materials, such as oilseeds and soft seeds. It also engages in the agricultural commodity and feed product import, export, and distribution; and various structured trade finance activities. In addition, the company offers soybean meal and oil; vegetable and salad oils and protein meals; ingredients for the food, feed, energy, and industrial customers; margarine, shortening, and other food products; and partially refined oils to produce biodiesel and glycols for use in chemicals, paints, and other industrial products. Further, it provides peanuts, peanut-derived ingredients, and cotton cellulose pulp; sweeteners, corn and wheat starches, syrup, glucose, wheat flour, and dextrose; alcohol, and other food and animal feed ingredients; ethyl alcohol and ethanol; corn gluten feed and meal; distillers' grains; corn germ; and citric acids. Additionally, the company provides proteins, natural flavors, flavor systems, natural colors, emulsifiers, soluble fiber, polyols, hydrocolloids, probiotics, prebiotics, postbiotics, enzymes, and botanical extracts; and other specialty food and feed ingredients; edible beans; formula feeds, and animal health and nutrition products; and contract and private label pet treats and food products. It also offers futures commission merchant; commodity brokerage services; cash margins and securities pledged to commodity exchange clearinghouse; and cash pledged as security under certain insurance arrangements. The company was founded in 1902 and is headquartered in Chicago, Illinois.",0.0004346902461402,31.8,16.6,High,Significant Controversy Level,USA,United States,66.7646656881949,0.312019243435194,0.647312557199093,3,3,0.5220125786163522,-0.335293313763899,1.3161606789194245,0,0.16505813797266242,0.4421087602450484,0.0,0.7138728323699423,0.765553795034871,0.7454407290091752,0.5140661819283929,High,2
NMS,NTAP,"NetApp, Inc.","NetApp, Inc.",Technology,Computer Hardware,118.45,24081594368,1582000000.0,0.076,San Jose,CA,United States,11800.0,"NetApp, Inc. provides a range of enterprise software, systems, and services that customers use to transform their data infrastructures in the United States, Canada, Latin America, Europe, the Middle East, Africa, and the Asia Pacific. It operates in two segments, Hybrid Cloud and Public Could. The company offers data management software, such as NetApp ONTAP, NetApp Snapshot, NetApp SnapCenter Backup Management, NetApp SnapMirror Data Replication, NetApp SnapLock Data Compliance, and NetApp Astra; and storage infrastructure solutions, including NetApp All-Flash FAS, NetApp All-Flash FAS with capacity flash, NetApp All-Flash SAN Array, NetApp Fabric Attached Storage, NetApp E/EF series, and NetApp StorageGRID. It also provides cloud storage and data services comprising NetApp Cloud Volumes ONTAP, Azure NetApp Files, Amazon FSx for NetApp ONTAP, and Google Cloud NetApp Volumes, as well as NetApp BlueXP, BlueXP Sync, BlueXP Tiering, NetApp Backup, BlueXP Compliance, and BlueXP Cache; and cloud operations services consist of NetApp Cloud Insights, Spot by NetApp, and Instaclustr. In addition, the company offers professional and support services, such as storage-as-a-service (STaaS), strategic consulting, professional, managed, and support services, as well as assessment, design, implementation, and migration services. It serves various industries comprising energy, financial services, government, technology, internet, life sciences, healthcare services, manufacturing, media, entertainment, animation, video postproduction, and telecommunications through a direct sales force and an ecosystem of partners. NetApp, Inc. was incorporated in 1992 and is headquartered in San Jose, California.",0.0004332583326292,15.4,2.2,Low,Low Controversy Level,USA,United States,66.7646656881949,0.312019243435194,0.647312557199093,1,9,0.14285714285714288,-0.335293313763899,0.63949254209114,0,0.06569332477845348,0.4421087602450484,0.0,0.23988439306358383,0.765553795034871,0.8986851234966899,0.38719408958523693,Low,0
NYQ,PPL,PPL Corporation,PPL Corporation,Utilities,Utilities - Regulated Electric,32.43,23932366848,3276000000.0,0.011,Allentown,PA,United States,6629.0,"PPL Corporation, an energy company, focuses on providing electricity and natural gas to approximately 3.6 million customers in the United States. It operates through three segments: Kentucky Regulated, Pennsylvania Regulated, and Rhode Island Regulated. The company delivers electricity to customers in Pennsylvania, Kentucky, Virginia, and Rhode Island; delivers natural gas to customers in Kentucky and Rhode Island; and generates electricity from power plants in Kentucky. PPL Corporation was founded in 1920 and is headquartered in Allentown, Pennsylvania.",0.0004305735408538,31.3,17.1,High,Moderate Controversy Level,USA,United States,66.7646656881949,0.312019243435194,0.647312557199093,3,10,0.5463258785942492,-0.335293313763899,1.3078522571040943,1,0.13688575061575123,0.4421087602450484,1.0,0.6994219653179191,0.765553795034871,0.7888893131004014,0.7140757802219085,Critical,3
NYQ,LYB,LyondellBasell Industries NV,LyondellBasell Industries N.V.,Basic Materials,Specialty Chemicals,73.5,23869638656,4421000192.0,-0.029,Houston,TX,United States,20000.0,"LyondellBasell Industries N.V. operates as a chemical company in the United States, Germany, Mexico, Italy, Poland, France, Japan, China, the Netherlands, and internationally. The company operates in six segments: Olefins and PolyolefinsAmericas; Olefins and PolyolefinsEurope, Asia, International; Intermediates and Derivatives; Advanced Polymer Solutions; Refining; and Technology. It produces and markets olefins and co-products, polyethylene, and polypropylene; and propylene oxide and derivatives; oxyfuels and related products; and intermediate chemicals, such as styrene monomer, acetyls, ethylene oxide, and ethylene glycol. In addition, the company produce and markets compounding and solutions including polypropylene compounds, engineered plastics, masterbatches, engineered composites, colors and powders, and advanced polymers including catalloy and polybutene-1; and refines heavy, high-sulfur crude oil and other crude oils, as well as refined products, including gasoline and distillates. Further, it develops and licenses chemical and polyolefin process technologies; manufactures and sells polyolefin catalysts; and serves food packaging, home furnishings, automotive components, and paints and coatings applications. LyondellBasell Industries N.V. was incorporated in 2009 and is headquartered in Houston, Texas.",0.0004294449813631,20.7,13.5,Medium,Moderate Controversy Level,USA,United States,66.7646656881949,0.312019243435194,0.647312557199093,2,0,0.6521739130434783,-0.335293313763899,0.8672104466397834,1,0.18521437444922165,0.4421087602450484,1.0,0.3930635838150289,0.765553795034871,0.7143549738539741,0.6147148318463989,High,2
NYQ,AEE,Ameren Corporation,Ameren Corporation,Utilities,Utilities - Regulated Electric,89.29,23834001408,3264000000.0,0.056,Saint Louis,MO,United States,9372.0,"Ameren Corporation, together with its subsidiaries, operates as a public utility holding company in the United States. The company operates through four segments: Ameren Missouri, Ameren Illinois Electric Distribution, Ameren Illinois Natural Gas, and Ameren Transmission. It engages in the rate-regulated electric generation, transmission, and distribution activities; and rate-regulated natural gas distribution business. In addition, the company generates electricity through coal, nuclear, and natural gas, as well as renewable sources, such as hydroelectric, wind, methane gas, and solar. It serves residential, commercial, and industrial customers. The company was founded in 1881 and is headquartered in Saint Louis, Missouri.",0.0004288038222101,27.2,12.9,Medium,Moderate Controversy Level,USA,United States,66.7646656881949,0.312019243435194,0.647312557199093,2,10,0.474264705882353,-0.335293313763899,1.1412267514119634,1,0.1369472101694356,0.4421087602450484,1.0,0.5809248554913294,0.765553795034871,0.7887945277152427,0.6785171687354159,Critical,3
NMS,EXPE,"Expedia Group, Inc.","Expedia Group, Inc.",Consumer Cyclical,Travel Services,184.75,23711924224,1720000000.0,0.033,Seattle,WA,United States,17100.0,"Expedia Group, Inc. operates as an online travel company in the United States and internationally. The company operates through B2C, B2B, and trivago segments. Its B2C segment includes Brand Expedia, a full-service online travel brand offers various travel products and services; Hotels.com for lodging accommodations; Vrbo, an online marketplace for the alternative accommodations; Orbitz, Travelocity, Wotif Group, ebookers, CheapTickets, Hotwire.com and CarRentals.com. The company's B2B segment provides various travel and non-travel companies including airlines, offline travel agents, online retailers, corporate travel management, and financial institutions who leverage its travel technology and tap into its diverse supply to augment their offerings and market Expedia Group rates and availabilities to its travelers. Its trivago segment, a hotel metasearch website, which send referrals to online travel companies and travel service providers from hotel metasearch websites. In addition, the company provides brand advertising through online and offline channels, loyalty programs, mobile apps, and search engine marketing, as well as metasearch, social media, direct and personalized traveler communications on its websites, and through direct e-mail communication with its travelers. The company was formerly known as Expedia, Inc. and changed its name to Expedia Group, Inc. in March 2018. Expedia Group, Inc. was founded in 1996 and is headquartered in Seattle, Washington.",0.0004266074993096,27.6,4.3,Medium,Moderate Controversy Level,USA,United States,66.7646656881949,0.312019243435194,0.647312557199093,2,2,0.15579710144927536,-0.335293313763899,1.163971331017695,0,0.07253734381704476,0.4421087602450484,0.0,0.592485549132948,0.765553795034871,0.8881300032311283,0.49191892437949,High,2
NMS,HBAN,Huntington Bancshares Incorpora,Huntington Bancshares Incorporated,Financial Services,Banks - Regional,16.32,23709857792,3343453568.0,-0.012,Columbus,OH,United States,19896.0,"Huntington Bancshares Incorporated operates as the bank holding company for The Huntington National Bank that provides commercial, consumer, and mortgage banking services in the United States. The company offers financial products and services to consumer and business customers, including deposits, lending, payments, mortgage banking, dealer financing, investment management, trust, brokerage, insurance, and other financial products and services. It also provides 24-hour grace, asterisk-free checking, money scout, $50 safety zone, standby cash, early pay, instant access, savings goal getter, and Huntington heads up; digitally powered consumer and business financial solutions to consumer lending, regional banking, branch banking, and wealth management customers; direct and indirect consumer loans, as well as dealer finance loans and deposits; and private banking, wealth management and legacy planning through investment and portfolio management, fiduciary administration and trust, institutional custody, and full-service retail brokerage investment services. The company offers equipment financing, asset-based lending, distribution finance, structured lending, and municipal financing solutions, as well as Huntington ChoicePay. In addition, it offers lending, liquidity, treasury management and other payment services, and capital markets; government and non-profits, healthcare, technology and telecommunications, franchises, financial sponsors, and global services; and corporate risk management, institutional sales and trading, debt and equity issuance, and additional advisory services. The company offers its products through a network of channels, including branches and ATMs, online and mobile banking, and through customer call centers to customers in middle market banking, corporate, specialty, and government banking, asset finance, commercial real estate banking, and capital markets. The company was founded in 1866 and is headquartered in Columbus, Ohio.",0.000426570321585,21.8,2.0,Medium,Moderate Controversy Level,USA,United States,66.7646656881949,0.312019243435194,0.647312557199093,2,5,0.09174311926605504,-0.335293313763899,0.9194487875568612,0,0.1410153362087276,0.4421087602450484,0.0,0.42485549132947975,0.765553795034871,0.7825205008082357,0.43106895679616025,Medium,1
NMS,CDW,CDW Corporation,CDW Corporation,Technology,Information Technology Services,174.53,23258566656,1996300032.0,-0.02,Vernon Hills,IL,United States,15100.0,"CDW Corporation provides information technology (IT) solutions in the United States, the United Kingdom, and Canada. It operates through three segments: Corporate, Small Business, and Public. The company offers discrete hardware and software products and services, as well as integrated IT solutions, including on-premise and cloud capabilities across hybrid infrastructure, digital experience, and security. It also provides hardware products comprising notebooks/mobile devices, tablets, network communications, desktop computers, collaboration, data storage and servers, and others; and software products, such as cloud solutions, software assurance, application suites, security, virtualization, operating systems, and network management. In addition, the company offers advisory and design, software development, implementation, managed, professional, configuration, partner, and telecom services, as well as warranties; delivers and manages mission critical software, systems, and network solutions; and implementation and installation, and repair services to its customers through various third-party service providers. It serves government, education, and healthcare customers; and small, medium, and large business customers. CDW Corporation was formerly known as CDW Computer Centers, Inc. and changed its name to CDW Corporation in June 2003. The company was founded in 1984 and is based in Vernon Hills, Illinois.",0.0004184510234137,9.2,2.5,Negligible,None Controversy Level,USA,United States,66.7646656881949,0.312019243435194,0.647312557199093,0,9,0.27173913043478265,-0.335293313763899,0.3955531798700364,0,0.0858307419165495,0.4421087602450484,0.0,0.06069364161849711,0.765553795034871,0.8676283922789848,0.33033119102994035,Low,0
NYQ,FE,FirstEnergy Corp.,FirstEnergy Corp.,Utilities,Utilities - Regulated Electric,39.79,22931654656,3924000000.0,0.069,Akron,OH,United States,12042.0,"FirstEnergy Corp., through its subsidiaries, generates, transmits, and distributes electricity in the United States. It operates through Regulated Distribution and Regulated Transmission segments. The company owns and operates coal-fired, nuclear, hydroelectric, wind, and solar power generating facilities. It operates 24,080 circuit miles of overhead and underground transmission lines; and electric distribution systems, including 274,518 miles of overhead pole line and underground conduit carrying primary, secondary, and street lighting circuits. The company serves approximately 6 million customers in Ohio, Pennsylvania, West Virginia, Maryland, New Jersey, and New York. FirstEnergy Corp. was incorporated in 1996 and is headquartered in Akron, Ohio.",0.0004125694631702,25.6,10.8,Medium,Significant Controversy Level,USA,United States,66.7646656881949,0.312019243435194,0.647312557199093,2,10,0.421875,-0.335293313763899,1.1163607852999755,1,0.17111717662176187,0.4421087602450484,1.0,0.5346820809248556,0.765553795034871,0.7360962369388997,0.6593745072878394,Critical,3
NYQ,HUBB,Hubbell Inc,Hubbell Incorporated,Industrials,Electrical Equipment & Parts,426.8,22906568704,1266200064.0,0.049,Shelton,CT,United States,18000.0,"Hubbell Incorporated, together with its subsidiaries, designs, manufactures, and sells electrical and utility solutions in the United States and internationally. It operates through two segments, Electrical Solutions and Utility Solutions. The Electrical Solution segment offers standard and special application wiring device products, rough-in electrical products, connector and grounding products, lighting fixtures, and other electrical equipment for use in industrial, commercial, and institutional facilities by electrical contractors, maintenance personnel, electricians, utilities, and telecommunications companies, as well as components and assemblies. It also designs and manufactures various industrial controls, and communication systems for use in the non-residential and industrial markets, as well as in the oil and gas, and mining industries. This segment sells its products through electrical and industrial distributors, home centers, retail and hardware outlets, lighting showrooms, and residential product-oriented internet sites; and special application products primarily through wholesale distributors to contractors, industrial customers, and original equipment manufacturers. The Utility Solution segment designs, manufactures, and sells electrical distribution, transmission, substation, and telecommunications products, such as arresters, insulators, connectors, anchors, bushings, and enclosures cutoffs and switches; and utility infrastructure products, including smart meters, communications systems, and protection and control devices. This segment sells its products to distributors. Its brand portfolio includes Hubbell, Kellems, Bryant, Burndy, CMC, Bell, TayMac, Wiegmann, Killark, Hawke, Aclara, Fargo, Quazite, Hot Box, etc. The company was founded in 1888 and is headquartered in Shelton, Connecticut.",0.0004121181351738,19.6,5.6,Low,None Controversy Level,USA,United States,66.7646656881949,0.312019243435194,0.647312557199093,1,7,0.2857142857142857,-0.335293313763899,0.8556497593887731,1,0.05527672347447189,0.4421087602450484,1.0,0.3612716763005781,0.765553795034871,0.9147500232145264,0.6252167645281188,Critical,3
NYQ,HAL,Halliburton Company,Halliburton Company,Energy,Oil & Gas Equipment & Services,25.97,22814697472,5112000000.0,-0.018,Houston,TX,United States,48000.0,"Halliburton Company provides products and services to the energy industry worldwide. It operates through two segments, Completion and Production, and Drilling and Evaluation. The Completion and Production segment offers production enhancement services that include stimulation and sand control services; cementing services, such as well bonding and casing, and casing equipment; and completion tools that offer downhole solutions and services, including well completion products and services, intelligent well completions, and service tools, as well as liner hanger, sand control, and multilateral systems. This segment also provides electrical submersible pumps, as well as artificial lift services; production solutions comprising coiled tubing, hydraulic workover units, downhole tools, and pumping and nitrogen services; pipeline and process services, such as pre-commissioning, commissioning, maintenance, and decommissioning; and specialty chemicals and services. The Drilling and Evaluation segment offers drilling fluid systems, performance additives, completion fluids, solids control, specialized testing equipment, and waste management services; drilling systems and services; wireline and perforating services consists of open-hole logging, and cased-hole and slickline; and drill bits and services comprising roller cone rock bits, fixed cutter bits, hole enlargement, and related downhole tools and services, as well as coring equipment and services. This segment also provides cloud based digital services and artificial intelligence solutions on an open architecture for subsurface insights, integrated well construction, and reservoir and production management; testing and subsea services, such as acquisition and analysis of reservoir information and optimization solutions; and project management and integrated asset management services. Halliburton Company was founded in 1919 and is based in Houston, Texas.",0.0004104652555436,25.6,9.8,Medium,Moderate Controversy Level,USA,United States,66.7646656881949,0.312019243435194,0.647312557199093,2,4,0.3828125,-0.335293313763899,1.1220836932603795,1,0.224066087497932,0.4421087602450484,1.0,0.5346820809248556,0.765553795034871,0.6544363059718582,0.6512085141911352,Critical,3
NYQ,ROL,"Rollins, Inc.","Rollins, Inc.",Consumer Cyclical,Personal Services,46.92,22723590144,757598016.0,0.09,Atlanta,GA,United States,20000.0,"Rollins, Inc., through its subsidiaries, provides pest and wildlife control services to residential and commercial customers in the United States and internationally. The company offers pest control services to residential properties protecting from common pests, including rodents, insects, and wildlife. It also provides workplace pest control solutions for customers across various end markets, such as healthcare, foodservice, and logistics. In addition, the company offers termite protection services and ancillary services. It serves clients directly, as well as through franchisee operations. The company was formerly known as Rollins Broadcasting, Inc and changed its name to Rollins, Inc. in 1965. Rollins, Inc. was founded in 1901 and is headquartered in Atlanta, Georgia.",0.0004088261195123,19.3,1.8,Low,Low Controversy Level,USA,United States,66.7646656881949,0.312019243435194,0.647312557199093,1,2,0.09326424870466321,-0.335293313763899,0.8493376212867502,0,0.03333971486015551,0.4421087602450484,0.0,0.35260115606936415,0.765553795034871,0.9485821564808347,0.4259988217853854,Medium,1
NYQ,PHM,"PulteGroup, Inc.","PulteGroup, Inc.",Consumer Cyclical,Residential Construction,110.52,22665662464,3788722944.0,0.118,Atlanta,GA,United States,6382.0,"PulteGroup, Inc., through its subsidiaries, primarily engages in the homebuilding business in the United States. It acquires and develops land primarily for residential purposes; and constructs housing on such land. The company also offers various home designs, including single-family detached, townhomes, condominiums, and duplexes under the Centex, Pulte Homes, Del Webb, DiVosta Homes, John Wieland Homes and Neighborhoods, and American West brand names. In addition, the company arranges financing through the origination of mortgage loans primarily for homebuyers; sells the servicing rights for the originated loans; and provides title insurance policies, and examination and closing services to homebuyers. PulteGroup, Inc. was founded in 1950 and is headquartered in Atlanta, Georgia.",0.0004077839273025,21.4,9.2,Medium,Moderate Controversy Level,USA,United States,66.7646656881949,0.312019243435194,0.647312557199093,2,2,0.42990654205607476,-0.335293313763899,0.9441594762116369,0,0.16715694721112387,0.4421087602450484,0.0,0.41329479768786126,0.765553795034871,0.7422038613439164,0.42356908475724275,Medium,1
NMS,CINF,Cincinnati Financial Corporatio,Cincinnati Financial Corporation,Financial Services,Insurance - Property & Casualty,144.57,22598461440,4062000128.0,0.833,Fairfield,OH,United States,5426.0,"Cincinnati Financial Corporation, together with its subsidiaries, provides property casualty insurance products in the United States. It operates through five segments: Commercial Lines Insurance, Personal Lines Insurance, Excess and Surplus Lines Insurance, Life Insurance, and Investments. The Commercial Lines Insurance segment offers coverage for commercial casualty, commercial property, commercial auto, and workers' compensation. It also provides contract and commercial surety bonds, and fidelity bonds; and machinery and equipment. The Personal Lines Insurance segment offers personal auto insurance; homeowner insurance; and dwelling fire, inland marine, personal umbrella liability, and watercraft coverages to individuals. The Excess and Surplus Lines Insurance segment offers commercial casualty insurance that covers businesses for third-party liability from accidents occurring on their premises or arising out of their operations, such as injuries sustained from products, as well as other coverages, including miscellaneous errors and omissions, professional liability, and excess liability; and commercial property insurance, which insures buildings, inventory, equipment, and business income from loss or damage due to various causes, such as fire, wind, hail, water, theft, and vandalism. The Life Insurance segment provides term life insurance products; universal life insurance products; worksite products, such as term life; and whole life insurance products, as well as annuities. The Investments segment invests in fixed-maturity investments, including taxable and tax-exempt bonds, redeemable preferred stocks, and mortgage-backed securities; and equity investments comprising common and nonredeemable preferred stocks. It also offers commercial leasing and financing services; and insurance brokerage services. Cincinnati Financial Corporation was founded in 1950 and is headquartered in Fairfield, Ohio.",0.0004065748959085,25.6,1.8,Medium,Low Controversy Level,USA,United States,66.7646656881949,0.312019243435194,0.647312557199093,2,5,0.0703125,-0.335293313763899,1.13282048284434,0,0.17974675571541918,0.4421087602450484,0.0,0.5346820809248556,0.765553795034871,0.7227873544444001,0.4580436190383894,High,2
NMS,PTC,PTC Inc.,PTC Inc.,Technology,Software - Application,187.58,22533797888,698484992.0,0.146,Boston,MA,United States,7000.0,"PTC Inc. operates as software company in the Americas, Europe, and the Asia Pacific. The company provides Windchill, a suite that manages all aspects of the product development lifecycle(PLM) that provides real-time information sharing, dynamic data visualization, collaborate across geographically distributed teams, and enabling manufacturers to elevate product development, manufacturing, field service, and end-of-life processes; ThingWorx, an Industrial Internet of Things software; ServiceMax, a service lifecycle management solutions enable companies to asset uptime with optimized in-person and remote service and technician productivity with mobile tools, and deliver metrics; and Arena, a SaaS PLM solution enables product teams to collaborate virtually to share product and quality information with internal teams and supply chain partners and deliver products to customers. It offers Codebeamer, an application lifecycle management for products and software development; Servigistics, a service parts management solution; and FlexPLM, a platform for merchandising and line planning, materials management, sampling, and others. In addition, it offers Kepware, an enterprise industrial connectivity solution; Creo, a 3D CAD technology enables the digital design, testing, and modification of product models; and Onshape, a SaaS product development platform that delivers computer-aided design with data management, collaboration tools, and real-time analytics. Further, it offers Vuforia, an augmented reality (AR) software; and Arbortext, a dynamic publishing solution streamlines how organizations create, manage, and publish technical documentation. PTC Inc. was incorporated in 1985 and is headquartered in Boston, Massachusetts.",0.0004054115168442,18.9,4.9,Low,None Controversy Level,USA,United States,66.7646656881949,0.312019243435194,0.647312557199093,1,9,0.2592592592592593,-0.335293313763899,0.8387401047057798,0,0.030997215625687607,0.4421087602450484,0.0,0.34104046242774566,0.765553795034871,0.9521948526177648,0.4228918833065929,Medium,1
NYQ,WRB,W.R. Berkley Corporation,W. R. Berkley Corporation,Financial Services,Insurance - Property & Casualty,58.57,22319210496,3343453568.0,0.122,Greenwich,CT,United States,8329.0,"W. R. Berkley Corporation, an insurance holding company, operates as a commercial lines writers worldwide. It operates in two segments, Insurance and Reinsurance & Monoline Excess. The Insurance segment underwrites commercial insurance business, including excess and surplus lines, admitted lines, and specialty personal lines. This segment also provides accident and health insurance and reinsurance products; insurance for commercial risks; casualty and specialty environmental products; specialized insurance coverages for fine arts and jewelry exposures; excess liability and inland marine coverage for small to medium-sized insureds; and commercial general liability, umbrella, professional liability, directors and officers, commercial property, and surety products, as well as products for technology, and life sciences and travel industries. In addition, this segment offers cyber risk solutions; crime and fidelity insurance products; medical professional coverages; workers' compensation insurance products; general insurance; personal lines insurance solutions, including home, condo/co-op, auto, and collectibles; automobile, law enforcement, public officials and educator's legal, and employment practices liability, as well as incidental medical and property and crime insurance products; at-risk and alternative risk insurance program management services; professional liability; energy and marine risks; and provides insurance products to the Lloyd's marketplace. The Reinsurance & Monoline Excess segment provides treaty and facultative reinsurance solutions; property and casualty reinsurance; facultative reinsurance products include automatic, semi-automatic and individual risk assumed reinsurance; and turnkey products such as cyber, employment practices liability insurance, liquor liability insurance and violent events. The company was founded in 1967 and is headquartered in Greenwich, Connecticut.",0.0004015508183273,21.8,2.0,Medium,Low Controversy Level,USA,United States,66.7646656881949,0.312019243435194,0.647312557199093,2,5,0.09174311926605504,-0.335293313763899,0.9767370581458045,0,0.14980160559887218,0.4421087602450484,0.0,0.42485549132947975,0.765553795034871,0.7689699642630177,0.42971390314163843,Medium,1
NYQ,DRI,"Darden Restaurants, Inc.","Darden Restaurants, Inc.",Consumer Cyclical,Restaurants,187.59,22041825280,1789500032.0,0.01,Orlando,FL,United States,191105.0,"Darden Restaurants, Inc., together with its subsidiaries, owns and operates full-service restaurants in the United States and Canada. It operates under Olive Garden, LongHorn Steakhouse, Cheddar's Scratch Kitchen, Yard House, The Capital Grille, Seasons 52, Bahama Breeze, Eddie V's Prime Seafood, and Capital Burger brand names. Darden Restaurants, Inc. was incorporated in 1995 and is based in Orlando, Florida.",0.000396560307552,27.5,7.9,Medium,Moderate Controversy Level,USA,United States,66.7646656881949,0.312019243435194,0.647312557199093,2,2,0.2872727272727273,-0.335293313763899,1.2476280730231792,0,0.08118656278542101,0.4421087602450484,0.0,0.5895953757225434,0.765553795034871,0.8747908313352565,0.48971795516678135,High,2
NYQ,IFF,International Flavors & Fragran,International Flavors & Fragrances Inc.,Basic Materials,Specialty Chemicals,85.74,21922174976,1876000000.0,0.037,New York,NY,United States,21500.0,"International Flavors & Fragrances Inc., together with its subsidiaries, manufactures and sells cosmetic active and natural health ingredients for use in various consumer products in the United States, Europe, and internationally. It operates through four segments: Nourish, Health & Biosciences, Scent, and Pharma Solutions. The Nourish segment offers natural and plant-based specialty food ingredients, such as flavor compounds used in savory products; beverages; sweets; and dairy products. It also provides value-added spices and seasoning ingredients; savory solutions, including spices, sauces, marinades, and mixtures; and natural antioxidants and anti-microbials. The Health & Biosciences segment develops and produces enzymes, food cultures, probiotics, and specialty ingredients for food and non-food applications. Its Scent segment provides fragrance compounds, which include fine fragrances comprising perfumes and colognes, as well as consumer fragrances; fragrance ingredients comprising synthetic and natural ingredients that include natural flavor extracts, specialty botanical extracts, distillates, essential oils, citrus products, aroma chemicals, natural gums, and resins; and cosmetic active ingredients consisting of active and functional ingredients, and delivery systems for cosmetic and personal care product industries. Its Pharma Solutions segment produces and sells cellulosics and seaweed-based pharma excipients. The company sells its products primarily to manufacturers of perfumes and cosmetics, hair and other personal care products, soaps and detergents, cleaning products, dairy, meat and other processed foods, beverages, snacks and savory foods, sweet and baked goods, dietary supplements, infant and elderly nutrition, functional food, and pharmaceutical excipients and oral care products. International Flavors & Fragrances Inc. was incorporated in 1909 and is headquartered in New York, New York.",0.0003944076472914,22.7,10.5,Medium,Significant Controversy Level,USA,United States,66.7646656881949,0.312019243435194,0.647312557199093,2,0,0.4625550660792952,-0.335293313763899,1.035481197684607,1,0.08557545052230496,0.4421087602450484,1.0,0.4508670520231214,0.765553795034871,0.868022112891657,0.6474225862125949,Critical,3
NMS,SBAC,SBA Communications Corporation,SBA Communications Corporation,Real Estate,REIT - Specialty,203.57,21888458752,1785819008.0,-0.022,Boca Raton,FL,United States,1787.0,"SBA Communications Corporation is a leading independent owner and operator of wireless communications infrastructure including towers, buildings, rooftops, distributed antenna systems (DAS) and small cells. With a portfolio of more than 39,000 communications sites throughout the Americas, Africa and in Asia, SBA is listed on NASDAQ under the symbol SBAC. Our organization is part of the S&P 500 and is one of the top Real Estate Investment Trusts (REITs) by market capitalization. The company was founded in 1989 and is headquartered in Boca Raton, Florida.",0.0003938010497892,11.6,3.1,Low,None Controversy Level,USA,United States,66.7646656881949,0.312019243435194,0.647312557199093,1,8,0.26724137931034486,-0.335293313763899,0.5299596527754646,0,0.08158724322409523,0.4421087602450484,0.0,0.1300578034682081,0.765553795034871,0.8741728859154063,0.3517948889484958,Low,0
NYQ,WAT,Waters Corporation,Waters Corporation,Healthcare,Diagnostics & Research,368.16,21859942400,1008035008.0,0.04,Milford,MA,United States,7900.0,"Waters Corporation provides analytical workflow solutions in Asia, the Americas, and Europe. It operates through two segments: Waters and TA. The company designs, manufactures, sells, and services high and ultra-performance liquid chromatography, as well as mass spectrometry (MS) technology systems and support products, including chromatography columns, other consumable products, and post-warranty service plans. It also designs, manufactures, sells, and services thermal analysis, rheometry, and calorimetry instruments; and develops and supplies software-based products that interface with its instruments, as well as other manufacturers' instruments. In addition, the company offers MS technology instruments are used in drug discovery and development comprising clinical trial testing, the analysis of proteins in disease processes, nutritional safety analysis, and environmental testing. Further, the company provides thermal analysis, rheometry, and calorimetry instruments for use in predicting the suitability and stability of fine chemicals, pharmaceuticals, water, polymers, metals, and viscous liquids for various industrial, consumer good, and healthcare products, as well as for life science research. Its products are used by clinical, pharmaceutical, biochemical, industrial, nutritional safety, environmental, academic, and governmental customers working in research and development, quality assurance, and other laboratory applications. The company was founded in 1958 and is headquartered in Milford, Massachusetts.",0.0003932880045592,14.6,1.4,Low,None Controversy Level,USA,United States,66.7646656881949,0.312019243435194,0.647312557199093,1,6,0.0958904109589041,-0.335293313763899,0.6678883106297663,0,0.046113342366355003,0.4421087602450484,0.0,0.2167630057803468,0.765553795034871,0.9288821565545964,0.3832773767060564,Low,0
NYQ,ATO,Atmos Energy Corporation,Atmos Energy Corporation,Utilities,Utilities - Regulated Gas,139.69,21710899200,1991972992.0,0.059,Dallas,TX,United States,5019.0,"Atmos Energy Corporation, together with its subsidiaries, engages in the regulated natural gas distribution, and pipeline and storage businesses in the United States. It operates through two segments, Distribution, and Pipeline and Storage. The Distribution segment is involved in the regulated natural gas distribution and related sales operations in eight states. This segment distributes natural gas to approximately 3.3 million residential, commercial, public authority, and industrial customers; and owned 73,689 miles of underground distribution and transmission mains. The Pipeline and Storage segment engages in the pipeline and storage operations. This segment transports natural gas for third parties and manages five underground storage facilities in Texas; provides ancillary services customary to the pipeline industry, including parking arrangements, lending, and inventory sales; and owned 5,645 miles of gas transmission lines. Atmos Energy Corporation was founded in 1906 and is headquartered in Dallas, Texas.",0.0003906065289337,34.6,14.8,High,Moderate Controversy Level,USA,United States,66.7646656881949,0.312019243435194,0.647312557199093,3,10,0.4277456647398844,-0.335293313763899,1.5936695979869873,1,0.09174990743819583,0.4421087602450484,1.0,0.7947976878612717,0.765553795034871,0.8584996181478125,0.7496495274896555,Critical,3
NYQ,RF,Regions Financial Corporation,Regions Financial Corporation,Financial Services,Banks - Regional,23.77,21603698688,3343453568.0,0.156,Birmingham,AL,United States,20101.0,"Regions Financial Corporation, a financial holding company, provides banking and bank-related services to individual and corporate customers. It operates through three segments: Corporate Bank, Consumer Bank, and Wealth Management. The Corporate Bank segment offers commercial banking services, such as commercial and industrial, commercial real estate, and investor real estate lending; equipment lease financing; deposit products; and securities underwriting and placement, loan syndication and placement, foreign exchange, derivatives, merger and acquisition, and other advisory services. It serves corporate, middle market, and commercial real estate developers and investors. The Consumer Bank segment provides consumer banking products and services related to residential first mortgages, home equity lines and loans, consumer credit cards, and other consumer loans, as well as deposits. The Wealth Management segment offers credit related products, and retirement and savings solutions; and trust and investment management, asset management, and estate planning services to individuals, businesses, governmental institutions, and non-profit entities. It also provides investment and insurance products; low-income housing tax credit corporate fund syndication services; and other specialty financing services. The company was founded in 1971 and is headquartered in Birmingham, Alabama.",0.0003886778561732,16.9,1.8,Low,Moderate Controversy Level,USA,United States,66.7646656881949,0.312019243435194,0.647312557199093,1,5,0.10650887573964499,-0.335293313763899,0.7822734543778506,0,0.15476301610599466,0.4421087602450484,0.0,0.28323699421965315,0.765553795034871,0.761318278273512,0.3864631854097399,Low,0
NMS,BIIB,Biogen Inc.,Biogen Inc.,Healthcare,Drug Manufacturers - General,146.47,21343463424,2884999936.0,-0.025,Cambridge,MA,United States,7570.0,"Biogen Inc. discovers, develops, manufactures, and delivers therapies for treating neurological and neurodegenerative diseases in the United States, Europe, Germany, Asia, and internationally. The company provides TECFIDERA, VUMERITY, AVONEX, PLEGRIDY, TYSABRI, and FAMPYRA for multiple sclerosis (MS); SPINRAZA for spinal muscular atrophy; ADUHELM to treat Alzheimer's disease; FUMADERM to treat plaque psoriasis; BENEPALI, an etanercept biosimilar referencing ENBREL; IMRALDI, an adalimumab biosimilar referencing HUMIRA; FLIXABI, an infliximab biosimilar referencing REMICADE; and BYOOVIZ, a ranibizumab biosimilar referencing LUCENTIS. It offers RITUXAN for treating non-Hodgkin's lymphoma, chronic lymphocytic leukemia (CLL), rheumatoid arthritis, two forms of ANCA-associated vasculitis, and pemphigus vulgaris; RITUXAN HYCELA for non-Hodgkin's lymphoma and CLL; GAZYVA to treat CLL and follicular lymphoma; OCREVUS for relapsing MS and primary progressive MS; LUNSUMIO to treat relapsed or refractory follicular lymphoma; glofitamab for non-Hodgkin's lymphoma; and other anti-CD20 therapies. In addition, the company is developing various products for the treatment of MS, Alzheimer's disease and dementia, neuromuscular disorders, Parkinson's disease and movement disorders, neuropsychiatry, genetic neurodevelopmental disorders, and biosimilars, which are under various stages of development. It has collaboration and license agreements with Acorda Therapeutics, Inc.; Alkermes Pharma Ireland Limited; Denali Therapeutics Inc.; Eisai Co., Ltd.; Genentech, Inc.; Neurimmune SubOne AG; Ionis Pharmaceuticals, Inc.; Samsung Bioepis Co., Ltd.; Sangamo Therapeutics, Inc.; and Sage Therapeutics, Inc., as well as collaboration with Fujirebio to potentially identify and develop blood-based biomarkers for tau pathology in the brain. The company was founded in 1978 and is headquartered in Cambridge, Massachusetts.",0.0003839958947196,22.2,0.4,Medium,Significant Controversy Level,USA,United States,66.7646656881949,0.312019243435194,0.647312557199093,2,6,0.018018018018018018,-0.335293313763899,1.0401310958294077,0,0.13517018670718248,0.4421087602450484,0.0,0.43641618497109824,0.765553795034871,0.7915351244688524,0.43543862725470744,Medium,1
NYQ,ZBH,"Zimmer Biomet Holdings, Inc.","Zimmer Biomet Holdings, Inc.",Healthcare,Medical Devices,107.12,21324808192,2557400064.0,0.04,Warsaw,IN,United States,18000.0,"Zimmer Biomet Holdings, Inc., together with its subsidiaries, operates as a medical technology company worldwide. The company designs, manufactures, and markets orthopedic reconstructive products, such as knee and hip products; S.E.T. products, including sports medicine, biologics, foot and ankle, extremities, and trauma products; craniomaxillofacial and thoracic products comprising face and skull reconstruction products, as well as products that fixate and stabilize the bones of the chest to facilitate healing or reconstruction after open heart surgery, trauma, or for deformities of the chest. It also offers robotic, surgical, and bone cement products. The company's products and solutions are used to treat patients suffering from disorders of, or injuries to, bones, joints, or supporting soft tissues. It serves orthopedic surgeons, neurosurgeons, hospitals, stocking distributors, healthcare dealers, and other specialists, as well as agents, healthcare purchasing organizations, or buying groups. The company was formerly known as Zimmer Holdings, Inc. and changed its name to Zimmer Biomet Holdings, Inc. in June 2015. Zimmer Biomet Holdings, Inc. was founded in 1927 and is headquartered in Warsaw, Indiana.",0.0003836602635073,26.0,3.6,Medium,Moderate Controversy Level,USA,United States,66.7646656881949,0.312019243435194,0.647312557199093,2,6,0.13846153846153847,-0.335293313763899,1.2192372267035865,0,0.11992605236934363,0.4421087602450484,0.0,0.546242774566474,0.765553795034871,0.8150452389751071,0.47073761558394567,High,2
NYQ,CNP,"CenterPoint Energy, Inc (Holdin","CenterPoint Energy, Inc.",Utilities,Utilities - Regulated Electric,32.54,21207195648,3081999872.0,-0.002,Houston,TX,United States,8827.0,"CenterPoint Energy, Inc. operates as a public utility holding company in the United States. The company operates through two segments, Electric and Natural Gas. The Electric segment includes electric transmission and distribution services to electric customers and electric generation assets, as well as optimizes assets in the wholesale power market. The Natural Gas segment engages in the intrastate natural gas sales, and natural gas transportation and distribution for residential, commercial, industrial and institutional customers in Indiana, Louisiana, Minnesota, Mississippi, Ohio, and Texas; permanent pipeline connections through interconnects with various interstate and intrastate pipeline companies; and provides maintenance and repair services of home appliances to customers in Minnesota and home repair protection plans to natural gas customers in Indiana, Mississippi, Ohio, and Texas through a third party. It serves approximately 2,534,730 metered customers; owned 348 substations with transformer capacity of 79,719 megavolt amperes; and owned and operated 217 miles of intrastate pipeline in Louisiana and Texas. The company was founded in 1866 and is headquartered in Houston, Texas.",0.0003815442651257,28.7,12.9,Medium,Moderate Controversy Level,USA,United States,66.7646656881949,0.312019243435194,0.647312557199093,2,10,0.44947735191637633,-0.335293313763899,1.3533142465588857,1,0.14532802559826696,0.4421087602450484,1.0,0.6242774566473989,0.765553795034871,0.7758692985076692,0.6902304261614793,Critical,3
NYQ,MKC,"McCormick & Company, Incorporat","McCormick & Company, Incorporated",Consumer Defensive,Packaged Foods,78.86,21156954112,1270200064.0,-0.003,Hunt Valley,MD,United States,13800.0,"McCormick & Company, Incorporated manufactures, markets, and distributes spices, seasoning mixes, condiments, and other flavorful products to the food industry. It operates in two segments, Consumer and Flavor Solutions. The Consumer segment offers spices, herbs, and seasonings, as well as condiments and sauces, and desserts. This segment markets its products under the McCormick, French's, Frank's RedHot, Lawry's, Cholula Hot Sauce, Gourmet Garden, Club House, and OLD BAY brands in the Americas; Ducros, Schwartz, Kamis, LA Drogheria, and Vahiné brands in Europe, the Middle East, and Africa; McCormick and DaQiao brands in the Asia/Pacific; McCormick, Aeroplane, and Gourmet Garden brands in China; and the McCormick brand and other brands in Australia, as well as markets regional and ethnic brands, such as Zatarain's, Stubb's, Thai Kitchen, and Simply Asia. It also supplies its products under the private labels. This segment serves retailers comprising grocery, mass merchandise, warehouse clubs, discount and drug stores, and e-commerce retailers directly and indirectly through distributors and wholesale foodservice suppliers. The Flavor Solutions segment offers seasoning blends, spices and herbs, condiments, coating systems, and compound flavors to multinational food manufacturers and foodservice customers. It serves foodservice customers directly and indirectly through distributors. The company was founded in 1889 and is headquartered in Hunt Valley, Maryland.",0.0003806403563652,26.1,9.6,Medium,Moderate Controversy Level,USA,United States,66.7646656881949,0.312019243435194,0.647312557199093,2,3,0.36781609195402293,-0.335293313763899,1.2336369338342685,0,0.060037000471611174,0.4421087602450484,0.0,0.5491329479768786,0.765553795034871,0.9074085333795516,0.4808409970475115,High,2
NYQ,ES,Eversource Energy (D/B/A),Eversource Energy,Utilities,Utilities - Regulated Electric,56.95,20866592768,4149131008.0,0.097,Springfield,MA,United States,10000.0,"Eversource Energy, a public utility holding company, engages in the energy delivery business. The company operates through Electric Distribution, Electric Transmission, Natural Gas Distribution, and Water Distribution segments. It is involved in the transmission and distribution of electricity; solar power facilities; and distribution of natural gas. The company operates regulated water utilities that provide water services to approximately 241,000 customers. It serves residential, commercial, industrial, municipal and fire protection, and other customers in Connecticut, Massachusetts, and New Hampshire. The company was formerly known as Northeast Utilities and changed its name to Eversource Energy in April 2015. Eversource Energy was incorporated in 1927 and is headquartered in Springfield, Massachusetts.",0.0003754163886395,18.6,4.7,Low,Moderate Controversy Level,USA,United States,66.7646656881949,0.312019243435194,0.647312557199093,1,10,0.25268817204301075,-0.335293313763899,0.8913769587013777,1,0.19884084834218393,0.4421087602450484,1.0,0.3323699421965318,0.765553795034871,0.6933396800734124,0.5944052099827936,High,2
NMS,WDC,Western Digital Corporation,Western Digital Corporation,Technology,Computer Hardware,60.24,20825450496,2134000000.0,0.048,San Jose,CA,United States,51000.0,"Western Digital Corporation develops, manufactures, and sells data storage devices and solutions in the United States, China, Hong Kong, Europe, the Middle East, Africa, rest of Asia, and internationally. It offers client devices, including hard disk drives (HDDs) and solid state drives (SSDs) for desktop and notebook personal computers (PCs), gaming consoles, and set top boxes; and flash-based embedded storage products for mobile phones, tablets, notebook PCs, and other portable and wearable devices, as well as automotive, Internet of Things, industrial, and connected home applications. The company also provides enterprise HDDs; enterprise SSDs consisting of flash-based SSDs and software solutions for use in enterprise servers, online transactions, artificial intelligence-related workloads, data analysis, and other enterprise applications; and data storage platforms. In addition, it offers external HDD storage products in mobile and desktop form; client portable SSDs; removable cards that are used in consumer devices comprising mobile phones, tablets, imaging systems, and cameras and smart video systems; universal serial bus flash drives for use in the computing and consumer markets; and wireless drive products used in-field backup of created content, as well as wireless streaming of high-definition movies, photos, music, documents to tablets, smartphones, and PCs. The company sells its products under the Western Digital, SanDisk, and WD brands to original equipment manufacturers, distributors, dealers, resellers, and retailers. Western Digital Corporation was founded in 1970 and is headquartered in San Jose, California.",0.0003746761871439,11.4,1.5,Low,Moderate Controversy Level,USA,United States,66.7646656881949,0.312019243435194,0.647312557199093,1,9,0.13157894736842105,-0.335293313763899,0.547407125823743,0,0.10247077250069012,0.4421087602450484,0.0,0.12427745664739887,0.765553795034871,0.8419654706757772,0.3468400433782901,Low,0
NYQ,TSN,"Tyson Foods, Inc.","Tyson Foods, Inc.",Consumer Defensive,Farm Products,58.02,20665157632,3144000000.0,0.016,Springdale,AR,United States,138000.0,"Tyson Foods, Inc., together with its subsidiaries, operates as a food company worldwide. It operates through four segments: Beef, Pork, Chicken, and Prepared Foods. The company processes live fed cattle and hogs; fabricates dressed beef and pork carcasses into primal and sub-primal meat cuts, as well as case ready beef and pork, and fully cooked meats; raises and processes chickens into fresh, frozen, and value-added chicken products, including breaded chicken strips, nuggets, patties, and other ready-to-fix or fully cooked chicken parts; and supplies poultry breeding stock. It also manufactures and markets frozen and refrigerated food products, including ready-to-eat sandwiches, flame-grilled hamburgers, Philly steaks, pepperoni, bacon, breakfast sausage, turkey, lunchmeat, hot dogs, flour and corn tortilla products, appetizers, snacks, prepared meals, ethnic foods, side dishes, meat dishes, breadsticks, and processed meats under the Tyson, Jimmy Dean, Hillshire Farm, Ball Park, Wright, Aidells, Gallo Salame, ibp, and State Fair brands. The company sells its products through its sales staff to grocery retailers, grocery wholesalers, meat distributors, warehouse club stores, military commissaries, industrial food processing companies, chain restaurants or their distributors, live markets, international export companies, and domestic distributors who serve restaurants and food service operations, such as plant and school cafeterias, convenience stores, hospitals, and other vendors, as well as through independent brokers and trading companies. The company was founded in 1935 and is headquartered in Springdale, Arkansas.",0.0003717923158384,35.9,14.0,High,High Controversy Level,USA,United States,66.7646656881949,0.312019243435194,0.647312557199093,3,3,0.38997214484679665,-0.335293313763899,1.7372236224517756,0,0.15214014119744798,0.4421087602450484,0.0,0.8323699421965318,0.765553795034871,0.7653633810041047,0.5516075800758627,High,2
NMS,TER,"Teradyne, Inc.","Teradyne, Inc.",Technology,Semiconductor Equipment & Materials,125.95,20512342016,640716992.0,0.048,North Reading,MA,United States,6400.0,"Teradyne, Inc. designs, develops, manufactures, and sells automated test systems and robotics products worldwide. It operates through four segments; Semiconductor Test, System Test, Robotics, and Wireless Test. The Semiconductor Test segment offers products and services for wafer level and device package testing of semiconductor devices in automotive, industrial, communications, consumer, smartphones, cloud, computer and electronic game, and other applications. This segment also provides FLEX test platform systems; J750 test system to address the volume semiconductor devices, including microcontrollers; Magnum platform that tests memory devices, such as flash memory and DRAM; and ETS platform for semiconductor manufacturers, and assembly and test subcontractors in the analog/mixed signal markets. It serves integrated device manufacturers that integrate the fabrication of silicon wafers into their business; fabless companies that outsource the manufacturing of silicon wafers; foundries; and semiconductor assembly and test providers. The System Test segment offers defense/aerospace test instrumentation and systems; storage and system level test systems; and circuit-board test and inspection systems. The Wireless Test segment provides wireless test solutions for silicon validation, wireless module manufacturing, and wireless end device manufacturing under the LitePoint brand. This segment also offers IQxel-MX and IQxel-MW7G series products for edge measurement performance in the manufacturing of connectivity products; IQxstream-5G and IQgig-5G family products to support 4G and 5G technologies; and IQgig-UWB+ for certification and manufacturing test support for ultra wideband products. The Robotics segment provides collaborative robotic arms, autonomous mobile robots, and advanced robotic control software for manufacturing, logistics, and industrial customers. The company was incorporated in 1960 and is headquartered in North Reading, Massachusetts.",0.000369042969679,17.0,7.1,Low,None Controversy Level,USA,United States,66.7646656881949,0.312019243435194,0.647312557199093,1,9,0.41764705882352937,-0.335293313763899,0.828769332470163,0,0.031235681986007697,0.4421087602450484,0.0,0.2861271676300578,0.765553795034871,0.9518270802462567,0.4063811176301358,Medium,1
NYQ,PKG,Packaging Corporation of Americ,Packaging Corporation of America,Consumer Cyclical,Packaging & Containers,227.98,20473718784,1624999936.0,0.127,Lake Forest,IL,United States,14900.0,"Packaging Corporation of America manufactures and sells containerboard and corrugated packaging products in the United States. The company operates through three segments: Packaging, Paper, and Corporate and Other. The Packaging segment offers various containerboard and corrugated packaging products, such as conventional shipping containers used to protect and transport manufactured goods; multi-color boxes and displays that help to merchandise the packaged product in retail locations; and honeycomb protective packaging products, as well as packaging for meat, fresh fruit and vegetables, processed food, beverages, and other industrial and consumer products. This segment sells its corrugated products through a direct sales and marketing organization, independent brokers, and distribution partners. The Paper segment manufactures and sells commodity and specialty papers, as well as communication papers, including cut-size office papers, and printing and converting papers. This segment sells white papers through its sales and marketing organization. The Corporate and Other segment includes corporate support staff services and related assets and liabilities; and transportation assets, such as rail cars and trucks for transportation. Packaging Corporation of America was founded in 1867 and is headquartered in Lake Forest, Illinois.",0.0003683480888982,18.6,14.0,Low,Low Controversy Level,USA,United States,66.7646656881949,0.312019243435194,0.647312557199093,1,2,0.7526881720430108,-0.335293313763899,0.9084817563546741,0,0.07937004279212434,0.4421087602450484,0.0,0.3323699421965318,0.765553795034871,0.877592341220885,0.4128304760975408,Medium,1
NYQ,CLX,Clorox Company (The),The Clorox Company,Consumer Defensive,Household & Personal Products,164.44,20354547712,1371000064.0,0.271,Oakland,CA,United States,7400.0,"The Clorox Company engages in the manufacture and marketing of consumer and professional products worldwide. It operates through four segments: Health and Wellness, Household, Lifestyle, and International. The Health and Wellness segment offers home care cleaning and disinfecting products, bleach, clog removers, and laundry additives, primarily under the Clorox, Clorox2, Pine-Sol, Scentiva, Tilex, Liquid-Plumr, Poett, and Formula 409 brands; professional cleaning and disinfecting products under the CloroxPro and Clorox Healthcare brands; professional food service products under the Hidden Valley brand in the United States. The Household segment provides cat litter products under the Fresh Step and Scoop Away brands; bags and wraps under the Glad brand; and grilling products under the Kingsford brand in the United States. The Lifestyle segment offers dressings, dips, seasonings, and sauces primarily under the Hidden Valley brand; water-filtration products under the Brita brand; and natural personal care products under the Burt's Bees brand in the United States. The International segment provides laundry additives, home care products, bags and wraps, cat litter products, water-filtration systems, professional cleaning and disinfecting products, natural personal care products, food products, grilling products, and digestive health products internationally primarily under the Clorox, Glad, Poett, Brita, Burt's Bees, Pine-Sol, Ever Clean, Clorinda, Chux, and Fresh Step brands. The company also offers vitamins, minerals, and supplement products under the Natural Vitality, RenewLife, NeoCell, and Rainbow Light brands. It sells its products primarily through mass retailers; grocery outlets; warehouse clubs; dollar stores; home hardware centers; drug, pet, and military stores; third-party and owned e-commerce channels; and distributors, as well as a direct sales force. The company was founded in 1913 and is headquartered in Oakland, California.",0.0003662040506272,21.6,7.7,Medium,Moderate Controversy Level,USA,United States,66.7646656881949,0.312019243435194,0.647312557199093,2,3,0.35648148148148145,-0.335293313763899,1.0611879126778998,0,0.06735595815728829,0.4421087602450484,0.0,0.41907514450867056,0.765553795034871,0.8961209437110722,0.44069489704020115,Medium,1
NMS,NTRS,Northern Trust Corporation,Northern Trust Corporation,Financial Services,Asset Management,102.48,20313380864,3343453568.0,0.145,Chicago,IL,United States,23300.0,"Northern Trust Corporation, a financial holding company, provides wealth management, asset servicing, asset management, and banking solutions for corporations, institutions, families, and individuals worldwide. It operates in two segments, Asset Servicing and Wealth Management. The Asset Servicing segment offers asset servicing and related services, including custody, fund administration, investment operations outsourcing, investment management, investment risk and analytical services, employee benefit services, securities lending, foreign exchange, treasury management, brokerage services, transition management services, banking, and cash management services. This segment serves corporate and public retirement funds, foundations, endowments, fund managers, insurance companies, sovereign wealth funds, and other institutional investors. The Wealth Management segment offers trust, investment management, custody, and philanthropic; financial consulting; guardianship and estate administration; family business consulting; family financial education; brokerage services; and private and business banking services. This segment serves high-net-worth individuals and families, business owners, executives, professionals, retirees, and established privately held businesses. The company also provides asset management services, such as active and passive equity; active and passive fixed income; cash management; muti-asset and alternative asset classes comprising private equity and hedge funds of funds; and multi-manager advisory services and products through separately managed accounts, bank common and collective funds, registered investment companies, exchange traded funds, non-U.S. collective investment funds, and unregistered private investment funds. In addition, it offers overlay and other risk management services. Northern Trust Corporation was founded in 1889 and is headquartered in Chicago, Illinois.",0.0003654634069783,23.9,1.9,Medium,Moderate Controversy Level,USA,United States,66.7646656881949,0.312019243435194,0.647312557199093,2,5,0.0794979079497908,-0.335293313763899,1.1765643621813993,0,0.16459365333544115,0.4421087602450484,0.0,0.48554913294797686,0.765553795034871,0.7461570758193947,0.44564070678282525,High,2
NYQ,DVN,Devon Energy Corporation,Devon Energy Corporation,Energy,Oil & Gas E&P,30.77,20212811776,7622000128.0,-0.102,Oklahoma City,OK,United States,1900.0,"Devon Energy Corporation, an independent energy company, engages in the exploration, development, and production of oil, natural gas, and natural gas liquids in the United States. It operates in Delaware, Eagle Ford, Anadarko, Williston, and Powder River Basins. The company was founded in 1971 and is headquartered in Oklahoma City, Oklahoma.",0.0003636540419207,33.8,17.7,High,Moderate Controversy Level,USA,United States,66.7646656881949,0.312019243435194,0.647312557199093,3,4,0.5236686390532544,-0.335293313763899,1.6722067357364383,1,0.3770875725983904,0.4421087602450484,1.0,0.7716763005780346,0.765553795034871,0.4184404431107517,0.6987071938009782,Critical,3
BTS,CBOE,"Cboe Global Markets, Inc.","Cboe Global Markets, Inc.",Financial Services,Financial Data & Stock Exchanges,191.61,20058884096,1290400000.0,0.162,Chicago,IL,United States,1647.0,"Cboe Global Markets, Inc., through its subsidiaries, operates as an options exchange worldwide. It operates through six segments: Options, North American Equities, Europe and Asia Pacific, Futures, Global FX, and Digital. The Options segment trades in listed market indices. The North American Equities segment trades in listed U.S. and Canadian equities. This segment also offers exchange-traded products (ETP) transaction and listing services. The Europe and Asia Pacific segment provides pan-European listed equities and derivatives transaction services, ETPs, exchange-traded commodities, and international depository receipts, as well as ETP listings and clearing services. The Futures segment trades in futures. The Global FX segment provides institutional foreign exchange (FX) trading and non-deliverable forward FX transactions services. The Digital segment offers Cboe Digital, an operator of the United States based digital asset spot market and a regulated futures exchange; Cboe Clear Digital, a regulated clearinghouse; licensing of proprietary market data; and access and capacity services. The company has strategic relationships with S&P Dow Jones Indices, LLC; IHS Markit Ltd.; DJI Opco, LLC; Frank Russell Company; FTSE International Limited; and MSCI Inc. The company was formerly known as CBOE Holdings, Inc. and changed its name to Cboe Global Markets, Inc. in October 2017. Cboe Global Markets, Inc. was founded in 1973 and is headquartered in Chicago, Illinois.",0.0003608846883238,21.0,2.7,Medium,Low Controversy Level,USA,United States,66.7646656881949,0.312019243435194,0.647312557199093,2,5,0.1285714285714286,-0.335293313763899,1.0469176600002226,0,0.06433059754591844,0.4421087602450484,0.0,0.40173410404624277,0.765553795034871,0.9007867760121867,0.43595916813158425,Medium,1
NYQ,WY,Weyerhaeuser Company,Weyerhaeuser Company,Real Estate,REIT - Specialty,27.5,19981004800,1234000000.0,-0.169,Seattle,WA,United States,9300.0,"Weyerhaeuser Company, one of the world's largest private owners of timberlands, began operations in 1900. We own or control approximately 11 million acres of timberlands in the U.S. and manage additional timberlands under long-term licenses in Canada. We manage these timberlands on a sustainable basis in compliance with internationally recognized forestry standards. We are also one of the largest manufacturers of wood products in North America. Our company is a real estate investment trust. In 2022, we generated $10.2 billion in net sales and employed approximately 9,200 people who serve customers worldwide. Our common stock trades on the New York Stock Exchange under the symbol WY.",0.0003594835413143,16.7,9.1,Low,Moderate Controversy Level,USA,United States,66.7646656881949,0.312019243435194,0.647312557199093,1,8,0.5449101796407185,-0.335293313763899,0.8357938035228337,0,0.06175865590102856,0.4421087602450484,0.0,0.2774566473988439,0.765553795034871,0.9047533274236812,0.39907258627851405,Medium,1
NYQ,LUV,Southwest Airlines Company,Southwest Airlines Co.,Industrials,Airlines,33.28,19959246848,1682000000.0,0.053,Dallas,TX,United States,73463.0,"Southwest Airlines Co. operates as a passenger airline company that provides scheduled air transportation services in the United States and near-international markets. As of December 31, 2023, the company operated a total fleet of 817 Boeing 737 aircraft; and served 121 destinations in 42 states, the District of Columbia, and the Commonwealth of Puerto Rico, as well as ten near-international countries, including Mexico, Jamaica, the Bahamas, Aruba, the Dominican Republic, Costa Rica, Belize, Cuba, the Cayman Islands, and Turks and Caicos. It also provides inflight entertainment and connectivity services on Wi-Fi enabled aircraft; and Rapid Rewards loyalty program that enables program members to earn points for dollars spent on Southwest base fares. In addition, the company offers a suite of digital platforms to support customers' travel needs, including websites and apps; and SWABIZ, an online booking tool. Further, it provides ancillary services, such as Southwest's EarlyBird Check-In, upgraded boarding, and transportation of pets and unaccompanied minors. Southwest Airlines Co. was incorporated in 1967 and is headquartered in Dallas, Texas.",0.000359092088246,30.7,11.0,High,Moderate Controversy Level,USA,United States,66.7646656881949,0.312019243435194,0.647312557199093,3,7,0.3583061889250814,-0.335293313763899,1.5381341908237518,1,0.08427171690441533,0.4421087602450484,1.0,0.6820809248554913,0.765553795034871,0.8700327830919423,0.7169878150823343,Critical,3
NMS,ULTA,"Ulta Beauty, Inc.","Ulta Beauty, Inc.",Consumer Cyclical,Specialty Retail,430.01,19940638720,1827608064.0,0.009,Bolingbrook,IL,United States,20000.0,"Ulta Beauty, Inc. operates as a specialty beauty retailer in the United States. The company offers branded and private label beauty products, including cosmetics, fragrance, haircare, skincare, bath and body products, professional hair products, and salon styling tools through its Ulta Beauty stores, shop-in-shops, Ulta.com website, and its mobile applications. It also offers beauty services, including hair, makeup, brow, and skin services at its stores. The company was formerly known as ULTA Salon, Cosmetics & Fragrance, Inc. and changed its name to Ulta Beauty, Inc. in January 2017. Ulta Beauty, Inc. was incorporated in 1990 and is based in Bolingbrook, Illinois.",0.0003587573044943,15.6,4.1,Low,Moderate Controversy Level,USA,United States,66.7646656881949,0.312019243435194,0.647312557199093,1,2,0.26282051282051283,-0.335293313763899,0.7823219817103231,0,0.09165243348834916,0.4421087602450484,0.0,0.24566473988439308,0.765553795034871,0.858649946377116,0.3849246759195223,Low,0
NYQ,CMS,CMS Energy Corporation,CMS Energy Corporation,Utilities,Utilities - Regulated Electric,66.61,19902068736,2739000064.0,0.042,Jackson,MI,United States,8356.0,"CMS Energy Corporation operates as an energy company primarily in Michigan. The company operates through three segments: Electric Utility; Gas Utility; and Enterprises. The Electric Utility segment is involved in the generation, purchase, transmission, distribution, and sale of electricity. This segment generates electricity through coal, wind, gas, renewable energy, oil, and nuclear sources. Its distribution system comprises 208 miles of high-voltage distribution overhead lines; 4 miles of high-voltage distribution underground lines; 4,428 miles of high-voltage distribution overhead lines; 19 miles of high-voltage distribution underground lines; 82,474 miles of electric distribution overhead lines; 9,395 miles of underground distribution lines; 1,093 substations; and 3 battery facilities. The Gas Utility segment engages in the purchase, transmission, storage, distribution, and sale of natural gas, which includes 2,392 miles of transmission lines; 15 gas storage fields; 28,065 miles of distribution mains; and 8 compressor stations. The Enterprises segment is involved in the independent power production and marketing, including the development and operation of renewable generation. It serves 1.9 million electric and 1.8 million gas customers, including residential, commercial, and diversified industrial customers. The company was incorporated in 1987 and is headquartered in Jackson, Michigan.",0.0003580633817124,21.7,9.6,Medium,Moderate Controversy Level,USA,United States,66.7646656881949,0.312019243435194,0.647312557199093,2,10,0.44239631336405527,-0.335293313763899,1.0903389133988768,1,0.1376238872618071,0.4421087602450484,1.0,0.4219653179190751,0.765553795034871,0.7877509292023429,0.6307249476124496,Critical,3
NYQ,LDOS,"Leidos Holdings, Inc.","Leidos Holdings, Inc.",Technology,Information Technology Services,144.81,19322431488,2056999936.0,0.069,Reston,VA,United States,47000.0,"Leidos Holdings, Inc., together with its subsidiaries, provides services and solutions in the defense, intelligence, civil, and health markets in the United States and internationally. The company operates through Defense Solutions, Civil, and Health segments. The Defense Solutions segment offers national security solutions and systems for air, land, sea, space, and cyberspace for the U.S. Intelligence Community, the Department of Defense, the space development agency, the National Aeronautics and Space Administration, defense information systems agency, military services, and government agencies of U.S. allies abroad, as well as other federal and commercial customers in the national security industry. The solutions include technology, large-scale systems, command and control platforms, data analytics, logistics, and cybersecurity solutions, as well as intelligence analysis and operations support services to critical missions. The Civil segment provides systems integration services to air navigation service providers, including the federal aviation administration, the En route automation modernization, advanced technology oceanic procedure, time based flow management, terminal flight data management, geo-7, and future flight services, as well as enterprise-information display systems; and security detection services. It also offers information technology (IT) solutions in cloud computing, mobility, application modernization, DevOps, data center, network modernization, asset management, help desk operations, and digital workplace enablement; and environment, energy, and infrastructure services. The Health segment offers solutions to federal and commercial customers responsible for health and well-being of people, include health information management, managed health, digital modernization, and life sciences research and development services. Leidos Holdings, Inc. was founded in 1969 and is headquartered in Reston, Virginia.",0.0003476349746991,17.6,3.4,Low,Moderate Controversy Level,USA,United States,66.7646656881949,0.312019243435194,0.647312557199093,1,9,0.19318181818181815,-0.335293313763899,0.9108584502385377,0,0.10645657805941654,0.4421087602450484,0.0,0.30346820809248565,0.765553795034871,0.8358184017108491,0.39998256191532333,Medium,1
NYQ,CFG,"Citizens Financial Group, Inc.","Citizens Financial Group, Inc.",Financial Services,Banks - Regional,43.45,19148457984,3343453568.0,-0.061,Providence,RI,United States,17329.0,"Citizens Financial Group, Inc. operates as the bank holding company that provides retail and commercial banking products and services to individuals, small businesses, middle-market companies, corporations, and institutions in the United States. The company operates in two segments, Consumer Banking and Commercial Banking. The Consumer Banking segment offers deposit products, mortgage and home equity lending products, credit cards, business loans, wealth management, and investment services; and auto, education, and point-of-sale finance loans, as well as digital deposit products. This segment serves its customers through telephone service centers, as well as through its online and mobile platforms. The Commercial Banking segment provides various financial products and solutions, including lending and leasing, deposit and treasury management services, foreign exchange, and interest rate and commodity risk management solutions, as well as syndicated loans, corporate finance, mergers and acquisitions, and debt and equity capital markets services. This segment serves corporate banking, healthcare, technology, asset finance, franchise finance, leasing, asset-based lending, commercial real estate, mid-corporate, and private equity sponsor industries. The company was formerly known as RBS Citizens Financial Group, Inc. and changed its name to Citizens Financial Group, Inc. in April 2014. Citizens Financial Group, Inc. was founded in 1828 and is headquartered in Providence, Rhode Island.",0.0003445049713815,23.5,2.0,Medium,Moderate Controversy Level,USA,United States,66.7646656881949,0.312019243435194,0.647312557199093,2,5,0.0851063829787234,-0.335293313763899,1.2272528691154163,0,0.17460693549285852,0.4421087602450484,0.0,0.47398843930635837,0.765553795034871,0.7307141910423971,0.4406282102126399,Medium,1
NYQ,LH,Labcorp Holdings Inc.,Labcorp Holdings Inc.,Healthcare,Diagnostics & Research,228.61,19120779264,1673500032.0,0.074,Burlington,NC,United States,67000.0,"Labcorp Holdings Inc. provides laboratory services. It operates through two segments, Diagnostics Laboratories and Biopharma Laboratory Services. The company offers various tests, such as blood chemistry analyses, urinalyses, blood cell counts, thyroid, PAP, hemoglobin A1C and vitamin D, prostate-specific antigens, sexually transmitted diseases, hepatitis C, microbiology cultures and procedures, and alcohol and other substance-abuse tests. It also provides specialty testing services comprising gene-based and esoteric testing; advanced tests target specific diseases; services related to anatomic pathology/oncology, cardiovascular disease, coagulation, diagnostic genetics, endocrinology, infectious disease, women's health, pharmacogenetics, parentage and donor testing, occupational testing services, medical drug monitoring services, chronic disease programs, and kidney stone prevention tests; and health and wellness services to employers and managed care organizations (MCOs). In addition, the company offers online and mobile applications that enable patients to check test results; online applications for providers, MCOs, and accountable care organizations; specimen collection services; and drug development, medical device, and companion diagnostic development solutions, as well as support for crop protection and chemical testing. It serves pharmaceutical, biotechnology, medical device, and diagnostics companies; and MCOs, employer plans, other health insurance providers, governmental agencies, physicians and other healthcare providers, hospitals and health systems, employers, patients and consumers, contract research organizations, crop protection and chemical companies, academic institutions, independent clinical laboratories, and retailers. The company was founded in 1995 is headquartered in Burlington, North Carolina.",0.0003440069962104,19.7,0.4,Low,Moderate Controversy Level,USA,United States,66.7646656881949,0.312019243435194,0.647312557199093,1,6,0.020304568527918784,-0.335293313763899,1.0302927369226285,0,0.08752258518829371,0.4421087602450484,0.0,0.36416184971098264,0.765553795034871,0.8650191638266606,0.4211107306124536,Medium,1
NMS,VRSN,"VeriSign, Inc.","VeriSign, Inc.",Technology,Software - Infrastructure,198.84,19108524032,1089200000.0,0.038,Reston,VA,United States,907.0,"VeriSign, Inc., together with its subsidiaries, provides domain name registry services and internet infrastructure that enables internet navigation for various recognized domain names worldwide. The company enables the security, stability, and resiliency of internet infrastructure and services, including providing root zone maintainer services, operating two of thirteen internet root servers; and offering registration services and authoritative resolution for the .com and .net domains, which supports global e-commerce. It operates directory for .name and .cc; and back-end systems for .edu, domain names. VeriSign, Inc. was incorporated in 1995 and is headquartered in Reston, Virginia.",0.0003437865090906,21.3,4.7,Medium,Low Controversy Level,USA,United States,66.7646656881949,0.312019243435194,0.647312557199093,2,9,0.22065727699530516,-0.335293313763899,1.1146857792014735,0,0.057000739469776754,0.4421087602450484,0.0,0.4104046242774567,0.765553795034871,0.9120911766994032,0.4396907642696701,Medium,1
NYQ,IP,International Paper Company,International Paper Company,Consumer Cyclical,Packaging & Containers,54.45,18916366336,1955000064.0,0.016,Memphis,TN,United States,39000.0,"International Paper Company produces and sells renewable fiber-based packaging and pulp products in North America, Latin America, Europe, and North Africa. It operates through two segments, Industrial Packaging and Global Cellulose Fibers. The company offers linerboard, medium, whitetop, recycled linerboard, recycled medium and saturating kraft; and pulp for a range of applications, such as diapers, towel and tissue products, feminine care, incontinence, and other personal care products, as well as specialty pulps for use in textiles, construction materials, paints, coatings, and others. It sells its products directly to end users and converters, as well as through agents, resellers, and distributors. The company was founded in 1898 and is headquartered in Memphis, Tennessee.",0.0003403293491659,24.5,15.1,Medium,Significant Controversy Level,USA,United States,66.7646656881949,0.312019243435194,0.647312557199093,2,2,0.6163265306122448,-0.335293313763899,1.2951747478781752,0,0.10334966183644964,0.4421087602450484,0.0,0.5028901734104047,0.765553795034871,0.8406100123424861,0.4602883125738627,High,2
NYQ,ESS,"Essex Property Trust, Inc.","Essex Property Trust, Inc.",Real Estate,REIT - Residential,283.76,18898388992,1109452032.0,0.076,San Mateo,CA,United States,1747.0,"Essex Property Trust, Inc., an S&P 500 company, is a fully integrated real estate investment trust (REIT) that acquires, develops, redevelops, and manages multifamily residential properties in selected West Coast markets. Essex currently has ownership interests in 254 apartment communities comprising approximately 62,000 apartment homes.",0.0003400059140159,12.4,3.5,Low,Low Controversy Level,USA,United States,66.7646656881949,0.312019243435194,0.647312557199093,1,8,0.282258064516129,-0.335293313763899,0.6561405845360218,0,0.05870616974122235,0.4421087602450484,0.0,0.1531791907514451,0.765553795034871,0.9094609938319775,0.362260115925124,Low,0
NMS,COO,"The Cooper Companies, Inc.","The Cooper Companies, Inc.",Healthcare,Medical Instruments & Supplies,93.44,18649036800,1023000000.0,0.078,San Ramon,CA,United States,15000.0,"The Cooper Companies, Inc., together with its subsidiaries, develops, manufactures, and markets contact lens wearers. The company operates in two segments, CooperVision and CooperSurgical. The CooperVision segment provides spherical lense, including lenses that correct near and farsightedness; and toric and multifocal lenses comprising lenses correcting vision challenges, such as astigmatism, presbyopia, and myopia in the Americas, Europe, Middle East, Africa, and Asia Pacific. The CooperSurgical segment focuses on family and women's health care, which provides fertility products and services, medical devices, and contraception, as well as cryostorage, such as cord blood and cord tissue storage to health care professionals and patients worldwide. It offers surgical and office products, including endosee endometrial imaging products, fetal pillow cephalic elevation devices for use in cesarean sections, illuminated speculum products, lone star retractor systems, loop electrosurgical excision procedure products, mara water ablation systems, paragard contraceptive IUDs, point-of-care, and uterine positioning products, as well as cryostorage, such as cord blood and cord tissue storage; fertility products and services, such as fertility consumables and equipment, donor gamete services, and genomic services, including genetic testing. The company sells its products to distributors, group purchasing organizations, eye care and health care professionals, including independent practices, corporate retailers, hospitals and clinics, and authorized resellers. The Cooper Companies, Inc. was founded in 1958 and is headquartered in San Ramon, California.",0.0003355197527887,17.5,2.7,Low,Moderate Controversy Level,USA,United States,66.7646656881949,0.312019243435194,0.647312557199093,1,6,0.1542857142857143,-0.335293313763899,0.9383862656113156,0,0.05485537998402148,0.4421087602450484,0.0,0.3005780346820809,0.765553795034871,0.9153998360203848,0.4070736533231555,Medium,1
NMS,STX,Seagate Technology Holdings PLC,Seagate Technology Holdings plc,Technology,Computer Hardware,87.31,18468683776,1211000064.0,0.491,Singapore,,Singapore,30000.0,"Seagate Technology Holdings plc engages in the provision of data storage technology and infrastructure solutions in Singapore, the United States, the Netherlands, and internationally. The company offers mass capacity storage products, including enterprise nearline hard disk drives (HDDs), enterprise nearline solid state drives (SSDs), enterprise nearline systems, video and image HDDs, and network-attached storage drives. It also offers legacy applications comprising Mission Critical HDDs and SSDs; external storage solutions under the Seagate Ultra Touch, One Touch, Expansion, and Basics product lines, as well as under the LaCie brand name; desktop drives for personal computers and workstation applications; notebook drives traditional notebooks, convertible systems, and external storage applications, DVR HDDs for video streaming applications, and gaming SSDs for gaming rigs. In addition, the company provides Lyve edge-to-cloud mass capacity platform, that includes modular hardware and software to support enterprises' on-premise and cloud storage infrastructure needs. It sells its products primarily to original equipment manufacturers, distributors, and retailers. The company was founded in 1978 and is based in Singapore.",0.0003322749738397,10.7,1.6,Low,Low Controversy Level,SGP,Singapore,70.5715560176398,0.38869248799521,0.800123608348007,1,9,0.14953271028037385,-0.411431120352797,0.5793590994234585,0,0.06557045854960661,1.0,0.0,0.10404624277456648,4.440892098500626e-16,0.8988746127156331,0.3711013341039333,Low,0
NYQ,MAA,Mid-America Apartment Communiti,"Mid-America Apartment Communities, Inc.",Real Estate,REIT - Residential,153.4,18401249280,1247618048.0,0.017,Germantown,TN,United States,2427.0,"MAA, an S&P 500 company, is a real estate investment trust (REIT) focused on delivering full-cycle and superior investment performance for shareholders through the ownership, management, acquisition, development and redevelopment of quality apartment communities primarily in the Southeast, Southwest and Mid-Atlantic regions of the United States. As of June 30, 2024, MAA had ownership interest in 103,614 apartment units, including communities currently in development, across 16 states and the District of Columbia.",0.0003310617419892,13.1,3.9,Low,Low Controversy Level,USA,United States,66.7646656881949,0.312019243435194,0.647312557199093,1,8,0.29770992366412213,-0.335293313763899,0.7119081862685358,0,0.06780072532118862,0.4421087602450484,0.0,0.17341040462427748,0.765553795034871,0.8954350059778968,0.3669268813015657,Low,0
NYQ,FDS,FactSet Research Systems Inc.,FactSet Research Systems Inc.,Financial Services,Financial Data & Stock Exchanges,483.52,18368344064,831163008.0,0.049,Norwalk,CT,United States,12398.0,"FactSet Research Systems Inc., together with its subsidiaries, operates as a financial digital platform and enterprise solutions provider for the investment community worldwide. The company provides workstations, portfolio analytics, and enterprise data solutions, as well as managed services for supporting data, performance, risk, and reporting workflows. It offers subscription-based financial data and market intelligence on securities, companies, industries, and people that enable clients to research investment ideas, as well as analyze, monitor, and manage their portfolios. The company provides its services through its configurable desktop and mobile platform, data feeds, cloud-based digital solutions, and application programming interfaces. It serves investment professionals, including institutional asset managers, bankers, wealth managers, asset owners, partners, hedge funds, corporate users, and private equity and venture capital professionals. The company was founded in 1978 and is headquartered in Norwalk, Connecticut.",0.0003304697355464,18.4,4.3,Low,Low Controversy Level,USA,United States,66.7646656881949,0.312019243435194,0.647312557199093,1,5,0.23369565217391305,-0.335293313763899,1.0017233962892738,0,0.04524975169803091,0.4421087602450484,0.0,0.3265895953757225,0.765553795034871,0.930214020670254,0.4163585399962349,Medium,1
NYQ,NRG,"NRG Energy, Inc.","NRG Energy, Inc.",Utilities,Utilities - Independent Power Producers,90.45,18322094080,2192999936.0,-0.091,Houston,TX,United States,18131.0,"NRG Energy, Inc., together with its subsidiaries, operates as an energy and home services company in the United States and Canada. It operates through Texas; East; West/Services/Other; Vivint Smart Home; and Corporate Activities segments. The company produces and sells electricity generated using coal, oil, solar, and battery storage; natural gas; and a cloud-based home platform, including hardware, software, sales, installation, customer service, technical support, and professional monitoring solutions. It offers retail electricity and energy management, line and surge protection products, HVAC installation, repair and maintenance, home protection products, carbon offsets, back-up power stations, portable power, portable solar, and portable lighting; retail services comprising demand response, commodity sales, energy efficiency, and energy management solutions; and system power, distributed generation, renewable and low-carbon products, carbon management and specialty services, backup generation, storage and distributed solar, and energy advisory services. In addition, the company trades in power, natural gas, and related commodities; environmental products; weather products; and financial products, including forwards, futures, options, and swaps. It offers its products and services under the NRG, Reliant, Direct Energy, Green Mountain Energy, and Vivint. It serves residential, commercial, government, industrial, and wholesale customers. NRG Energy, Inc. was founded in 1989 and is headquartered in Houston, Texas.",0.0003296376398535,32.0,16.8,High,Moderate Controversy Level,USA,United States,66.7646656881949,0.312019243435194,0.647312557199093,3,10,0.525,-0.335293313763899,1.7465252530784954,1,0.11969155525698512,0.4421087602450484,1.0,0.7196531791907514,0.765553795034871,0.8154068898134397,0.7227969020550622,Critical,3
NYQ,BBY,"Best Buy Co., Inc.","Best Buy Co., Inc.",Consumer Cyclical,Specialty Retail,85.55,18290247680,2673999872.0,-0.031,Richfield,MN,United States,85000.0,"Best Buy Co., Inc. engages in the retail of technology products in the United States, Canada, and international. Its stores provide computing and mobile phone products, such as desktops, notebooks, and peripherals; mobile phones comprising related mobile network carrier commissions; networking products; tablets covering e-readers; smartwatches; and consumer electronics consisting of digital imaging, health and fitness products, portable audio comprising headphones and portable speakers, and smart home products, as well as home theaters, which includes home theater accessories, soundbars, and televisions. The company's stores also offer appliances, such as dishwashers, laundry, ovens, refrigerators, blenders, coffee makers, vacuums, and personal care; entertainment products consisting of drones, peripherals, movies, and toys, as well as hardware and software, and virtual reality and other software products; and other products, such as baby, food and beverage, luggage, outdoor living, and sporting goods. In addition, it provides delivery, installation, memberships, repair, set-up, technical support, health-related, and warranty-related services. The company offers its products through stores and websites under the Best Buy, Best Buy Ads, Best Buy Business, Best Buy Health, Buy Mobile, CST, Current Health, Geek Squad, Lively, Magnolia, Pacific Kitchen, Home, TechLiquidators, and Yardbird brands, as well as domain names comprising bestbuy.com, currenthealth.com, lively.com, techliquidators.com, yardbird.com, and bestbuy.ca. The company was formerly known as Sound of Music, Inc. Best Buy Co., Inc. was incorporated in 1966 and is headquartered in Richfield, Minnesota.",0.0003290646828493,15.9,2.4,Low,Moderate Controversy Level,USA,United States,66.7646656881949,0.312019243435194,0.647312557199093,1,2,0.1509433962264151,-0.335293313763899,0.8693157292444057,0,0.14619812256145456,0.4421087602450484,0.0,0.254335260115607,0.765553795034871,0.7745274001234946,0.3791135773635243,Low,0
NYQ,SNA,Snap-On Incorporated,Snap-on Incorporated,Industrials,Tools & Accessories,343.65,18038120448,1480000000.0,-0.005,Kenosha,WI,United States,13200.0,"Snap-on Incorporated manufactures and markets tools, equipment, diagnostics, and repair information and systems solutions for professional users worldwide. It operates through Commercial & Industrial Group, Snap-on Tools Group, Repair Systems & Information Group, and Financial Services segments. The company provides hand tools, including wrenches, sockets, ratchet wrenches, pliers, screwdrivers, punches and chisels, saws and cutting tools, pruning tools, torque measuring instruments, and other related products; power tools, such as cordless, pneumatic, and hydraulic and corded tools; and tool storage products comprising tool chests, roll cabinets, and other products. It provides handheld and computer-based diagnostic products, service and repair information products, diagnostic software solutions, electronic parts catalogs, business management systems and services, point-of-sale systems, integrated systems for vehicle service shops, original equipment manufacturer purchasing facilitation services, and warranty management systems and analytics; and engineered solutions. In addition, the company offers solutions for the service of vehicles and industrial equipment that include wheel alignment equipment, wheel balancers, tire changers, vehicle lifts, test lane equipment, collision repair equipment, vehicle air conditioning service equipment, brake service equipment, fluid exchange equipment, transmission troubleshooting equipment, safety testing equipment, battery chargers, and hoists, as well as after-sales support services and training programs. Further, it provides financing programs to facilitate the sales of its products and support its franchise business. It serves the aviation and aerospace, agriculture, infrastructure construction, government and military, mining, natural resources, power generation, and technical education industries. Snap-on Incorporated was incorporated in 1920 and is headquartered in Kenosha, Wisconsin.",0.0003245285951436,30.5,9.0,High,Moderate Controversy Level,USA,United States,66.7646656881949,0.312019243435194,0.647312557199093,3,7,0.29508196721311475,-0.335293313763899,1.6908635291534337,1,0.08204845977531416,0.4421087602450484,1.0,0.6763005780346821,0.765553795034871,0.8734615792783071,0.7155965906547281,Critical,3
NYQ,L,Loews Corporation,Loews Corporation,Financial Services,Insurance - Property & Casualty,83.19,18017040384,3233999872.0,0.138,New York,NY,United States,12280.0,"Loews Corporation provides commercial property and casualty insurance in the United States and internationally. The company offers specialty insurance products, such as management and professional liability, and other coverage products; surety and fidelity bonds; property insurance products that include standard and excess property, marine and boiler, and machinery coverages; and casualty insurance products, such as workers' compensation, general and product liability, and commercial auto, surplus, and umbrella coverages. It also provides loss-sensitive insurance programs; and warranty, risk management, information, and claims administration services. The company markets its insurance products and services through independent agents, brokers, and managing general underwriters. In addition, the company is involved in the transportation and storage of natural gas and natural gas liquids, and hydrocarbons through natural gas pipelines covering approximately 13,455 miles of interconnected pipelines; 855 miles of NGL pipelines in Louisiana and Texas; 14 underground storage fields with an aggregate gas capacity of approximately 199.5 billion cubic feet of natural gas; and eleven salt dome caverns and related brine infrastructure for providing brine supply services. Further, the company operates a chain of 25 hotels; and develops, manufactures, and markets a range of extrusion blow-molded and injection molded plastic containers for customers in the pharmaceutical, dairy, household chemicals, food/nutraceuticals, industrial/specialty chemicals, and water and beverage/juice industries, as well as manufactures commodity and differentiated plastic resins from recycled plastic materials. Loews Corporation was incorporated in 1969 and is headquartered in New York, New York.",0.0003241493381376,16.4,0.6,Low,Moderate Controversy Level,USA,United States,66.7646656881949,0.312019243435194,0.647312557199093,1,5,0.03658536585365854,-0.335293313763899,0.9102493889375964,0,0.17949673215318693,0.4421087602450484,0.0,0.26878612716763,0.765553795034871,0.7231729507955652,0.3783133925463383,Low,0
NMS,PFG,Principal Financial Group Inc,"Principal Financial Group, Inc.",Financial Services,Asset Management,77.3,17680521216,-15100000.0,-0.345,Des Moines,IA,United States,19800.0,"Principal Financial Group, Inc. provides retirement, asset management, and insurance products and services to businesses, individuals, and institutional clients worldwide. The company operates through Retirement and Income Solutions, Principal Asset Management, and Benefits and Protection segments. The Retirement and Income Solutions segment provides retirement, and related financial products and services. It offers products and services for defined contribution plans, including 401(k) and 403(b) plans, defined benefit plans, nonqualified executive benefit plans, employee stock ownership plans, equity compensation, and pension risk transfer services; individual retirement accounts; investment only products; and mutual funds, individual variable annuities, registered index-linked annuities, and bank products, as well as trust and custody services. The Principal Asset Management segment provides equity, fixed income, real estate, and other alternative investments, as well as asset allocation, stable value management, and other structured investment strategies. It also offers pension accumulation products and services, mutual funds, asset management, income annuities, and life insurance accumulation products, as well as voluntary savings plans in Brazil, Chile, Mexico, Asia, China, Hong Kong Special Administrative Region, and Southeast Asia. The Benefits and Protection segment provides specialty benefits, such as group dental and vision insurance, group life insurance, and group and individual disability insurance, as well as administers group dental, disability, and vision benefits; and individual life insurance products comprising universal, variable universal, indexed universal, and term life insurance products. It also offers insurance solutions for small and medium-sized businesses and their owners, as well as employees. Principal Financial Group, Inc. was founded in 1879 and is based in Des Moines, Iowa.",0.0003180949327939,14.2,0.8,Low,Low Controversy Level,USA,United States,66.7646656881949,0.312019243435194,0.647312557199093,1,5,0.05633802816901409,-0.335293313763899,0.8031437437008192,0,-0.0008540472204142514,0.4421087602450484,0.0,0.2052023121387283,0.765553795034871,1.0,0.38692095295811124,Low,0
NMS,STLD,"Steel Dynamics, Inc.","Steel Dynamics, Inc.",Basic Materials,Steel,115.69,17613223936,2689149952.0,-0.054,Fort Wayne,IN,United States,12600.0,"Steel Dynamics, Inc., together with its subsidiaries, operates as a steel producer and metal recycler in the United States. The Steel Operations segment offers hot rolled, cold rolled, and coated steel products; parallel flange beams and channel sections, flat bars, large unequal leg angles, and reinforcing steel bars, as well as standard strength carbon, intermediate alloy hardness, and premium grade rail products; engineered special-bar-quality products, merchant-bar-quality products, and other engineered round steel bars; channels, angles, flats, merchant rounds, and reinforcing steel bars; and specialty shapes and light structural steel products. This segment also engages in turning, polishing, straightening, chamfering, precision saw-cutting, and heat treating of bar products. Its products are used in construction, automotive, manufacturing, transportation, heavy and agriculture equipment, and pipe and tube markets. The Metals Recycling Operations segment is involved in the ferrous and nonferrous scrap metal processing, transportation, marketing, brokerage, and scrap management services. Its ferrous products include heavy melting steel, busheling, bundled scrap, shredded scrap, steel turnings, and cast-iron products; and nonferrous products comprise aluminum, brass, copper, stainless steel, and other nonferrous metals. The Steel Fabrication Operations segment produces steel non-residential building components, such as steel joists, girders, trusses, and steel deck products for non-residential steel fabricators, metal building companies, general construction contractors, developers, owners, brokers, and governmental entities, as well as e-commerce warehouses, data centers, metal buildings, and education and commercial building projects. The Aluminum Operations segment offers recycled aluminum flat rolled products. The company also exports its products. Steel Dynamics, Inc. was founded in 1993 and is headquartered in Fort Wayne, Indiana.",0.0003168841696327,33.0,10.6,High,Low Controversy Level,USA,United States,66.7646656881949,0.312019243435194,0.647312557199093,3,0,0.3212121212121212,-0.335293313763899,1.8735922577212385,1,0.1526778948460194,0.4421087602450484,1.0,0.7485549132947977,0.765553795034871,0.7645340357901433,0.7263801368839464,Critical,3
NMS,TRMB,Trimble Inc.,Trimble Inc.,Technology,Scientific & Technical Instruments,71.64,17495060480,737699968.0,-0.085,Westminster,CO,United States,12700.0,"Trimble Inc. provides technology solutions that enable professionals and field mobile workers to enhance or transform their work processes worldwide. The company's Buildings and Infrastructure segment offers field and office software for project design and visualization; systems to guide and control construction equipment; software for 3D design and data sharing; systems to monitor, track, and manage assets, equipment, and workers; software to share and communicate data; program management solutions for construction owners; 3D conceptual design and modeling software; building information modeling software; enterprise resource planning, project management, and project collaboration solutions; integrated site layout and measurement systems; cost estimating, scheduling, and project controls solutions; and applications for sub-contractors and trades. Its Geospatial segment provides surveying and geospatial products, and geographic information systems. The company's Resources and Utilities segment offers precision agriculture products and services, such as guidance and positioning systems, including autonomous steering systems, automated and variable-rate application and technology systems, and information management solutions; manual and automated navigation guidance for tractors and other farm equipment; solutions to automate application of pesticide and seeding; water solutions; and agricultural software. Its Transportation segment offers solutions for long haul trucking and freight shipper markets; mobility solutions comprising route management, safety and compliance, end-to-end vehicle management, video intelligence, and supply chain communications; and fleet and transportation management systems, analytics, routing, mapping, reporting, and predictive modeling solutions. The company was formerly known as Trimble Navigation Limited and changed its name to Trimble Inc. in October 2016. Trimble Inc. was founded in 1978 and is headquartered in Westminster, Colorado.",0.0003147582596476,12.4,3.8,Low,None Controversy Level,USA,United States,66.7646656881949,0.312019243435194,0.647312557199093,1,9,0.30645161290322576,-0.335293313763899,0.7087714851958031,0,0.042166185640988424,0.4421087602450484,0.0,0.1531791907514451,0.765553795034871,0.9349696197408238,0.36481097851600863,Low,0
NYQ,OMC,Omnicom Group Inc.,Omnicom Group Inc.,Communication Services,Advertising Agencies,88.86,17453082624,2420600064.0,0.085,New York,NY,United States,75900.0,"Omnicom Group Inc., together with its subsidiaries, offers advertising, marketing, and corporate communications services. It provides a range of services in the areas of advertising and media, precision marketing, commerce and branding, experiential, execution and support, public relations, and healthcare. The company's services include advertising, branding, content marketing, corporate social responsibility consulting, crisis communications, custom publishing, data analytics, database management, digital/direct marketing and post-production, digital transformation consulting, entertainment marketing, experiential marketing, field marketing, sales support, financial/corporate business-to-business advertising, graphic arts/digital imaging, healthcare marketing and communications, and instore design services. Its services also comprise interactive marketing, investor relations, marketing research, media planning and buying, retail media planning and buying, merchandising and point of sale, mobile marketing, multi-cultural marketing, non-profit marketing, organizational communications, package design, product placement, promotional marketing, public affairs, public relations, retail marketing, retail media and e-commerce, search engine marketing, shopper marketing, social media marketing, and sports and event marketing services. It operates in the North and Latin America, Europe, the Middle East and Africa (EMEA), and the Asia Pacific. The company was incorporated in 1944 and is based in New York, New York.",0.0003140030249393,16.3,0.1,Low,Low Controversy Level,USA,United States,66.7646656881949,0.312019243435194,0.647312557199093,1,1,0.006134969325153374,-0.335293313763899,0.9339324376764034,0,0.13869183548534836,0.4421087602450484,0.0,0.26589595375722547,0.765553795034871,0.786103896680471,0.3837394351117075,Low,0
NYQ,CTRA,Coterra Energy Inc.,Coterra Energy Inc.,Energy,Oil & Gas E&P,23.68,17439016960,3448999936.0,-0.05,Houston,TX,United States,894.0,"Coterra Energy Inc., an independent oil and gas company, engages in the development, exploration, and production of oil, natural gas, and natural gas liquids in the United States. The company's properties include the Marcellus Shale with approximately 186,000 net acres in the dry gas window of the play located in Susquehanna County, Pennsylvania; Permian Basin properties with approximately 296,000 net acres located in west Texas and southeast New Mexico; and Anadarko Basin properties with approximately 182,000 net acres located in Oklahoma. It also operates natural gas and saltwater gathering and disposal systems in Texas. The company sells its natural gas to industrial customers, local distribution companies, oil and gas marketers, major energy companies, pipeline companies, and power generation facilities. Coterra Energy Inc. was incorporated in 1989 and is headquartered in Houston, Texas.",0.0003137499658587,36.1,20.3,High,Moderate Controversy Level,USA,United States,66.7646656881949,0.312019243435194,0.647312557199093,3,4,0.5623268698060941,-0.335293313763899,2.070070812064856,1,0.19777490577083537,0.4421087602450484,1.0,0.8381502890173411,0.765553795034871,0.694983619398146,0.7463037079615097,Critical,3
NYQ,HRL,Hormel Foods Corporation,Hormel Foods Corporation,Consumer Defensive,Packaged Foods,31.68,17392732160,1353831040.0,-0.022,Austin,MN,United States,20000.0,"Hormel Foods Corporation develops, processes, and distributes various meat, nuts, and other food products to retail, foodservice, deli, and commercial customers in the United States and internationally. It operates through three segments: Retail, Foodservice, and International segments. The company provides various perishable products that include fresh meats, frozen items, refrigerated meal solutions, sausages, hams, guacamoles, and bacons; and shelf-stable products comprising canned luncheon meats, nut butters, snack nuts, chili, shelf-stable microwaveable meals, hash, stews, tortillas, salsas, tortilla chips, nutritional food supplements, and others. It sells its products under the HORMEL, ALWAYS TENDER, APPLEGATE, AUSTIN BLUES, BACON 1, BLACK LABEL, BREAD READY, BURKE, CAFÉ H, CERATTI, CHI-CHI'S, COLUMBUS, COMPLEATS, CORN NUTS, CURE 81, DAN'S PRIZE, DI LUSSO, DINTY MOORE, DON MIGUEL, DOÑA MARIA, EMBASA, FAST N EASY, FIRE BRAISED, FONTANINI, HAPPY LITTLE PLANTS, HERDEZ, HORMEL GATHERINGS, HORMEL SQUARE TABLE, HORMEL VITAL CUISINE, HOUSE OF TSANG, JENNIE-O, JUSTIN'S, LA VICTORIA, LAYOUT, LLOYD'S, MARY KITCHEN, MR. PEANUT, NATURAL CHOICE, NUT-RITION, OLD SMOKEHOUSE, OVEN READY, PILLOW PACK, PLANTERS, ROSA GRANDE, SADLER'S SMOKEHOUSE, SKIPPY, SPAM, SPECIAL RECIPE, THICK & EASY, VALLEY FRESH, AND WHOLLY brands through sales personnel, independent brokers, and distributors. The company was formerly known as Geo. A. Hormel & Company and changed its name to Hormel Foods Corporation in January 1995. Hormel Foods Corporation was founded in 1891 and is headquartered in Austin, Minnesota.",0.0003129172437819,30.0,13.3,Medium,Significant Controversy Level,USA,United States,66.7646656881949,0.312019243435194,0.647312557199093,2,3,0.44333333333333336,-0.335293313763899,1.724858390506026,0,0.07783889428904998,0.4421087602450484,0.0,0.661849710982659,0.765553795034871,0.879953739765111,0.5119105465878016,High,2
NYQ,ARE,Alexandria Real Estate Equities,"Alexandria Real Estate Equities, Inc.",Real Estate,REIT - Office,99.17,17331146752,1905123968.0,0.109,Pasadena,CA,United States,568.0,"Alexandria Real Estate Equities, Inc. (NYSE: ARE), an S&P 500® company, is a best-in-class, mission-driven life science REIT making a positive and lasting impact on the world. As the pioneer of the life science real estate niche since our founding in 1994, Alexandria is the preeminent and longest-tenured owner, operator, and developer of collaborative life science mega campuses in AAA innovation cluster locations, including Greater Boston, the San Francisco Bay Area, San Diego, Seattle, Maryland, Research Triangle, and New York City. Alexandria has a total market capitalization of $34.4 billion and an asset base in North America of 74.1 million SF as of March 31, 2024, which includes 42.2 million RSF of operating properties, 5.3 million RSF of Class A/A+ properties undergoing construction and one committed near-term project expected to commence construction in the next two years, 2.5 million RSF of priority anticipated development and redevelopment projects, and 24.1 million SF of future development projects. Alexandria has a longstanding and proven track record of developing Class A/A+ properties clustered in life science mega campuses that provide our innovative tenants with highly dynamic and collaborative environments that enhance their ability to successfully recruit and retain world-class talent and inspire productivity, efficiency, creativity, and success. Alexandria also provides strategic capital to transformative life science companies through our venture capital platform. We believe our unique business model and diligent underwriting ensure a high-quality and diverse tenant base that results in higher occupancy levels, longer lease terms, higher rental income, higher returns, and greater long-term asset value.",0.0003118092444204,13.9,3.9,Low,None Controversy Level,USA,United States,66.7646656881949,0.312019243435194,0.647312557199093,1,8,0.2805755395683453,-0.335293313763899,0.8020242514186751,0,0.1099248650571925,0.4421087602450484,0.0,0.19653179190751446,0.765553795034871,0.8304694705973342,0.3673667439484805,Low,0
NMS,JBHT,"J.B. Hunt Transport Services, I","J.B. Hunt Transport Services, Inc.",Industrials,Integrated Freight & Logistics,170.23,17164290048,1577556992.0,-0.03,Lowell,AR,United States,34718.0,"J.B. Hunt Transport Services, Inc. provides surface transportation, delivery, and logistic services in the United States. It operates through five segments: Intermodal (JBI), Dedicated Contract Services (DCS), Integrated Capacity Solutions (ICS), Final Mile Services (FMS), and Truckload (JBT). The JBI segment offers intermodal freight solutions. It operates 118,171 pieces of company-owned trailing equipment; owns and maintains its chassis fleet of 100,825 units; and manages a fleet of 5,944 company-owned tractors, 436 independent contractor trucks, and 7,567 company drivers. The DCS segment designs, develops, and executes supply chain solutions that support various transportation networks. As of December 31, 2023, it operated 12,574 company-owned trucks, 674 customer-owned trucks, and 4 contractor trucks. The company also operates 27,194 owned pieces of trailing equipment and 5,406 customer-owned trailers. The ICS segment provides freight brokerage and transportation logistics solutions; flatbed, refrigerated, expedited, and less-than-truckload, as well as dry-van and intermodal solutions; online multimodal marketplace; and logistics management for customers to outsource their transportation functions. The FMS segment offers delivery services through 1,166 company-owned trucks, 225 customer-owned trucks, and 20 independent contractor trucks; and 1,212 owned pieces of trailing equipment and 102 customer-owned trailers. The JBT segment provides dry-van freight services by utilizing tractors and trailers operating over roads and highways through 27 company-owned tractors and 13,561 company-owned trailers. It also transports or arranges for the transportation of freight, such as general merchandise, specialty consumer items, appliances, forest and paper products, food and beverages, building materials, soaps and cosmetics, automotive parts, agricultural products, electronics, and chemicals. The company was incorporated in 1961 and is headquartered in Lowell, Arkansas.",0.0003088072813336,14.8,3.3,Low,Low Controversy Level,USA,United States,66.7646656881949,0.312019243435194,0.647312557199093,1,7,0.22297297297297294,-0.335293313763899,0.8622552962349008,1,0.09190924807191886,0.4421087602450484,1.0,0.2225433526011561,0.765553795034871,0.8582538766408626,0.5779486527609259,High,2
NMS,GEN,Gen Digital Inc.,Gen Digital Inc.,Technology,Software - Infrastructure,27.83,17151517696,1808999936.0,0.031,Tempe,AZ,United States,3400.0,"Gen Digital Inc. engages in the provision of cyber safety solutions for consumers in the United States, Canada, Latin America, Europe, the Middle East, Africa, the Asia Pacific, and Japan. The company offers security and performance products under Norton, Avast, Avira, AVG, and CCleaner brands that provide real-time protection and maintenance for PCs, Macs, and mobile devices against malware, viruses, adware, and other online threats. It also provides identity protection solutions, including LifeLock Identity Theft Protection, Avast and AVG Secure Identity, Norton Identity Theft Protection, and Dark Web Monitoring for monitoring of credit reports, financial accounts, the dark web, and social media accounts to help safeguard customers' personal information. In addition, the company offers Virtual Private Network (VPN) solutions under Norton, Avast and AVG brands to enhance security and online privacy that allows customers to securely transmit and access private information, such as passwords, bank details, and credit card numbers, when using public Wi-Fi on PCs, Macs, and mobile iOS and Android devices; AntiTrack and Secure Browser products which helps to keep personal information and browsing activity anonymous while browsing online; and Privacy Monitor Assistant and BreachGuard products for removing customers' data from public data broker sites; and ReputationDefender, a white glove service that helps customers manage all aspects of their personal branding online, including search results, social media sites, and overall web presence. It markets and sells its products and related services through retailers, telecom service providers, hardware original equipment manufacturers, and employee benefit providers, as well as e-commerce platform. The company was formerly known as NortonLifeLock Inc. and changed its name to Gen Digital Inc. in November 2022. Gen Digital Inc. was founded in 1982 and is headquartered in Tempe, Arizona.",0.0003085774905711,16.9,3.3,Low,Moderate Controversy Level,USA,United States,66.7646656881949,0.312019243435194,0.647312557199093,1,9,0.1952662721893491,-0.335293313763899,0.9853355428681009,0,0.10547171207023194,0.4421087602450484,0.0,0.28323699421965315,0.765553795034871,0.8373373014834372,0.3940650877307324,Medium,1
NYQ,DGX,Quest Diagnostics Incorporated,Quest Diagnostics Incorporated,Healthcare,Diagnostics & Research,153.1,17088257024,1804999936.0,0.084,Secaucus,NJ,United States,50000.0,"Quest Diagnostics Incorporated provides diagnostic testing and services in the United States and internationally. The company develops and delivers diagnostic information services, such as routine, non-routine and advanced clinical testing, anatomic pathology testing, and other diagnostic information services. It offers diagnostic information services primarily under the Quest Diagnostics brand, as well as under the AmeriPath, Dermpath Diagnostics, ExamOne, and Quanum brands to physicians, hospitals, patients and consumers, health plans, government agencies, employers, retailers, pharmaceutical companies and insurers, and accountable care organizations through a network of laboratories, patient service centers, phlebotomists in physician offices, call centers and mobile phlebotomists, nurses, and other health and wellness professionals. The company also provides risk assessment services for the life insurance industry; and healthcare organizations and clinicians information technology solutions. Quest Diagnostics Incorporated was founded in 1967 and is headquartered in Secaucus, New Jersey.",0.000307439351092,21.2,0.1,Medium,Significant Controversy Level,USA,United States,66.7646656881949,0.312019243435194,0.647312557199093,2,6,0.004716981132075472,-0.335293313763899,1.2406180437375893,0,0.10562808912956576,0.4421087602450484,0.0,0.40751445086705196,0.765553795034871,0.8370961305196021,0.43132420762856855,Medium,1
NYQ,KEY,KeyCorp,KeyCorp,Financial Services,Banks - Regional,17.09,16941026304,3343453568.0,-0.602,Cleveland,OH,United States,16734.0,"KeyCorp operates as the holding company for KeyBank National Association that provides various retail and commercial banking products and services in the United States. It operates in two segments, Consumer Bank and Commercial Bank. The company offers various deposits, investment products and services; commercial leasing, investment management, consumer finance; and personal finance and financial wellness, student loan refinancing, mortgage and home equity, lending, credit card, treasury, business advisory, wealth management, asset management, cash management, portfolio management, and trust and related services to individuals and small and medium-sized businesses. It also provides a suite of banking and capital market products, such as syndicated finance, debt and equity capital market products, commercial payments, equipment finance, commercial mortgage banking, derivatives, foreign exchange, financial advisory, and public finance, as well as commercial mortgage loans to consumer, energy, healthcare, industrial, public sector, real estate, and technology sectors for middle market clients. In addition, the company offers community development financing, securities underwriting, brokerage, and investment banking services. The company was founded in 1849 and is headquartered in Cleveland, Ohio.",0.0003047904842734,21.4,1.6,Medium,Low Controversy Level,USA,United States,66.7646656881949,0.312019243435194,0.647312557199093,2,5,0.07476635514018692,-0.335293313763899,1.2632056414992505,0,0.1973583836069345,0.4421087602450484,0.0,0.41329479768786126,0.765553795034871,0.6956259965611048,0.4189112982789616,Medium,1
NYQ,NI,NiSource Inc,NiSource Inc.,Utilities,Utilities - Regulated Gas,36.17,16883395584,2324999936.0,0.048,Merrillville,IN,United States,7364.0,"NiSource Inc., an energy holding company, operates as a regulated natural gas and electric utility company in the United States. It operates in two segments, Gas Distribution Operations and Electric Operations. The company distributes natural gas to approximately 3.3 million customers through approximately 55,000 miles of distribution main pipeline and the associated individual customer service lines; and 1,000 miles of transmission main pipeline in northern Indiana, Ohio, Pennsylvania, Virginia, Kentucky, and Maryland. It also generates, transmits, and distributes electricity to approximately 0.5 million customers in various counties in the northern part of Indiana, as well as engages in wholesale electric and transmission transactions. It owns and operates coal-fired electric generating stations in Wheatfield and Michigan City; combined cycle gas turbine in West Terre Haute; natural gas generating units in Wheatfield; hydro generating plants in Carroll County and White County; wind generating units in White County, Indiana; and solar generating units in Jasper County and White County. The company was formerly known as NIPSCO Industries, Inc. and changed its name to NiSource Inc. in April 1999. NiSource Inc. was founded in 1847 and is headquartered in Merrillville, Indiana.",0.0003037536347495,26.0,12.0,Medium,Significant Controversy Level,USA,United States,66.7646656881949,0.312019243435194,0.647312557199093,2,10,0.46153846153846156,-0.335293313763899,1.5399745786114019,1,0.13770926141204368,0.4421087602450484,1.0,0.546242774566474,0.765553795034871,0.7876192617685973,0.6679950178632947,Critical,3
NYQ,PNR,Pentair plc.,Pentair plc,Industrials,Specialty Industrial Machinery,101.95,16845300736,978700032.0,-0.015,London,,United Kingdom,10500.0,"Pentair plc provides various water solutions in the United States, Western Europe, China, Eastern Europe, Latin America, the Middle East, Southeast Asia, Australia, Canada, and Japan. The company operates through three segments: Flow, Water Solutions, and Pool. The Flow segment designs, manufactures, and sells fluid treatment and pump products and systems, including pressure vessels, gas recovery solutions, membrane bioreactors, wastewater reuse systems and advanced membrane filtration, separation systems, water disposal pumps, water supply pumps, fluid transfer pumps, turbine pumps, solid handling pumps, and agricultural spray nozzles for fluid delivery, ion exchange, desalination, food and beverage, separation technologies in the oil and gas industry, residential and municipal wells, water treatment, wastewater solids handling, pressure boosting, circulation and transfer, fire suppression, flood control, agricultural irrigation, and crop spray in residential, commercial, and industrial markets. The Water Solutions segment provides commercial and residential water treatment products and systems, including pressure tanks, control valves, activated carbon products, commercial ice machines, conventional filtration products, and point-of-entry and point-of-use water treatment systems, as well as installation and preventative services for use in residential whole home water filtration, drinking water filtration, and water softening solutions, as well as commercial total water management and filtration in foodservice operations. The Pool segment provides residential and commercial pool equipment and accessories comprising pumps, filters, heaters, lights, automatic controls, automatic cleaners, maintenance equipment, and pool accessories for applications in residential and commercial pool maintenance, pool repair, renovation, service, and construction and aquaculture solutions. Pentair plc was founded in 1966 and is headquartered in London, the United Kingdom.",0.000303068260265,22.1,6.0,Medium,Low Controversy Level,GBR,United Kingdom,69.6633498227979,0.288055598949617,0.681322595405575,2,7,0.27149321266968324,-0.39326699645595803,1.3119385843180713,1,0.05809929115177063,0.2677440596532952,1.0,0.4335260115606937,0.595170085070853,0.9103969462982313,0.5773090257719831,High,2
NYQ,J,Jacobs Solutions Inc.,Jacobs Solutions Inc.,Industrials,Engineering & Construction,135.75,16835307520,1476304000.0,0.011,Dallas,TX,United States,60000.0,"Jacobs Solutions Inc. provides consulting, technical, engineering, scientific, and project delivery services for the government and private sectors in the United States, Europe, Canada, India, Asia, Australia, New Zealand, the Middle East, and Africa. It operates through Critical Mission Solutions, People & Places Solutions, Divergent Solutions, and PA Consulting segments. The company offers cyber, data analytics, systems and software application integration and consulting, enterprise level and mission IT, design, nuclear, and enterprise level operations and maintenance services; software development, testing, mission integration, program management, research, development, test, evaluation services, training, and environmental remediation services; and other technical consulting solutions, as well as construction and construction management services. It also provides consulting services for consumer and manufacturing, defense and security, energy and utilities, financial services, government, health and life sciences, and transport industries. The company was founded in 1947 and is headquartered in Dallas, Texas.",0.0003028884696732,22.4,5.3,Medium,Significant Controversy Level,USA,United States,66.7646656881949,0.312019243435194,0.647312557199093,2,7,0.23660714285714288,-0.335293313763899,1.3305370260322988,1,0.08769094346783872,0.4421087602450484,1.0,0.44219653179190743,0.765553795034871,0.8647595149451656,0.6444951703485816,Critical,3
NYQ,DG,Dollar General Corporation,Dollar General Corporation,Consumer Defensive,Discount Stores,76.4,16802347008,3025478912.0,0.042,Goodlettsville,TN,United States,185800.0,"Dollar General Corporation, a discount retailer, provides various merchandise products in the southern, southwestern, midwestern, and eastern United States. It offers consumable products, including paper and cleaning products, such as paper towels, bath tissues, paper dinnerware, trash and storage bags, disinfectants, and laundry products; packaged food comprising cereals, pasta, canned soups, fruits and vegetables, condiments, spices, sugar, and flour; and perishables that include milk, eggs, bread, refrigerated and frozen food, beer, and wine. The company's consumable products also comprise snacks, such as candies, cookies, crackers, salty snacks, and carbonated beverages; health and beauty products, including over-the-counter medicines and personal care products, such as soaps, body washes, shampoos, cosmetics, and dental hygiene and foot care products; pet supplies and pet food; and tobacco products. In addition, it offers seasonal products comprising holiday items, toys, batteries, small electronics, greeting cards, stationery, prepaid phones and accessories, gardening supplies, hardware, and automotive and home office supplies; and home products that include kitchen supplies, cookware, small appliances, light bulbs, storage containers, frames, candles, craft supplies and kitchen, and bed and bath soft goods. Further, the company provides apparel, which comprise basic items for infants, toddlers, girls, boys, women, and men, as well as socks, underwear, disposable diapers, shoes, and accessories. The company was formerly known as J.L. Turner & Son, Inc. and changed its name to Dollar General Corporation in 1968. Dollar General Corporation was founded in 1939 and is based in Goodlettsville, Tennessee.",0.0003022954683855,17.6,3.5,Low,Moderate Controversy Level,USA,United States,66.7646656881949,0.312019243435194,0.647312557199093,1,3,0.19886363636363635,-0.335293313763899,1.0474727126883059,0,0.18006287517806274,0.4421087602450484,0.0,0.30346820809248565,0.765553795034871,0.7222998223484673,0.38863070397908517,Low,0
NYQ,BALL,Ball Corporation,Ball Corporation,Consumer Cyclical,Packaging & Containers,55.8,16652169216,2092999936.0,-0.009,Westminster,CO,United States,21000.0,"Ball Corporation supplies aluminum packaging products for the beverage, personal care, and household products industries in the United States, Brazil, and internationally. The company manufactures and sells aluminum beverage containers to fillers of carbonated soft drinks, beer, energy drinks, and other beverages. It also manufactures and sells extruded aluminum aerosol containers, recloseable aluminum bottles, aluminum cups, and aluminum slugs. Ball Corporation was founded in 1880 and is headquartered in Westminster, Colorado.",0.0002995935800152,12.1,7.6,Low,Moderate Controversy Level,USA,United States,66.7646656881949,0.312019243435194,0.647312557199093,1,2,0.628099173553719,-0.335293313763899,0.7266320587454688,0,0.125689326648745,0.4421087602450484,0.0,0.1445086705202312,0.765553795034871,0.8061568865611983,0.34932854912868194,Low,0
NMS,NWSA,News Corporation,News Corporation,Communication Services,Entertainment,27.86,16357357568,1270000000.0,0.031,New York,NY,United States,23900.0,"News Corporation, a media and information services company, creates and distributes authoritative and engaging content, and other products and services for consumers and businesses worldwide. It operates through six segments: Digital Real Estate Services, Subscription Video Services, Dow Jones, Book Publishing, News Media, and Other. The company distributes content and data products, including The Wall Street Journal, Barron's, MarketWatch, Investor's Business Daily, Factiva, Dow Jones Risk & Compliance, Dow Jones Newswires, and Dow Jones Energy through various media channels, such as newspapers, newswires, websites, mobile apps, newsletters, magazines, proprietary databases, live journalism, video, and podcasts. It also owns and operates Monday to Friday, Saturday and Sunday, weekly, and bi-weekly newspapers comprising The Australian, The Weekend Australian, The Daily Telegraph, The Sunday Telegraph, Herald Sun, Sunday Herald Sun, The Courier Mail, The Sunday Mail, The Advertiser, Sunday Mail, The Sun, The Sun on Sunday, The Times, The Sunday Times, and New York Post, as well as digital mastheads and other websites. In addition, the company publishes general fiction, nonfiction, children's, and religious books; provides sports, entertainment, and news services to pay-TV and streaming subscribers, and other commercial licensees through satellite and internet distribution; and broadcasts rights to live sporting events. Further, it offers property and property-related advertising and services on its websites and mobile applications; digital real estate services; and financial services. News Corporation was founded in 2012 and is headquartered in New York, New York.",0.0002942895456934,11.5,0.0,Low,Moderate Controversy Level,USA,United States,66.7646656881949,0.312019243435194,0.647312557199093,1,1,0.0,-0.335293313763899,0.7030475400560736,0,0.07764090224967074,0.4421087602450484,0.0,0.12716763005780346,0.765553795034871,0.88025909101786,0.3515364574356198,Low,0
NYQ,UDR,"UDR, Inc.","UDR, Inc.",Real Estate,REIT - Residential,43.46,16326182912,989297984.0,0.006,Highlands Ranch,CO,United States,1397.0,"UDR, Inc. (NYSE: UDR), an S&P 500 company, is a leading multifamily real estate investment trust with a demonstrated performance history of delivering superior and dependable returns by successfully managing, buying, selling, developing and redeveloping attractive real estate communities in targeted U.S. markets. As of March 31, 2024, UDR owned or had an ownership position in 60,124 apartment homes including 311 homes under development. For over 51 years, UDR has delivered long-term value to shareholders, the best standard of service to Residents and the highest quality experience for Associates.",0.0002937286742132,13.9,3.7,Low,Low Controversy Level,USA,United States,66.7646656881949,0.312019243435194,0.647312557199093,1,8,0.26618705035971224,-0.335293313763899,0.8513931318130267,0,0.06059579200676788,0.4421087602450484,0.0,0.19653179190751446,0.765553795034871,0.9065467426943271,0.37497447115817983,Low,0
NMS,HOLX,"Hologic, Inc.","Hologic, Inc.",Healthcare,Medical Instruments & Supplies,71.65,16260322304,1242700032.0,0.045,Marlborough,MA,United States,6990.0,"Hologic, Inc. engages in the development, manufacture, and supply of diagnostics products, medical imaging systems, and surgical products for women's health through early detection and treatment worldwide. The company operates through four segments: Diagnostics, Breast Health, GYN Surgical, and Skeletal Health. It provides Aptima molecular diagnostic assays to detect the infectious microorganisms; Aptima viral load assays for Hepatitis B virus, Hepatitis C virus, human immunodeficiency virus, and human cytomegalo virus; Aptima bacterial vaginosis and candida vaginitis assays for the diagnosis of vaginitis; Aptima SARS-CoV-2 and Panther Fusion SARS-CoV-2 assays to detect SARS-CoV-2; ThinPrep System for cytology applications; and Rapid Fetal Fibronectin Test that assists physicians in assessing the risk of pre-term birth. The company also offers breast cancer care solutions in the areas of radiology, breast surgery, pathology, and treatment, such as 3D digital mammography systems, image analytics software, reading workstations, minimally invasive breast biopsy guidance systems, breast biopsy site markers, localization, and specimen radiology solutions; and breast conserving surgery products. In addition, it provides MyoSure Hysteroscopic Tissue Removal System for the removal of fibroids and polyps in the uterus; NovaSure Endometrial Ablation System to treat abnormal uterine bleeding; Fluent Fluid Management System that provides liquid distention during diagnostic and operative hysteroscopic procedures; Acessa ProVu system to treat various fibroids; and CoolSeal portfolio, such as bipolar vessel sealing devices. Further, it offers Horizon DXA, a dual energy X-ray system; and Fluoroscan Insight FD mini C-arm to perform minimally invasive orthopedic surgical procedures. It sells its products through direct sales, service forces, independent distributors, and sales representatives. The company was incorporated in 1985 and is headquartered in Marlborough, Massachusetts.",0.0002925437585979,25.0,4.6,Medium,Low Controversy Level,USA,United States,66.7646656881949,0.312019243435194,0.647312557199093,2,6,0.184,-0.335293313763899,1.5374848992907146,0,0.0764253013419235,0.4421087602450484,0.0,0.5173410404624278,0.765553795034871,0.8821338394228322,0.46877595539750433,High,2
NYQ,GPC,Genuine Parts Company,Genuine Parts Company,Consumer Cyclical,Auto Parts,115.73,16090636288,2055010944.0,0.025,Atlanta,GA,United States,60000.0,"Genuine Parts Company distributes automotive replacement parts, and industrial parts and materials. It operates in two segments: Automotive Parts Group and Industrial Parts Group segments. The company distributes automotive replacement parts for hybrid and electric vehicles, trucks, SUVs, buses, motorcycles, recreational vehicles, farm vehicles, small engines, farm equipment, marine equipment, and heavy duty equipment; and equipment and parts used by repair shops, service stations, fleet operators, automobile and truck dealers, leasing companies, bus and truck lines, mass merchandisers, farms, and individuals. It also distributes industrial replacement parts and related supplies, such as abrasives, adhesives, sealants and tape, bearings, chemicals, cutting tools, electrical, facility maintenance, hose and fittings, hydraulics, janitorial, mechanical power transmission, pneumatics, process pumps and equipment, safety, seals and gaskets, and tools and testing instruments, as well as maintenance, repair, and operation customers in aggregate and cement, automotive, chemical and allied products, equipment and machinery, equipment rental and leasing, fabricated metals, food and beverage, iron and steel, lumber and wood, oil and gas, pulp and paper, and rubber products. In addition, the company provides various services and repairs comprising gearbox and fluid power and process pump assembly and repair, hydraulic drive shaft repair, electrical panel assembly and repair, hose and gasket manufacture and assembly. It operates in the United States, Canada, France, the United Kingdom, Ireland, Germany, Poland, the Netherlands, Belgium, Spain, Portugal, Australia, New Zealand, Mexico, Indonesia, and Singapore. The company was incorporated in 1928 and is headquartered in Atlanta, Georgia.",0.0002894908926107,13.7,4.7,Low,Moderate Controversy Level,USA,United States,66.7646656881949,0.312019243435194,0.647312557199093,1,2,0.34306569343065696,-0.335293313763899,0.8514268643445209,0,0.12771470979880245,0.4421087602450484,0.0,0.19075144508670522,0.765553795034871,0.8030332595502048,0.3628890187975248,Low,0
NYQ,IEX,IDEX Corporation,IDEX Corporation,Industrials,Specialty Industrial Machinery,212.38,16082113536,862700032.0,0.006,Northbrook,IL,United States,8800.0,"IDEX Corporation, together with its subsidiaries, provides applied solutions worldwide. The company operates through three segments: Fluid & Metering Technologies (FMT), Health & Science Technologies (HST), and Fire & Safety/Diversified Products (FSDP). The FMT segment designs, produces, and distributes positive displacement pumps, valves, small volume provers, flow meters, injectors, and other fluid-handling pump modules and systems, as well as flow monitoring and other services for the food, chemical, general industrial, water and wastewater, agricultural, and energy industries. The HST segment designs, produces, and distributes precision fluidics positive displacement pumps, powder and liquid processing technologies, drying systems, micro-precision components, pneumatic components and sealing solutions, high performance molded and extruded sealing components, custom mechanical and shaft seals, engineered hygienic mixers and valves, biocompatible medical devices and implantables, air compressors and blowers, optical components and coatings, laboratory and commercial equipment, and precision photonic solutions. This segment serves food and beverage, life sciences, analytical instruments, pharmaceutical and biopharmaceutical, industrial, semiconductor, automotive/transportation, medical/dental, energy, cosmetics, marine, chemical, wastewater and water treatment, research and aerospace/defense markets. The FSDP segment designs, produces, and distributes firefighting pumps, valves and controls, rescue tools, lifting bags, and other components and systems for the fire and rescue industry; engineered stainless steel banding and clamping devices for various industrial and commercial applications; and precision equipment for dispensing, metering, and mixing colorants and paints used in retail and commercial businesses. IDEX Corporation was incorporated in 1987 and is headquartered in Northbrook, Illinois.",0.0002893375575257,29.3,10.3,Medium,None Controversy Level,USA,United States,66.7646656881949,0.312019243435194,0.647312557199093,2,7,0.3515358361774744,-0.335293313763899,1.8218998351436584,1,0.05364344867164604,0.4421087602450484,1.0,0.6416184971098267,0.765553795034871,0.9172689250284066,0.7095727009522814,Critical,3
NYQ,MAS,Masco Corporation,Masco Corporation,Industrials,Building Products & Equipment,74.39,16049567744,1494000000.0,0.002,Livonia,MI,United States,18000.0,"Masco Corporation designs, manufactures, and distributes home improvement and building products in North America, Europe, and internationally. The company's Plumbing Products segment offers faucets, showerheads, handheld showers, valves, bath hardware and accessories, bathing units, shower bases and enclosures, sinks, toilets, acrylic tubs, shower trays, spas, exercise pools, and fitness systems; brass, copper, and composite plumbing system components; connected water products; thermoplastic solutions, extruded plastic profiles, specialized fabrications, and PEX tubing products; and other non-decorative plumbing products. This segment provides its products under the DELTA, BRIZO, PEERLESS, HANSGROHE, AXOR, KRAUS, EASY DRAIN, STEAMIST, ELITESTEAM, GINGER, NEWPORT BRASS, BRASSTECH, WALTEC, BRISTAN, HERITAGE, MIROLIN, HOT SPRING, CALDERA, FREEFLOW SPAS, FANTASY SPAS, ENDLESS POOLS, BRASSCRAFT, PLUMB SHOP, COBRA, COBRA PRO, and MASTER PLUMBER brands. Its Decorative Architectural Products segment offers paints, primers, specialty coatings, stains, and waterproofing products, as well as paint applicators and accessories; cabinet and door hardware, functional hardware, wall plates, hook and rail products, closet organization systems, and picture hanging accessories; decorative bath hardware, mirrors, and shower accessories and doors; and decorative indoor and outdoor lighting fixtures, ceiling fans, landscape lighting, and LED lighting systems. This segment provides its products under the BEHR, KILZ, WHIZZ, Elder & Jenks, LIBERTY, BRAINERD, FRANKLIN BRASS, KICHLER, and ÉLAN brands. It sells its products to the plumbing, heating, and hardware wholesalers; home centers and online retailers; hardware stores; electrical and landscape distributors; lighting showrooms; building supply outlets; and other mass merchandisers. Masco Corporation was incorporated in 1929 and is headquartered in Livonia, Michigan.",0.0002887520175751,22.2,9.7,Medium,Low Controversy Level,USA,United States,66.7646656881949,0.312019243435194,0.647312557199093,2,7,0.4369369369369369,-0.335293313763899,1.3832148226109882,1,0.09308661914328002,0.4421087602450484,1.0,0.43641618497109824,0.765553795034871,0.8564380878206772,0.64192892358989,Critical,3
NYQ,KIM,Kimco Realty Corporation (HC),Kimco Realty Corporation,Real Estate,REIT - Retail,23.42,15786977280,1195842048.0,0.138,Jericho,NY,United States,660.0,"Kimco Realty (NYSE: KIM) is a real estate investment trust (REIT) and leading owner and operator of high-quality, open-air, grocery-anchored shopping centers and mixed-use properties in the United States. The company's portfolio is strategically concentrated in the first-ring suburbs of the top major metropolitan markets, including high-barrier-to-entry coastal markets and rapidly expanding Sun Belt cities. Its tenant mix is focused on essential, necessity-based goods and services that drive multiple shopping trips per week. Publicly traded on the NYSE since 1991 and included in the S&P 500 Index, the company has specialized in shopping center ownership, management, acquisitions, and value-enhancing redevelopment activities for more than 60 years. With a proven commitment to corporate responsibility, Kimco Realty is a recognized industry leader in this area. As of September 30, 2024, the company owned interests in 567 U.S. shopping centers and mixed-use assets comprising 101 million square feet of gross leasable space.",0.0002840276830955,10.9,2.3,Low,None Controversy Level,USA,United States,66.7646656881949,0.312019243435194,0.647312557199093,1,8,0.2110091743119266,-0.335293313763899,0.690442496158454,0,0.07574863932406951,0.4421087602450484,0.0,0.10982658959537572,0.765553795034871,0.8831774146872073,0.3466259776638262,Low,0
NMS,DLTR,"Dollar Tree, Inc.","Dollar Tree, Inc.",Consumer Defensive,Discount Stores,72.94,15684945920,2604699904.0,0.007,Chesapeake,VA,United States,65894.0,"Dollar Tree, Inc. operates retail discount stores. The company operates in two segments, Dollar Tree and Family Dollar. The Dollar Tree segment offers merchandise at the fixed price of $ 1.25. It provides consumable merchandise, which includes everyday consumables, such as household paper and chemicals, food, candy, health, personal care products, and frozen and refrigerated food; variety merchandise comprising toys, durable housewares, gifts, stationery, party goods, greeting cards, softlines, arts and crafts supplies, and other items; and seasonal goods that include Christmas, Easter, Halloween, and Valentine's Day merchandise. It operates stores under the Dollar Tree and Dollar Tree Canada brands, as well as distribution centers in the United States and Canada. The Family Dollar segment operates general merchandise retail discount stores that offer consumable merchandise, which comprise food and beverages, tobacco, health and personal care, household chemicals, paper products, hardware and automotive supplies, diapers, batteries, and pet food and supplies; and home products, including housewares, home décor, and giftware, as well as domestics, such as comforters, sheets, and towels. It also provides apparel and accessories merchandise comprising clothing, fashion accessories, and shoes; and seasonal and electronics merchandise that include Christmas, Easter, Halloween, and Valentine's Day merchandise, as well as personal electronics, which comprise pre-paid cellular phones and services, stationery and school supplies, and toys. Dollar Tree, Inc. was founded in 1986 and is based in Chesapeake, Virginia.",0.0002821920099156,20.1,3.3,Medium,Moderate Controversy Level,USA,United States,66.7646656881949,0.312019243435194,0.647312557199093,2,3,0.16417910447761191,-0.335293313763899,1.2814835385801573,0,0.16606368407548835,0.4421087602450484,0.0,0.37572254335260125,0.765553795034871,0.743889935537087,0.4124660158759818,Medium,1
NYQ,EXPD,Expeditors International of Was,"Expeditors International of Washington, Inc.",Industrials,Integrated Freight & Logistics,111.48,15604525056,1006916992.0,0.37,Seattle,WA,United States,18690.0,"Expeditors International of Washington, Inc., together with its subsidiaries, provides logistics services worldwide. The company offers airfreight services, such as air freight consolidation and forwarding; ocean freight and ocean services, including ocean freight consolidation, direct ocean forwarding, and order management; customs brokerage, import, intra-continental ground transportation and delivery, and warehousing and distribution services; and customs clearance, purchase order management, vendor consolidation, time-definite transportation services, temperature-controlled transit, cargo insurance, specialized cargo monitoring and tracking, and other supply chain solutions. It also provides optimization, trade compliance consulting, cargo security, and solutions. In addition, it acts as a freight consolidator or as an agent for the airline that carries the shipment. Further, the company provides ancillary services that include preparation of shipping and customs documentation, packing, crating, insurance services, and the preparation of documentation to comply with local import and export laws. Its customers include retailing and wholesaling, electronics, technology, and industrial and manufacturing companies. The company was incorporated in 1979 and is headquartered in Seattle, Washington.",0.0002807451368842,16.6,4.2,Low,Moderate Controversy Level,USA,United States,66.7646656881949,0.312019243435194,0.647312557199093,1,7,0.25301204819277107,-0.335293313763899,1.063793991834262,1,0.06452724375695347,0.4421087602450484,1.0,0.27456647398843936,0.765553795034871,0.9004835003498108,0.5977785515480057,High,2
NMS,LNT,Alliant Energy Corporation,Alliant Energy Corporation,Utilities,Utilities - Regulated Electric,58.95,15126511616,1636999936.0,0.004,Madison,WI,United States,3281.0,"Alliant Energy Corporation operates as a utility holding company that provides regulated electricity and natural gas services in the United States. It operates in three segments: Utility Electric Operations, Utility Gas Operations, and Utility Other. The company, through its subsidiary, Interstate Power and Light Company (IPL), primarily generates and distributes electricity, and distributes and transports natural gas to retail customers in Iowa; sells electricity to wholesale customers in Minnesota, Illinois, and Iowa; and generates and distributes steam in Cedar Rapids, Iowa. Alliant Energy Corporation, through its other subsidiary, Wisconsin Power and Light Company (WPL), generates and distributes electricity, and distributes and transports natural gas to retail customers in Wisconsin; and sells electricity to wholesale customers in Wisconsin. It serves retail customers in the farming, agriculture, industrial manufacturing, chemical, packaging, and food industries, as well as wholesale customers comprising municipalities and rural electric cooperatives. In addition, the company owns and operates a short-line rail freight service in Iowa; a Mississippi River barge, rail, and truck freight terminal in Illinois; freight brokerage services; wind turbine blade recycling services; and a rail-served warehouse in Iowa. Further, it holds interests in a natural gas-fired electric generating unit near Sheboygan Falls, Wisconsin; and a wind farm located in Oklahoma. The company was formerly known as Interstate Energy Corp. and changed its name to Alliant Energy Corporation in May 1999. Alliant Energy Corporation was incorporated in 1981 and is headquartered in Madison, Wisconsin.",0.0002721450706749,21.4,8.5,Medium,None Controversy Level,USA,United States,66.7646656881949,0.312019243435194,0.647312557199093,2,10,0.39719626168224303,-0.335293313763899,1.4147346422796017,1,0.10822058499386406,0.4421087602450484,1.0,0.41329479768786126,0.765553795034871,0.8330978795677355,0.6326584865796248,Critical,3
NYQ,AVY,Avery Dennison Corporation,Avery Dennison Corporation,Consumer Cyclical,Packaging & Containers,188.13,15115568128,1416300032.0,0.041,Mentor,OH,United States,35000.0,"Avery Dennison Corporation operates as a materials science and digital identification solutions company in the United States, Europe, the Middle East, North Africa, Asia, Latin, America, and internationally. It provides pressure-sensitive materials comprising papers, plastic films, metal foils, and fabrics; performance tapes products, including tapes for wire harnessing, as well as cable wrapping for automotive, electrical, and general industrial applications; mechanical fasteners, which are precision-extruded and injection-molded plastic devices used in various automotive, general industrial, and retail applications; and other pressure-sensitive adhesive-based materials and converted products under the Fasson, JAC, Yongle, and Avery Dennison brands. The company also offers graphics and reflective products for the architectural, commercial sign, digital printing, and other related market segments; durable cast and reflective films to the construction, automotive, and fleet transportation market segments; reflective films for traffic and safety applications; and pressure-sensitive vinyl and specialty materials designed for digital imaging, screen printing, and sign cutting applications under the Avery Dennison and Mactac brand names. In addition, it provides branding solutions include brand embellishments, graphic tickets, tags, and labels, and sustainable packaging; and information solutions include item-level RFID, visibility and loss prevention, price ticketing and marking, productivity and media solutions, and brand protection and security solutions, as well as care, content, and country of origin compliance solutions. It serves home and personal care, apparel, e-commerce, logistics, food and grocery, pharmaceuticals, and automotive industries. The company was formerly known as Avery International Corporation and changed its name to Avery Dennison Corporation in 1990. Avery Dennison Corporation was founded in 1935 and is headquartered in Mentor, Ohio.",0.0002719481834883,16.1,11.4,Low,Low Controversy Level,USA,United States,66.7646656881949,0.312019243435194,0.647312557199093,1,2,0.7080745341614907,-0.335293313763899,1.0651270176326648,0,0.09369810118988867,0.4421087602450484,0.0,0.2601156069364162,0.765553795034871,0.8554950357184267,0.38894444496926023,Low,0
NYQ,BAX,Baxter International Inc.,Baxter International Inc.,Healthcare,Medical Instruments & Supplies,29.5,15062345728,2744000000.0,0.038,Deerfield,IL,United States,60000.0,"Baxter International Inc., through its subsidiaries, develops and provides a portfolio of healthcare products worldwide. The company operates through four segments: Medical Products and Therapies, Healthcare Systems and Technologies, Pharmaceuticals, and Kidney Care. The company offers sterile intravenous (IV) solutions; infusion systems and devices; parenteral nutrition therapies; generic injectable pharmaceuticals; surgical hemostat and sealant products, advanced surgical equipment; smart bed systems; patient monitoring and diagnostic technologies; and respiratory health devices, as well as advanced equipment for the surgical space, including surgical video technologies, precision positioning devices, and other accessories. It also provides administrative sets; adhesion prevention products; inhaled anesthesia; drug compounding; chronic and acute dialysis therapies and services, including peritoneal dialysis (PD), hemodialysis (HD), continuous renal replacement therapies (CRRT), and other organ support therapies. The company's products are used in hospitals, kidney dialysis centers, nursing homes, rehabilitation centers, ambulatory surgery centers, doctors' offices, and patients at home under physician supervision. The company sells its products through direct sales force, as well as through independent distributors, drug wholesalers, and specialty pharmacy or other alternate site providers in approximately 100 countries. It has an agreement with Celerity Pharmaceutical, LLC to develop acute care generic injectable premix and oncolytic products; and a collaborative research agreement with Miromatrix Medical Inc. aiming to advance care for patients with acute liver failure. Baxter International Inc. was incorporated in 1931 and is headquartered in Deerfield, Illinois.",0.0002709906452153,23.6,2.8,Medium,Significant Controversy Level,USA,United States,66.7646656881949,0.312019243435194,0.647312557199093,2,6,0.11864406779661016,-0.335293313763899,1.5668210268291087,0,0.1821761397296218,0.4421087602450484,0.0,0.476878612716763,0.765553795034871,0.7190406611204114,0.4403279092435628,Medium,1
NYQ,TPR,"Tapestry, Inc.","Tapestry, Inc.",Consumer Cyclical,Luxury Goods,64.15,14949259264,1439500032.0,-0.004,New York,NY,United States,12500.0,"Tapestry, Inc. provides luxury accessories and branded lifestyle products in North America, Greater China, rest of Asia, and internationally. The company operates in three segments: Coach, Kate Spade, and Stuart Weitzman. It offers women's handbags; and women's accessories, such as small leather goods which includes mini and micro handbags, money pieces, wristlets, pouches, and cosmetic cases, as well as novelty accessories including address books, time management and travel accessories, sketchbooks, and portfolios; and belts, key rings, and charms. The company also provides men products, which includes bag collections, such as business cases, computer bags, messenger-style bags, backpacks, and totes; small leather goods including wallets, card cases, travel organizers, and belts; and footwear, watches, fragrances, sunglasses, novelty accessories, and ready-to-wear items. In addition, it offers other products including women's footwear and fragrances; eyewear and sunglasses; and jewelry, such as bracelets, necklaces, rings, and earrings, watches, and other women's seasonal lifestyle apparel collections, including outerwear, ready-to-wear and cold weather accessories, such as gloves, scarves, and hats. Further, the company provides kids items, housewares, and home accessories, such as fashion bedding and tableware, stationery, and gifts. It offers its products through retail and outlet stores, brand e-commerce sites, and concession shop-in-shops, wholesale, and third-party distributors under the Coach, Kate Spade, and Stuart Weitzman brand names. The company was formerly known as Coach, Inc. and changed its name to Tapestry, Inc. in October 2017. Tapestry, Inc. was founded in 1941 and is headquartered in New York, New York.",0.0002689560767359,14.8,1.1,Low,Moderate Controversy Level,USA,United States,66.7646656881949,0.312019243435194,0.647312557199093,1,2,0.07432432432432433,-0.335293313763899,0.9900156080402299,0,0.09629239861178449,0.4421087602450484,0.0,0.2225433526011561,0.765553795034871,0.8514940063322806,0.3772726657300676,Low,0
NYQ,CF,"CF Industries Holdings, Inc.","CF Industries Holdings, Inc.",Basic Materials,Agricultural Inputs,84.98,14788219904,2651000064.0,0.076,Northbrook,IL,United States,2700.0,"CF Industries Holdings, Inc., together with its subsidiaries, engages in the manufacture and sale of hydrogen and nitrogen products for energy, fertilizer, emissions abatement, and other industrial activities in North America, Europe, and internationally. It operates through Ammonia, Granular Urea, UAN, AN, and Other segments. The company's principal products include anhydrous ammonia, granular urea, urea ammonium nitrate, and ammonium nitrate products. It also offers diesel exhaust fluid, urea liquor, nitric acid, and aqua ammonia products. The company primarily serves cooperatives, independent fertilizer distributors, traders, wholesalers, and industrial users. CF Industries Holdings, Inc. was founded in 1946 and is headquartered in Northbrook, Illinois.",0.0002660587750234,29.3,16.2,Medium,Low Controversy Level,USA,United States,66.7646656881949,0.312019243435194,0.647312557199093,2,0,0.552901023890785,-0.335293313763899,1.981306755661293,1,0.1792643118109802,0.4421087602450484,1.0,0.6416184971098267,0.765553795034871,0.7235313987557948,0.6901989483250202,Critical,3
NMS,FFIV,"F5, Inc.","F5, Inc.",Technology,Software - Infrastructure,252.25,14785608704,782097984.0,0.056,Seattle,WA,United States,,"F5, Inc. provides multicloud application security and delivery solutions in the United States, Europe, the Middle East, Africa, and the Asia Pacific region. The company's distributed cloud services enable its customers to deploy, secure, and operate applications in any architecture, from on-premises to the public cloud. It offers unified, security, networking, and application management solutions, such as web app and API protection; multi-cloud networking; application delivery and deployment; domain name system; content delivery network; and application deployment and orchestration. The company also provides application security and delivery products, including NGINX Plus; NGINX Management Suite; NGINX Ingress Controller; NGINX App Protect; BIG-IP Packaged Software; and BIG-IP Systems. In addition, it provides a range of professional services, including maintenance, consulting, training, and other technical support services. F5, Inc. sells its products to large enterprise businesses, public sector institutions, governments, and service providers through distributors, value-added resellers, managed service providers, systems integrators, and other indirect channel partners. It has partnerships with public cloud providers, such as Amazon Web Services, Microsoft Azure, and Google Cloud Platform. The company was formerly known as F5 Networks, Inc. and changed its name to F5, Inc. in November 2021. F5, Inc. was incorporated in 1996 and is headquartered in Seattle, Washington.",0.0002660117962337,17.1,4.1,Low,Low Controversy Level,USA,United States,66.7646656881949,0.312019243435194,0.647312557199093,1,9,0.239766081871345,-0.335293313763899,1.156529997670903,0,0.05289589354467472,0.4421087602450484,0.0,0.2890173410404625,0.765553795034871,0.9184218344849449,0.40390764507712595,Medium,1
NYQ,DPZ,Domino's Pizza Inc,"Domino's Pizza, Inc.",Consumer Cyclical,Restaurants,426.18,14716847104,921121024.0,0.031,Ann Arbor,MI,United States,6500.0,"Domino's Pizza, Inc., through its subsidiaries, operates as a pizza company in the United States and internationally. The company operates through three segments: U.S. Stores, International Franchise, and Supply Chain. It offers pizzas under the Domino's brand name through company-owned and franchised stores. It also provides oven-baked sandwiches, pastas, boneless chicken and chicken wings, breads and dips, desserts, and soft drink products, as well as loaded tots and pepperoni stuffed cheesy breads. Domino's Pizza, Inc. was founded in 1960 and is headquartered in Ann Arbor, Michigan.",0.0002647746881041,29.2,10.6,Medium,Moderate Controversy Level,USA,United States,66.7646656881949,0.312019243435194,0.647312557199093,2,2,0.363013698630137,-0.335293313763899,1.984120633560399,0,0.06258956266180422,0.4421087602450484,0.0,0.6387283236994219,0.765553795034871,0.9034718697392413,0.5073259434002435,High,2
NMS,AKAM,"Akamai Technologies, Inc.","Akamai Technologies, Inc.",Technology,Software - Infrastructure,95.89,14405267456,1118397952.0,0.041,Cambridge,MA,United States,10947.0,"Akamai Technologies, Inc. provides cloud computing, security, and content delivery services in the United States and internationally. The company offers cloud solutions to keep infrastructure, websites, applications, application programming interfaces, and users safe from various cyberattacks and online threats while enhancing performance. It also provides web and mobile performance solutions to enable dynamic websites and applications; media delivery solutions, including video streaming and video player services, game and software delivery, broadcast operations, authoritative domain name system, resolution, and data and analytics; and cloud computing services, such as compute, storage, networking, database, and container management services to build, deploy, and secure applications and workloads. In addition, the company offers content delivery solutions; and an array of service and support to assist customers with integrating, configuring, optimizing, and managing its offerings. It sells its solutions through various channel partners. Akamai Technologies, Inc. was incorporated in 1998 and is headquartered in Cambridge, Massachusetts.",0.00025916897626,17.0,3.0,Low,Low Controversy Level,USA,United States,66.7646656881949,0.312019243435194,0.647312557199093,1,9,0.17647058823529413,-0.335293313763899,1.18012387148836,0,0.0776381247634643,0.4421087602450484,0.0,0.2861271676300578,0.765553795034871,0.8802633745683265,0.39922474706234273,Medium,1
NYQ,RL,Ralph Lauren Corporation,Ralph Lauren Corporation,Consumer Cyclical,Apparel Manufacturing,230.28,14299996160,1059800000.0,0.057,New York,NY,United States,14800.0,"Ralph Lauren Corporation designs, markets, and distributes lifestyle products in North America, Europe, Asia, and internationally. The company offers apparel, including a range of men's, women's, and children's clothing; footwear and accessories, which comprise casual shoes, dress shoes, boots, sneakers, sandals, eyewear, watches, fashion and fine jewelry, scarves, hats, gloves, and umbrellas, as well as leather goods, such as handbags, luggage, small leather goods, and belts; home products consisting of bed and bath lines, furniture, fabric and wallcoverings, floor coverings, lighting, tabletop, kitchen linens, floor coverings, dining, decorative accessories, and giftware; and fragrances. It sells apparel and accessories under the Ralph Lauren Collection, Ralph Lauren Purple Label, Polo Ralph Lauren, Double RL, Lauren Ralph Lauren, Polo Golf Ralph Lauren, Ralph Lauren Golf, RLX Ralph Lauren, Polo Ralph Lauren Children, and Chaps brands; women's fragrances under the Ralph Lauren Collection, Woman by Ralph Lauren, Romance Collection, and Ralph Collection brand names; and men's fragrances under the Ralph's Club, Purple Label, Polo Blue, Polo Red, Polo Green, Polo Black, Polo 67, Safari, Polo Sport, and Big Pony Men's brand names. The company's restaurant collection includes The Polo Bar in New York City; RL Restaurant in Chicago; Ralph's in Paris; The Bar at Ralph Lauren located in Milan; Ralph's Bar located in Chengdu, China; and Ralph's Coffee concept. It sells its products to department stores, specialty stores, and golf and pro shops, as well as directly to consumers through its retail stores, concession-based shop-within-shops, and its digital commerce sites. The company directly operates retail stores and concession-based shop-within-shops; and operates Ralph Lauren stores and stores and shops through licensing partners. Ralph Lauren Corporation was founded in 1967 and is headquartered in New York, New York.",0.0002572750125348,14.6,1.2,Low,Moderate Controversy Level,USA,United States,66.7646656881949,0.312019243435194,0.647312557199093,1,2,0.0821917808219178,-0.335293313763899,1.0209792951440906,0,0.0741119080132676,0.4421087602450484,0.0,0.2167630057803468,0.765553795034871,0.885701647266122,0.378959325777209,Low,0
NYQ,TXT,Textron Inc.,Textron Inc.,Industrials,Aerospace & Defense,76.85,14256596992,1644999936.0,0.025,Providence,RI,United States,35000.0,"Textron Inc. operates in the aircraft, defense, industrial, and finance businesses worldwide. It operates through six segments: Textron Aviation, Bell, Textron Systems, Industrial, Textron eAviation, and Finance. The Textron Aviation segment manufactures, sells, and services business jets, turboprop and piston engine aircraft, and military trainer and defense aircraft; and offers maintenance, inspection, and repair services, as well as sells commercial parts. The Bell segment supplies military and commercial helicopters, tiltrotor aircrafts, and related spare parts and services. The Textron Systems segment offers unmanned aircraft systems, electronic systems and solutions, advanced marine crafts, piston aircraft engines, live military air-to-air and air-to-ship training, weapons and related components, and armored and specialty vehicles. The Industrial segment offers blow-molded solutions, including conventional plastic fuel tanks and pressurized fuel tanks for hybrid vehicle applications, clear-vision systems, plastic tanks for catalytic reduction systems, and battery housing systems for use in electric vehicles primarily to automobile original equipment manufacturers (OEMs); and golf cars, off-road utility vehicles, powersports products, light transportation vehicles, aviation ground support equipment, professional turf-maintenance equipment, and turf-care vehicles to golf courses and resorts, government agencies and municipalities, consumers, outdoor enthusiasts, and commercial and industrial users. The Textron eAviation segment manufactures and sells light aircraft and gliders with electric and combustion engines; and provides other research and development initiatives related to sustainable aviation solutions. The Finance segment offers financing services to purchase new and pre-owned aviation aircraft and Bell helicopters. Textron Inc. was founded in 1923 and is headquartered in Providence, Rhode Island.",0.0002564942066265,33.6,10.9,High,Moderate Controversy Level,USA,United States,66.7646656881949,0.312019243435194,0.647312557199093,3,7,0.3244047619047619,-0.335293313763899,2.3568036621119632,1,0.11538517480174837,0.4421087602450484,1.0,0.7658959537572255,0.765553795034871,0.8220483622228507,0.7373338816659456,Critical,3
NMS,SWKS,"Skyworks Solutions, Inc.","Skyworks Solutions, Inc.",Technology,Semiconductors,88.75,14192988160,1136199936.0,-0.159,Irvine,CA,United States,9750.0,"Skyworks Solutions, Inc., together with its subsidiaries, designs, develops, manufactures, and markets proprietary semiconductor products in the United States, China, South Korea, Taiwan, Europe, the Middle East, Africa, and the rest of Asia-Pacific. Its product portfolio includes amplifiers, antenna tuners, attenuators, automotive tuners and digital radios, DC/DC converters, demodulators, detectors, diodes, wireless analog system on chip products, directional couplers, diversity receive modules, filters, front-end modules, hybrids, light emitting diode drivers, low noise amplifiers, mixers, modulators, optocouplers/optoisolators, phase locked loops, phase shifters, power dividers/combiners, power over ethernet, power isolators, receivers, switches, synthesizers, timing devices, voltage controlled oscillators/synthesizers, and voltage regulators. The company products are the used in aerospace, automotive, broadband, cellular infrastructure, connected home, defense, entertainment and gaming, industrial, medical, military, smartphone, tablet, and wearable markets. It sells its products through direct sales force, electronic component distributors, and independent sales representatives. Skyworks Solutions, Inc. was founded in 1962 and is based in Irvine, California.",0.0002553498033086,28.0,11.8,Medium,Low Controversy Level,USA,United States,66.7646656881949,0.312019243435194,0.647312557199093,2,9,0.42142857142857143,-0.335293313763899,1.9728051404222406,0,0.0800536097960079,0.4421087602450484,0.0,0.6040462427745665,0.765553795034871,0.8765381168105091,0.4942279438299136,High,2
NYQ,APTV,Aptiv PLC,Aptiv PLC,Consumer Cyclical,Auto Parts,58.86,13834219520,3032999936.0,-0.051,Dublin,,Ireland,154000.0,"Aptiv PLC engages in design, manufacture, and sale of vehicle components in North America, Europe, Middle East, Africa, the Asia Pacific, South America, and internationally. The company provides electrical, electronic, and safety technology solutions to the automotive and commercial vehicle markets. It operates through two segments, Signal and Power Solutions, and Advanced Safety and User Experience. The Signal and Power Solutions segment designs, manufactures, and assembles vehicle's electrical architecture, including engineered component products, connectors, wiring assemblies and harnesses, cable management products, electrical centers, and hybrid high voltage and safety distribution systems. Its Advanced Safety and User Experience segment provides critical technologies and services for vehicle safety, security, comfort, and convenience, such as sensing and perception systems, electronic control units, multi-domain controllers, vehicle connectivity systems, application software, autonomous driving technologies, and end-to-end DevOps tools. The company was formerly known as Delphi Automotive PLC and changed its name to Aptiv PLC in December 2017. Aptiv PLC was incorporated in 2011 and is based in Dublin, Ireland.",0.0002488951018304,10.7,1.5,Low,Low Controversy Level,IRL,Ireland,64.2468917867885,0.315577264183443,0.600515099919212,1,2,0.14018691588785048,-0.28493783573576903,0.7734444277489678,0,0.21923896260394168,0.46799769474501884,0.0,0.10404624277456648,1.0,0.6618808913106276,0.3644013856496874,Low,0
NYQ,RVTY,"Revvity, Inc.","Revvity, Inc.",Healthcare,Diagnostics & Research,112.56,13698777088,788105984.0,0.02,Waltham,MA,United States,11000.0,"Revvity, Inc. provides health sciences solutions, technologies, and services in the Americas, Europe, and Asia, and internationally. The Life Sciences segment provides instruments, reagents, informatics, software, subscriptions, detection, imaging technologies, warranties, training, and services. Its Diagnostics segment provides instruments, reagents, assay platforms, and software products for the early detection of genetic disorders, such as pregnancy and early childhood, as well as infectious disease testing in the diagnostics market. Its products are used for testing and screening genetic abnormalities, disorders, and diseases, including down syndrome, hypothyroidism, muscular dystrophy, infertility, and various metabolic conditions. This segment also develops technologies that enable and support genomic workflows using protein coupled receptor and next-generation DNA sequencing for applications in oncology, immunodiagnostics, and drug discovery. It serves pharmaceutical and biotechnology companies, laboratories, academic and research institutions, public health authorities, private healthcare organizations, doctors, and government agencies under the AutoDELFIA, BACS-on-Beads, BIOCHIPs, Bioo Scientific,BoBs , chemagic, Chitas, DELFIA, DELFIA Xpress, DOPlify, EONIS, EUROArray, EUROIMMUN, EUROLabWorkstation, EUROLINE, EUROPattern, Evolution Evoya, explorer, Fontus, Genoglyphix, GSP, Haoyuan, IDS, IDS-i10 IDS-i10T, IDS-iSYS, iLab, iQ, JANUS, LabChip, LifeCycle, LimsLink, Migele, MultiPROBE, NEXTFLEX, NextPrep, Pannoramic, Panthera Puncher, PG-Seq, PGFind PKamp, PreNAT II, Prime, Protein Clear, ProteinEXact, QSigh, QuantiVac, RONIA, Sciclone, SimplicityChrom, Specimen Gate,Superflex, Symbio, T-SPOT, Touch, Twister, Vanadis, VariSpec, ViaCord VICTOR 2D, and Zephyr brand name. The company was formerly known as PerkinElmer, Inc. and changed its name to Revvity, Inc. in April 2023. Revvity, Inc. was founded in 1937 and is headquartered in Waltham, Massachusetts.",0.0002464583212186,16.7,0.8,Low,Moderate Controversy Level,USA,United States,66.7646656881949,0.312019243435194,0.647312557199093,1,6,0.04790419161676647,-0.335293313763899,1.2190869223376912,0,0.057531119671286095,0.4421087602450484,0.0,0.2774566473988439,0.765553795034871,0.911273203110809,0.3997245738472268,Medium,1
NMS,REG,Regency Centers Corporation,Regency Centers Corporation,Real Estate,REIT - Retail,73.8,13476028416,917937984.0,0.089,Jacksonville,FL,United States,492.0,"Regency Centers is a preeminent national owner, operator, and developer of shopping centers located in suburban trade areas with compelling demographics. Our portfolio includes thriving properties merchandised with highly productive grocers, restaurants, service providers, and best-in-class retailers that connect to their neighborhoods, communities, and customers. Operating as a fully integrated real estate company, Regency Centers is a qualified real estate investment trust (REIT) that is self-administered, self-managed, and an S&P 500 Index member.",0.000242450790955,11.7,3.7,Low,None Controversy Level,USA,United States,66.7646656881949,0.312019243435194,0.647312557199093,1,8,0.3162393162393163,-0.335293313763899,0.8682083206435411,0,0.06811635859346647,0.4421087602450484,0.0,0.1329479768786127,0.765553795034871,0.8949482237042181,0.3547394747504984,Low,0
NMS,INCY,Incyte Corporation,Incyte Corporation,Healthcare,Biotechnology,68.84,13262025728,80491000.0,0.238,Wilmington,DE,United States,2524.0,"Incyte Corporation, a biopharmaceutical company, engages in the discovery, development, and commercialization of therapeutics for hematology/oncology, and inflammation and autoimmunity areas in the United States and internationally. The company offers JAKAFI (ruxolitinib) for treatment of intermediate or high-risk myelofibrosis, polycythemia vera, and steroid-refractory acute graft-versus-host disease; MONJUVI (tafasitamab-cxix)/MINJUVI (tafasitamab) for relapsed or refractory diffuse large B-cell lymphoma; PEMAZYRE (pemigatinib), a fibroblast growth factor receptor kinase inhibitor that act as oncogenic drivers in liquid and solid tumor types; ICLUSIG (ponatinib) to treat chronic myeloid leukemia and Philadelphia-chromosome positive acute lymphoblastic leukemia; and ZYNYZ (retifanlimab-dlwr) to treat adults with metastatic or recurrent locally advanced Merkel cell carcinoma, as well as OPZELURA cream for treatment of atopic dermatitis. Its clinical stage products include retifanlimab under Phase 3 clinical trials for squamous cell carcinoma of the anal canal and non-small cell lung cancer; axatilimab, an anti-CSF-1R monoclonal antibody under Phase 2 that is being developed as a therapy for patients with chronic GVHD; INCA033989 to inhibit oncogenesis; INCB160058, which is being developed as a disease-modifying therapeutic; and INCB99280 and INCB99318 for the treatment solid tumors. The company also develops INCB123667, INCA32459, and INCA33890, as well as Ruxolitinib cream, Povorcitinib, and INCA034460. It has collaboration out-license agreements with Novartis and Lilly; in-license agreements with Agenus, Merus, MacroGenics, and Syndax; and collaboration and license agreement with China Medical System Holdings Limited for the development and commercialization of povorcitinib. The company sells its products to specialty, retail, and hospital pharmacies, distributors, and wholesalers. The company was formerly known as Incyte Genomics Inc and changed its name to Incyte Corporation in March 2003. Incyte Corporation was incorporated in 1991 and is headquartered in Wilmington, Delaware.",0.0002386006120024,24.8,1.1,Medium,Low Controversy Level,USA,United States,66.7646656881949,0.312019243435194,0.647312557199093,2,6,0.04435483870967742,-0.335293313763899,1.8700008964422363,0,0.006069283957884356,0.4421087602450484,0.0,0.5115606936416185,0.765553795034871,0.9906397072041898,0.47789243812939725,High,2
NYQ,BXP,"BXP, Inc.","BXP, Inc.",Real Estate,REIT - Office,74.64,13164555264,1870726016.0,0.037,Boston,MA,United States,836.0,"BXP, Inc. (NYSE: BXP) is the largest publicly traded developer, owner, and manager of premier workplaces in the United States, concentrated in six dynamic gateway markets - Boston, Los Angeles, New York, San Francisco, Seattle, and Washington, DC. BXP has delivered places that power progress for our clients and communities for more than 50 years. BXP is a fully integrated real estate company, organized as a real estate investment trust (REIT). Including properties owned by unconsolidated joint ventures, BXP's portfolio totals 53.0 million square feet and 184 properties, including 9 properties under construction/redevelopment.",0.0002368469951086,12.5,2.5,Low,Low Controversy Level,USA,United States,66.7646656881949,0.312019243435194,0.647312557199093,1,8,0.2,-0.335293313763899,0.9495193532426193,0,0.14210324454451695,0.4421087602450484,0.0,0.15606936416184974,0.765553795034871,0.7808426850018485,0.3502653370652325,Low,0
NYQ,KMX,CarMax Inc,"CarMax, Inc.",Consumer Cyclical,Auto & Truck Dealerships,84.27,12969826304,926968000.0,-0.002,Richmond,VA,United States,30000.0,"CarMax, Inc., through its subsidiaries, operates as a retailer of used vehicles and related products in the United States. It operates in two segments: CarMax Sales Operations and CarMax Auto Finance. The CarMax Sales Operations segment offers customers a range of makes and models of used vehicles, including domestic, imported, and luxury vehicles, as well as hybrid and electric vehicles; used vehicle auctions; extended protection plans to customers at the time of sale; and reconditioning and vehicle repair services. The CarMax Auto Finance segment provides financing alternatives for retail customers across a range of credit spectrum and arrangements with various financial institutions. The company was founded in 1993 and is based in Richmond, Virginia.",0.0002333435748934,12.1,0.1,Low,Moderate Controversy Level,USA,United States,66.7646656881949,0.312019243435194,0.647312557199093,1,2,0.008264462809917356,-0.335293313763899,0.9329346219747184,0,0.07147111906302982,0.4421087602450484,0.0,0.1445086705202312,0.765553795034871,0.8897743777492715,0.35769029824748927,Low,0
NYQ,CAG,"ConAgra Brands, Inc.","Conagra Brands, Inc.",Consumer Defensive,Packaged Foods,27.11,12940145664,2239500032.0,-0.038,Chicago,IL,United States,18500.0,"Conagra Brands, Inc., together with its subsidiaries, operates as a consumer packaged goods food company primarily in the United States. The company operates through four segments: Grocery & Snacks, Refrigerated & Frozen, International, and Foodservice. The Grocery & Snacks segment primarily offers shelf stable food products through various retail channels. The Refrigerated & Frozen segment provides temperature-controlled food products through various retail channels. The International segment offers food products in various temperature states through retail and foodservice channels outside of the United States. The Foodservice segment offers branded and customized food products, including meals, entrees, sauces, and various custom-manufactured culinary products packaged for restaurants and other foodservice establishments. The company sells its products under the Birds Eye, Marie Callender's, Duncan Hines, Healthy Choice, Slim Jim, Reddi-wip, Angie's, BOOMCHICKAPOP brands. The company was incorporated in 1919 and is headquartered in Chicago, Illinois.",0.0002328095826501,30.8,10.7,High,Moderate Controversy Level,USA,United States,66.7646656881949,0.312019243435194,0.647312557199093,3,3,0.3474025974025974,-0.335293313763899,2.380189589803987,0,0.1730660604718213,0.4421087602450484,0.0,0.684971098265896,0.765553795034871,0.7330905902121743,0.5041606478174789,High,2
NMS,HST,"Host Hotels & Resorts, Inc.","Host Hotels & Resorts, Inc.",Real Estate,REIT - Hotel & Motel,18.2,12895228928,1515000064.0,0.092,Bethesda,MD,United States,163.0,"Host Hotels & Resorts, Inc. is an S&P 500 company and is the largest lodging real estate investment trust and one of the largest owners of luxury and upper-upscale hotels. The Company currently owns 76 properties in the United States and five properties internationally totaling approximately 43,400 rooms. The Company also holds non-controlling interests in seven domestic and one international joint ventures. Guided by a disciplined approach to capital allocation and aggressive asset management, the Company partners with premium brands such as Marriott, Ritz-Carlton, Westin, Sheraton, W, St. Regis, The Luxury Collection, Hyatt, Fairmont, 1 Hotels, Hilton, Four Seasons, Swissôtel, ibis and Novotel, as well as independent brands.",0.0002320014737745,13.4,3.3,Low,Low Controversy Level,USA,United States,66.7646656881949,0.312019243435194,0.647312557199093,1,8,0.2462686567164179,-0.335293313763899,1.039144017901378,0,0.11748531743476155,0.4421087602450484,0.0,0.18208092485549138,0.765553795034871,0.8188094381431115,0.3618654805874513,Low,0
NMS,JKHY,"Jack Henry & Associates, Inc.","Jack Henry & Associates, Inc.",Technology,Information Technology Services,176.74,12894826496,571171968.0,0.052,Monett,MO,United States,7170.0,"Jack Henry & Associates, Inc., a financial technology company that connects people and financial institutions through technology solutions and payment processing services that reduce the barriers to financial health. It operates through four segments: Core, Payments, Complementary, and Corporate and Other. The Core segment provides core information processing platforms to banks and credit unions, which consist of integrated applications required to process deposit, loan, and general ledger transactions, and maintain centralized customer/member information. The Payments segment provides secure payment processing tools and services, including ATM, debit, and credit card processing services, online and mobile bill pay solutions, ACH origination and remote deposit capture processing, and risk management products and svervices. The Complementary segment provides additional software, hosted processing platforms, and services, including digital/mobile banking, treasury services, online account opening, fraud/anti-money laundering, and lending/deposit solutions. The Corporate and Other segment offers hardware and other products. The company offers specialized financial performance, imaging and payments processing, information security and risk management, retail delivery, and online and mobile solutions to financial services organizations and corporate entities. Its core banking platform offerings include SilverLake system, CIF 20/20, and Core Director, as well as core credit union platform under the Symitar name. In addition, the company provides digital products and services and electronic payment solutions; hardware systems; implementation, training, and support services; and software licensing and related services, as well as professional services, and data centers. Jack Henry & Associates, Inc. was founded in 1976 and is headquartered in Monett, Missouri.",0.000231994233514,18.7,4.3,Low,None Controversy Level,USA,United States,66.7646656881949,0.312019243435194,0.647312557199093,1,9,0.22994652406417113,-0.335293313763899,1.450193998794848,0,0.04429466097718947,0.4421087602450484,0.0,0.33526011560693636,0.765553795034871,0.9316869998314982,0.41910699398172346,Medium,1
NYQ,SWK,"Stanley Black & Decker, Inc.","Stanley Black & Decker, Inc.",Industrials,Tools & Accessories,82.0,12641447936,1663699968.0,-0.051,New Britain,CT,United States,50500.0,"Stanley Black & Decker, Inc. provides hand tools, power tools, outdoor products, and related accessories in the United States, Canada, Other Americas, Europe, and Asia. Its Tools & Outdoor segment offers professional grade corded and cordless electric power tools and equipment, including drills, impact wrenches and drivers, grinders, saws, routers, and sanders; pneumatic tools and fasteners, such as nail guns, nails, staplers and staples, and concrete and masonry anchors; corded and cordless electric power tools; hand-held vacuums, paint tools, and cleaning appliances; leveling and layout tools, planes, hammers, demolition tools, clamps, vises, knives, saws, chisels, and industrial and automotive tools; drill, screwdriver, router bits, abrasives, saw blades, and threading products; tool boxes, sawhorses, medical cabinets, and engineered storage solutions; and electric and gas-powered lawn and garden products. This segment sells its products under the DEWALT, CRAFTSMAN, CUB ADET, BLACK+DECKER, and HUSTLER brands through retailers, third-party distributors, independent dealers, and a direct sales force. The company's Industrial segment provides threaded fasteners, blind rivets and tools, blind inserts and tools, drawn arc weld studs and systems, engineered plastic and mechanical fasteners, self-piercing riveting systems, precision nut running systems, micro fasteners, high-strength structural fasteners, axel swage, latches, heat shields, pins, couplings, fitting, and other engineered products; and attachments used on excavators and handheld tools. This segment sells its products through direct sales force and third-party distributors to the automotive, manufacturing, electronics, construction, aerospace, and other industries. The company was formerly known as The Stanley Works and changed its name to Stanley Black & Decker, Inc. in March 2010. Stanley Black & Decker, Inc. was founded in 1843 and is headquartered in New Britain, Connecticut.",0.0002274356328353,25.3,5.0,Medium,Moderate Controversy Level,USA,United States,66.7646656881949,0.312019243435194,0.647312557199093,2,7,0.1976284584980237,-0.335293313763899,2.0013530196925693,1,0.1316067571074795,0.4421087602450484,1.0,0.5260115606936416,0.765553795034871,0.7970307883135382,0.6628668063559391,Critical,3
NYQ,DVA,DaVita Inc.,DaVita Inc.,Healthcare,Medical Care Facilities,151.85,12455345152,2657765120.0,0.046,Denver,CO,United States,70000.0,"DaVita Inc. provides kidney dialysis services for patients suffering from chronic kidney failure in the United States. The company operates kidney dialysis centers and provides related lab services in outpatient dialysis centers. It also offers outpatient, hospital inpatient, and home-based hemodialysis services; operates clinical laboratories that provide routine laboratory tests for dialysis and other physician-prescribed laboratory tests for ESRD patients; and management and administrative services to outpatient dialysis centers. In addition, the company offers integrated care and disease management services to patients in risk-based and other integrated care arrangements; clinical research programs; physician services; and comprehensive kidney care services. Further, it engages in the provision of acute inpatient dialysis services and related laboratory services; and transplant software business. The company was formerly known as DaVita HealthCare Partners Inc. and changed its name to DaVita Inc. in September 2016. DaVita Inc. was incorporated in 1994 and is headquartered in Denver, Colorado.",0.0002240874084337,22.6,0.1,Medium,Moderate Controversy Level,USA,United States,66.7646656881949,0.312019243435194,0.647312557199093,2,6,0.004424778761061947,-0.335293313763899,1.8144820335525618,0,0.21338349821427735,0.4421087602450484,0.0,0.44797687861271684,0.765553795034871,0.6709114230048149,0.42684446520078934,Medium,1
NMS,CPB,The Campbell's Company,The Campbell's Company,Consumer Defensive,Packaged Foods,41.5,12371523584,1783000064.0,0.109,Camden,NJ,United States,14400.0,"The Campbell's Company, together with its subsidiaries, manufactures and markets food and beverage products in the United States and internationally. The company operates through Meals & Beverages and Snacks segments. The Meals & Beverages segment engages in the retail and foodservice businesses in the United States and Canada. This segment provides Campbell's condensed and ready-to-serve soups; Swanson broth and stocks; Pacific Foods broth, soups, and non-dairy beverages; Prego pasta sauces; Pace Mexican sauces; Campbell's gravies, pasta, beans, and dinner sauces; Swanson canned poultry; V8 juices and beverages; Campbell's tomato juice; Rao's pasta sauces, dry pasta, frozen entrées, frozen pizza and soups; Michael Angelo's frozen entrées and pasta sauces; and noosa yogurts, as well as snacking products in foodservice in Canada. The Snacks segment retails Pepperidge Farm cookies, crackers, fresh bakery, and frozen products, that includes Goldfish crackers, Snyder's of Hanover pretzels, Lance sandwich crackers, Cape Cod and Kettle Brand potato chips, Late July snacks, Snack Factory pretzel crisps, and other snacking products. This segment is also involved in the retail business in Latin America. It sells its products through retail food chains, mass discounters and merchandisers, club stores, convenience stores, drug stores, and dollar stores, as well as e-commerce and other retail, commercial, and non-commercial establishments, and independent contractor distributors. The company was formerly known as Campbell Soup Company and changed its name to The Campbell's Company in November 2024. The company was founded in 1869 and is headquartered in Camden, New Jersey.",0.0002225793524373,23.5,10.9,Medium,Moderate Controversy Level,USA,United States,66.7646656881949,0.312019243435194,0.647312557199093,2,3,0.46382978723404256,-0.335293313763899,1.8995235178949483,0,0.1441213001691999,0.4421087602450484,0.0,0.47398843930635837,0.765553795034871,0.7777303587939561,0.44532982698779583,High,2
NMS,CHRW,"C.H. Robinson Worldwide, Inc.","C.H. Robinson Worldwide, Inc.",Industrials,Integrated Freight & Logistics,104.34,12333509632,673996992.0,0.07,Eden Prairie,MN,United States,14537.0,"C.H. Robinson Worldwide, Inc., together with its subsidiaries, provides freight transportation services, and related logistics and supply chain services in the United States and internationally. It operates through two segments: North American Surface Transportation and Global Forwarding. The company offers transportation and logistics services, such as truckload, less than truckload transportation brokerage services, which include the shipment of single or multiple pallets of freight; intermodal transportation that comprises the shipment service of freight in containers or trailers by a combination of truck and rail; and non-vessel operating common carrier and freight forwarding services, as well as organizes air shipments and provides door-to-door services. It also provides customs brokerage services; and other logistics services, such as fee-based managed, warehousing, small parcel, and other services. It has contractual relationships with approximately 45,000 transportation companies, including motor carriers, railroads, and ocean and air carriers. In addition, the company is involved in the buying, selling, and/or marketing of fresh fruits, vegetables, and other value-added perishable items under the Robinson Fresh brand name. Further, the company offers transportation management services or managed TMS; and other surface transportation services. It provides its fresh produce to grocery retailers, restaurants, produce wholesalers, and foodservice distributors through a network of independent produce growers and suppliers. The company was founded in 1905 and is headquartered in Eden Prairie, Minnesota.",0.0002218954333741,19.3,4.7,Low,Low Controversy Level,USA,United States,66.7646656881949,0.312019243435194,0.647312557199093,1,7,0.24352331606217617,-0.335293313763899,1.5648424962449488,1,0.05464762359703973,0.4421087602450484,1.0,0.35260115606936415,0.765553795034871,0.9157202462410703,0.622712630761409,Critical,3
NYQ,JNPR,"Juniper Networks, Inc.","Juniper Networks, Inc.",Technology,Communication Equipment,37.24,12329754624,498500000.0,-0.048,Sunnyvale,CA,United States,11144.0,"Juniper Networks, Inc. designs, develops, and sells network products and services worldwide. The company offers routing products, such as ACX series universal access routers to deploy high-bandwidth services; MX series Ethernet routers that function as a universal edge platform; PTX series packet transport routers; wide-area network SDN controllers; and session smart routers. It also provides switching products, including EX series Ethernet switches to address the access, aggregation, and core layer switching requirements of micro branch, branch office, and campus environments; QFX series of core, spine, and top-of-rack data center switches; and juniper access points, which provide Wi-Fi access and performance. In addition, the company offers security products comprising SRX series services gateways for the data center; Branch SRX family provides an integrated and next-generation firewall; virtual firewall that delivers various features of physical firewalls; and advanced malware protection, a cloud-based service and Juniper ATP. Further, it offers Junos OS, a network operating system; Contrail networking, which provides an open-source and standards-based platform for SDN; Mist AI-driven Wired, Wireless, and WAN assurance solutions to set and measure key metrics; Mist AI-driven Marvis Virtual Network Assistant, which identifies the root cause of issues; Juniper Paragon Automation, a modular portfolio of cloud-native software applications; and Juniper Apstra to automate the network lifecycle in a single system. Additionally, the company provides software-as-a-service, technical support, maintenance, and professional services, as well as education and training programs. It sells its products through direct sales, distributors, value-added resellers, and original equipment manufacturers to end-users in the cloud, service provider, and enterprise markets. The company was incorporated in 1996 and is headquartered in Sunnyvale, California.",0.0002218278760321,14.8,1.8,Low,Low Controversy Level,USA,United States,66.7646656881949,0.312019243435194,0.647312557199093,1,9,0.12162162162162161,-0.335293313763899,1.200348299810577,0,0.040430650503754904,0.4421087602450484,0.0,0.2225433526011561,0.765553795034871,0.9376462315379732,0.3858878882506369,Low,0
NYQ,CPT,Camden Property Trust,Camden Property Trust,Real Estate,REIT - Residential,114.91,12258713600,893276992.0,-0.005,Houston,TX,United States,1640.0,"Camden Property Trust, an S&P 500 Company, is a real estate company primarily engaged in the ownership, management, development, redevelopment, acquisition, and construction of multifamily apartment communities. Camden owns and operates 172 properties containing 58,250 apartment homes across the United States. Upon completion of 5 properties currently under development, the Company's portfolio will increase to 59,996 apartment homes in 177 properties. Camden has been recognized as one of the 100 Best Companies to Work For by FORTUNE magazine for 17 consecutive years, most recently ranking #24.",0.0002205497581826,16.1,4.0,Low,Low Controversy Level,USA,United States,66.7646656881949,0.312019243435194,0.647312557199093,1,8,0.24844720496894407,-0.335293313763899,1.313351508595486,0,0.07286873820104582,0.4421087602450484,0.0,0.2601156069364162,0.765553795034871,0.8876189135397146,0.392156832751389,Low,0
NYQ,TAP,Molson Coors Beverage Company,Molson Coors Beverage Company,Consumer Defensive,Beverages - Brewers,59.34,12231042048,2418400000.0,-0.078,Golden,CO,United States,16500.0,"Molson Coors Beverage Company manufactures, markets, and sells beer and other malt beverage products under various brands in the Americas, Europe, the Middle East, Africa, and the Asia Pacific. The company offers flavored malt beverages including hard seltzers, craft, spirits and energy, and ready to drink beverages. It provides its products under Aspall Cider, Blue Moon, Coors Original, Five Trail, Hop Valley brands, Leinenkugel's, Madri, Miller Genuine Draft, Molson Ultra, Sharp's, Staropramen, and Vizzy Hard Seltzer above premier brands; Bergenbier, Borsodi, Carling, Coors Banquet, Coors Light, Jelen, Kamenitza, Miller Lite, Molson Canadian, and Niksicko, Ozujsko under the premium brands; and Branik, Icehouse, Keystone, Miller High Life, Milwaukee's Best, and Steel Reserve under the economy brands. The company was formerly known as Molson Coors Brewing Company and changed its name to Molson Coors Beverage Company in January 2020. Molson Coors Beverage Company was founded in 1774 and is based in Golden, Colorado.",0.0002200519119729,21.4,7.3,Medium,Moderate Controversy Level,USA,United States,66.7646656881949,0.312019243435194,0.647312557199093,2,3,0.34112149532710284,-0.335293313763899,1.7496465073063248,0,0.1977264071621316,0.4421087602450484,0.0,0.41329479768786126,0.765553795034871,0.6950584158948674,0.41885454021233787,Medium,1
NMS,NDSN,Nordson Corporation,Nordson Corporation,Industrials,Specialty Industrial Machinery,209.73,11957965824,818784000.0,0.02,Westlake,OH,United States,7700.0,"Nordson Corporation engineers, manufactures, and markets products and systems to dispense, apply, and control adhesives, coatings, polymers, sealants, biomaterials, and other fluids worldwide. It operates through three segments: Industrial Precision Solutions; Medical and Fluid Solutions; and Advanced Technology Solutions. The Industrial Precision Solutions segment provides dispensing, coating, and laminating systems for adhesives, lotions, liquids, and fibers to disposable products and roll goods; automated adhesive dispensing systems used in packaged goods industries; components and systems used in the thermoplastic and biopolymer melt stream; precision agriculture spraying solutions; fluid components, such as nozzles, pumps, and filters; and product assembly systems for use in paper and paperboard converting applications, and manufacturing roll goods. It also offers automated and manual dispensing products and systems for cold materials, container coating, liquid finishing, and powder coating, as well as ultraviolet equipment used primarily in curing and drying operations. The Medical and Fluid Solutions segment offers medical devices, including cannulas, catheters, and medical balloons; single-use plastic components; precision manual and semi-automated dispensers; minimally invasive interventional delivery devices; and plastic molded syringes, cartridges, tips, and fluid connection components. The Advanced Technology Solutions segment provides automated dispensing systems for the attachment, protection, and coating of fluids, as well as related gas plasma treatment systems for cleaning and conditioning surfaces; and bond testing and automated optical, acoustic microscopy, and x-ray inspection systems for use in semiconductor and printed circuit board industries. The company markets its products through direct sales force, as well as distributors and sales representatives. Nordson Corporation was founded in 1909 and is headquartered in Westlake, Ohio.",0.0002151389254122,24.9,8.2,Medium,Low Controversy Level,USA,United States,66.7646656881949,0.312019243435194,0.647312557199093,2,7,0.3293172690763052,-0.335293313763899,2.0822939592305025,1,0.06847184647046538,0.4421087602450484,1.0,0.514450867052023,0.765553795034871,0.8943999760629543,0.6691355170383951,Critical,3
NYQ,UHS,"Universal Health Services, Inc.","Universal Health Services, Inc.",Healthcare,Medical Care Facilities,180.11,11881064448,2124051968.0,0.112,King of Prussia,PA,United States,96700.0,"Universal Health Services, Inc., through its subsidiaries, owns and operates acute care hospitals, and outpatient and behavioral health care facilities. It operates through Acute Care Hospital Services and Behavioral Health Care Services segments. The company's hospitals offer general and specialty surgery, internal medicine, obstetrics, emergency room care, radiology, oncology, diagnostic and coronary care, pediatric services, pharmacy services, and/or behavioral health services. It also provides commercial health insurance services; and various management services, which include central purchasing, information, finance and control systems, facilities planning, physician recruitment, administrative personnel management, marketing, and public relations services. Universal Health Services, Inc. founded in 1978 and is headquartered in King of Prussia, Pennsylvania.",0.00021375537242,33.0,3.7,High,Significant Controversy Level,USA,United States,66.7646656881949,0.312019243435194,0.647312557199093,3,6,0.11212121212121212,-0.335293313763899,2.7775289111873356,0,0.1787762348480108,0.4421087602450484,0.0,0.7485549132947977,0.765553795034871,0.72428413059566,0.5223551463644981,High,2
NYQ,NCLH,Norwegian Cruise Line Holdings ,Norwegian Cruise Line Holdings Ltd.,Consumer Cyclical,Travel Services,26.91,11832542208,2335180032.0,0.107,Miami,FL,United States,41000.0,"Norwegian Cruise Line Holdings Ltd., together with its subsidiaries, operates as a cruise company in North America, Europe, the Asia-Pacific, and internationally. The company operates through the Norwegian Cruise Line, Oceania Cruises, and Regent Seven Seas Cruises brands. It offers itineraries ranging from three days to a 180-days calling on various ports, including Scandinavia, Northern Europe, the Mediterranean, the Greek Isles, Alaska, Canada and New England, Hawaii, Asia, Tahiti and the South Pacific, Australia and New Zealand, Africa, India, South America, the Panama Canal, and the Caribbean. It distributes its products through retail/travel advisor and onboard cruise sales channels, as well as meetings, incentives, and charters. Norwegian Cruise Line Holdings Ltd. was founded in 1966 and is based in Miami, Florida.",0.0002128823959685,25.9,9.0,Medium,Moderate Controversy Level,USA,United States,66.7646656881949,0.312019243435194,0.647312557199093,2,2,0.3474903474903475,-0.335293313763899,2.188878733302888,0,0.19735235175592117,0.4421087602450484,0.0,0.5433526011560693,0.765553795034871,0.6956352991233143,0.45792956957564496,High,2
NYQ,SJM,The J.M. Smucker Company,The J. M. Smucker Company,Consumer Defensive,Packaged Foods,109.89,11694054400,1977900032.0,0.177,Orrville,OH,United States,9000.0,"The J. M. Smucker Company manufactures and markets branded food and beverage products worldwide. It operates in four segments: U.S. Retail Coffee, U.S. Retail Frozen Handheld and Spreads, U.S. Retail Pet Foods, and Sweet Baked Snacks. The company offers coffee, pet snacks, peanut butter, cat food, frozen handheld products, sweet baked goods, fruit and specialty spreads, portion control products, baking mixes and ingredients, toppings and syrups, dog food, cookies, frozen sandwiches and snacks, hot beverages, frozen handheld products, and flour. It provides its products under the Folgers, Café Bustelo, Dunkin', Jif, Smucker's, Smucker's Uncrustables, Meow Mix, Milk-Bone, Pup-Peroni, Canine Carry Outs, Hostess, Voortman, 1850, Robin Hood, and Five Roses brands. The company sells its products through direct sales and brokers to food retailers, club stores, discount and dollar stores, online retailers, pet specialty stores, distributors, drug stores, military commissaries, mass merchandisers, supermarket chains, national mass retailers, convenience stores, vending channels, and foodservice distributors and operators. The J. M. Smucker Company was founded in 1897 and is headquartered in Orrville, Ohio.",0.0002103908251918,30.5,12.9,High,Moderate Controversy Level,USA,United States,66.7646656881949,0.312019243435194,0.647312557199093,3,3,0.42295081967213116,-0.335293313763899,2.608162999481172,0,0.16913723541426318,0.4421087602450484,0.0,0.6763005780346821,0.765553795034871,0.7391497815661209,0.5021654108835094,High,2
NYQ,ALLE,Allegion plc,Allegion plc,Industrials,Security & Protection Services,132.18,11490313216,888400000.0,0.054,Dublin,,Ireland,12200.0,"Allegion plc manufactures and sells mechanical and electronic security products and solutions worldwide. The company offers door controls and systems and exit devices; locks, locksets, portable locks, and key systems and services; electronic security products and access control systems; time, attendance, and workforce productivity systems; doors, accessories, and other. It also provides services and software, which includes inspection, maintenance, and repair services for its automatic entrance solutions; and software as a service, including access control, IoT integration, and workforce management solutions, as well as aftermarket services, design and installation offerings, and locksmith services. The company sells its products and solutions to end-users in commercial, institutional, and residential facilities, including education, healthcare, government, hospitality, retail, commercial office, and single and multi-family residential markets under the CISA, Interflex, LCN, Schlage, SimonsVoss, and Von Duprin brands. It sells its products and solutions through distribution and retail channels, such as specialty distribution, e-commerce, and wholesalers, as well as through various retail channels comprising do-it-yourself home improvement centers, online and e-commerce platforms, and small specialty showroom outlets. Allegion plc was incorporated in 2013 and is headquartered in Dublin, Ireland.",0.0002067252636713,21.8,10.9,Medium,None Controversy Level,IRL,Ireland,64.2468917867885,0.315577264183443,0.600515099919212,2,7,0.5,-0.28493783573576903,1.897250282929102,1,0.07731730052083552,0.46799769474501884,1.0,0.42485549132947975,1.0,0.8807581625643797,0.6825318873415367,Critical,3
NYQ,BG,Bunge Limited,Bunge Global SA,Consumer Defensive,Farm Products,79.1,11044496384,2486000128.0,-0.093,Chesterfield,MO,United States,23000.0,"Bunge Global SA operates as an agribusiness and food company worldwide. It operates through four segments: Agribusiness, Refined and Specialty Oils, Milling, and Sugar and Bioenergy. The Agribusiness segment purchases, stores, transports, processes, and sells agricultural commodities and commodity products, including oilseeds primarily soybeans, rapeseed, canola, and sunflower seeds, as well as grains comprising wheat and corn; and processes oilseeds into vegetable oils and protein meals. This segment offers its products for animal feed manufacturers, livestock producers, wheat and corn millers, and other oilseed processors, as well as third-party edible oil processing and biofuel companies for biofuel production applications. The Refined and Specialty Oils segment sells packaged and bulk oils and fats that comprise cooking oils, shortenings, margarines, mayonnaise, renewable diesel feedstocks, and other products for baked goods companies, snack food producers, confectioners, restaurant chains, foodservice operators, infant nutrition companies, and other food manufacturers, as well as grocery chains, wholesalers, distributors, and other retailers. This segment also refines and fractionates palm oil, palm kernel oil, coconut oil, and shea butter, and olive oil; and produces specialty ingredients derived from vegetable oils, such as lecithin. The Milling segment provides wheat flours and bakery mixes; corn milling products that comprise dry-milled corn meals and flours, wet-milled masa and flours, and flaking and brewer's grits, as well as soy-fortified corn meal, corn-soy blends, and other products; whole grain and fiber ingredients; die-cut pellets; and non-GMO products. The Sugar and Bioenergy segment produces sugar and ethanol; and generates electricity from burning sugarcane bagasse. Bunge Global SA was founded in 1818 and is headquartered in Chesterfield, Missouri.",0.000198704455151,32.9,14.4,High,Significant Controversy Level,USA,United States,66.7646656881949,0.312019243435194,0.647312557199093,3,3,0.4376899696048632,-0.335293313763899,2.978859230526957,0,0.22508949630346495,0.4421087602450484,0.0,0.745664739884393,0.765553795034871,0.6528579639242507,0.5143454776742357,High,2
NYQ,AIZ,"Assurant, Inc.","Assurant, Inc.",Financial Services,Insurance - Property & Casualty,212.27,10886776832,1241900032.0,0.07,Atlanta,GA,United States,13600.0,"Assurant, Inc., together with its subsidiaries, provides business services that supports, protects, and connects consumer purchases in North America, Latin America, Europe, and the Asia Pacific. The company operates through two segments: Global Lifestyle and Global Housing. The Global Lifestyle segment offers mobile device solutions, and extended service contracts and related services for consumer electronics and appliances, and credit and other insurance products; and vehicle protection, commercial equipment, and other related services. The Global Housing segment provides lender-placed homeowners, manufactured housing, and flood insurance; renters insurance and related products; and voluntary manufactured housing, and condominium and homeowners insurance products. The company was formerly known as Fortis, Inc. and changed its name to Assurant, Inc. in February 2004. Assurant, Inc. was founded in 1892 and is headquartered in Atlanta, Georgia.",0.0001958668809822,24.1,1.6,Medium,Moderate Controversy Level,USA,United States,66.7646656881949,0.312019243435194,0.647312557199093,2,5,0.06639004149377593,-0.335293313763899,2.213694684101705,0,0.1140741700839891,0.4421087602450484,0.0,0.49132947976878616,0.765553795034871,0.8240702462045639,0.455166127867585,High,2
NYQ,IPG,"Interpublic Group of Companies,","The Interpublic Group of Companies, Inc.",Communication Services,Advertising Agencies,29.07,10829010944,1732099968.0,-0.029,New York,NY,United States,55100.0,"The Interpublic Group of Companies, Inc. provides advertising and marketing services worldwide. It operates in three segments: Media, Data & Engagement Solutions, Integrated Advertising & Creativity Led Solutions, and Specialized Communications & Experiential Solutions. The Media, Data & Engagement Solutions segment provides media and communications services, digital services and products, advertising and marketing technology, e-commerce services, data management and analytics, strategic consulting, and digital brand experience under the IPG Mediabrands, UM, Initiative, Kinesso, Acxiom, Huge, MRM, and R/GA brand names. The Integrated Advertising & Creativity Led Solutions segment offers advertising, corporate, and brand identity services; and strategic consulting under FCB, IPG Health, McCann Worldgroup, and MullenLowe Group brands. Specialized Communications & Experiential Solutions segment provides public relations and other specialized communications services, live events, sports and entertainment marketing, and strategic consulting under IPG DXTRA Health, The Weber Shandwick Collective, Golin, Jack Morton, Momentum, and Octagon brand names. The company was formerly known as McCann-Erickson Incorporated and changed its name to The Interpublic Group of Companies, Inc. in January 1961. The Interpublic Group of Companies, Inc. was founded in 1902 and is headquartered in New York, New York.",0.000194827599615,10.3,0.0,Low,Low Controversy Level,USA,United States,66.7646656881949,0.312019243435194,0.647312557199093,1,1,0.0,-0.335293313763899,0.9511487293959097,0,0.1599499692961064,0.4421087602450484,0.0,0.09248554913294799,0.765553795034871,0.7533187513252735,0.32843779918890453,Low,0
NYQ,BEN,"Franklin Resources, Inc.","Franklin Resources, Inc.",Financial Services,Asset Management,20.49,10736411648,1688400000.0,0.113,San Mateo,CA,United States,10200.0,"Franklin Resources, Inc. is a publicly owned asset management holding company. Through its subsidiaries, the firm provides its services to individuals, institutions, pension plans, trusts, and partnerships. It launches equity, fixed income, balanced, and multi-asset mutual funds through its subsidiaries. The firm invests in the public equity, fixed income, and alternative markets. Franklin Resources, Inc. was founded in 1947 and is based in San Mateo, California with an additional office in Calgary, Canada; Dubai, United Arab Emirates; Edinburgh, United Kingdom; Fort Lauderdale, United States; Hyderabad, India; London, United Kingdom; Rancho Cordova, United states; Shanghai, China; Singapore; Stamford, United States; and Vienna, Austria.",0.0001931616211929,18.3,1.1,Low,Moderate Controversy Level,USA,United States,66.7646656881949,0.312019243435194,0.647312557199093,1,5,0.06010928961748634,-0.335293313763899,1.70448010005363,0,0.15725924595248902,0.4421087602450484,0.0,0.323699421965318,0.765553795034871,0.7574684926297748,0.3982169351690656,Medium,1
NYQ,EMN,Eastman Chemical Company,Eastman Chemical Company,Basic Materials,Specialty Chemicals,91.76,10636177408,1684000000.0,0.087,Kingsport,TN,United States,14000.0,"Eastman Chemical Company operates as a specialty materials company in the United States, China, and internationally. The company's Additives & Functional Products segment offers amine derivative-based building blocks, intermediates for surfactants, metam-based soil fumigants, and organic acid-based solutions; specialty coalescent and solvents, paint additives, and specialty polymers; and heat transfer and aviation fluids. It serves transportation, personal care, wellness, food, feed, agriculture, building and construction, water treatment, energy, consumables, durables, and electronics markets. Its Advanced Materials segment provides copolyesters, cellulosic biopolymers, cellulose esters, polyvinyl butyral sheets, and window and protective films for value-added end uses in the transportation, durables, electronics, building and construction, medical and pharma, and consumables markets. The company's Chemical Intermediates segment offers olefin and acetyl derivatives, ethylene, and commodity solvents; and primary non-phthalate and phthalate plasticizers, and niche non-phthalate plasticizers for industrial chemicals and processing, building and construction, health and wellness, and food and feed. Its Fibers segment provides cellulose acetate tow, triacetin, cellulose acetate flake, acetic acid, and acetic anhydride for use in filtration media primarily cigarette filters; natural and solution dyed acetate yarns, and staple fiber for use in consumables, and health and wellness markets; and wet-laid nonwoven media, specialty and engineered papers, and cellulose acetate fibers for transportation, industrial, agriculture and mining, and aerospace markets. The company was founded in 1920 and is headquartered in Kingsport, Tennessee.",0.0001913582804742,25.3,12.8,Medium,Moderate Controversy Level,USA,United States,66.7646656881949,0.312019243435194,0.647312557199093,2,0,0.5059288537549407,-0.335293313763899,2.3786741260041984,1,0.15832755842652452,0.4421087602450484,1.0,0.5260115606936416,0.765553795034871,0.7558208983462024,0.6587458173592055,Critical,3
NYQ,ALB,Albemarle Corporation,Albemarle Corporation,Basic Materials,Specialty Chemicals,88.65,10419920896,-935078016.0,-0.414,Charlotte,NC,United States,9000.0,"Albemarle Corporation develops, manufactures, and markets engineered specialty chemicals worldwide. It operates through three segments: Energy Storage, Specialties and Ketjen. The Energy Storage segment offers lithium compounds, including lithium carbonate, lithium hydroxide, and lithium chloride; technical services for the handling and use of reactive lithium products; and lithium-containing by-products recycling services. The Specialties segment provides bromine-based specialty chemicals, including elemental bromine, alkyl and inorganic bromides, brominated powdered activated carbon, and other bromine fine chemicals; lithium specialties, such as butyllithium and lithium aluminum hydride; develops and manufactures cesium products for the chemical and pharmaceutical industries; and zirconium, barium, and titanium products for pyrotechnical applications that include airbag initiators. The Ketjen segment offers clean fuels technologies (CFT), which is composed of hydroprocessing catalysts (HPC) together with isomerization and akylation catalysts; fluidized catalytic cracking (FCC) catalysts and additives; and performance catalyst solutions (PCS), which is composed of organometallics and curatives. The company serves the energy storage, petroleum refining, consumer electronics, construction, automotive, lubricants, pharmaceuticals, and crop protection markets. Albemarle Corporation was founded in 1887 and is headquartered in Charlotte, North Carolina.",0.000187467552378,26.6,15.4,Medium,Moderate Controversy Level,USA,United States,66.7646656881949,0.312019243435194,0.647312557199093,2,0,0.5789473684210527,-0.335293313763899,2.552802489144731,1,-0.08973945439057583,0.4421087602450484,1.0,0.5635838150289018,0.765553795034871,1.0,0.6944354038251633,Critical,3
NYQ,MGM,MGM Resorts International,MGM Resorts International,Consumer Cyclical,Resorts & Casinos,34.16,10170798080,2556987904.0,0.053,Las Vegas,NV,United States,58000.0,"MGM Resorts International, through its subsidiaries, owns and operates casino, hotel, and entertainment resorts in the United States and internationally. The company operates through three segments: Las Vegas Strip Resorts, Regional Operations, and MGM China. Its casino resorts offer gaming, hotel, convention, dining, entertainment, retail, and other resort amenities. The company's casino operations include slots and table games, as well as online sports betting and iGaming through BetMGM. Its customers include premium gaming customers; leisure and wholesale travel customers; business travelers; and group customers, including conventions, trade associations, and small meetings. The company was formerly known as MGM MIRAGE and changed its name to MGM Resorts International in June 2010. MGM Resorts International was incorporated in 1986 and is based in Las Vegas, Nevada.",0.000182985517915,24.8,1.3,Medium,Moderate Controversy Level,USA,United States,66.7646656881949,0.312019243435194,0.647312557199093,2,2,0.05241935483870968,-0.335293313763899,2.438353392224654,0,0.25140484393531487,0.4421087602450484,0.0,0.5115606936416185,0.765553795034871,0.6122733808718033,0.4400558054961586,Medium,1
NYQ,AOS,A.O. Smith Corporation,A. O. Smith Corporation,Industrials,Specialty Industrial Machinery,68.72,9964057600,809100032.0,-0.037,Milwaukee,WI,United States,12000.0,"A. O. Smith Corporation manufactures and markets residential and commercial gas and electric water heaters, boilers, heat pumps, tanks, and water treatment products in North America, China, Europe, and India. The company offers water heaters for residences, restaurants, hotels, office buildings, laundries, car washes, and small businesses; boilers for hospitals, schools, hotels, and other large commercial buildings, as well as homes, apartments, and condominiums; and water treatment products comprising point-of-entry water softeners, well water solutions, and whole-home water filtration products, and point-of-use carbon and reverse osmosis products for residences, restaurants, hotels, and offices. It also provides commercial water treatment and filtration product; expansion tanks, commercial solar water heating systems, swimming pool and spa heaters, and related products and parts; and electric wall-hung, gas tankless, combi-boiler, and heat pump and solar water heaters. The company offers its products under the A. O. Smith, State, Lochinvar, Hague, Water-Right, Master Water, Atlantic Filter, and Water Tec brands. It distributes its products through independent wholesale plumbing distributors, as well as to retail channels consisting of hardware and home center chains, and manufacturer representative firms; and offers Aquasana branded products directly to consumers through e-commerce channels. A. O. Smith Corporation was founded in 1874 and is headquartered in Milwaukee, Wisconsin.",0.000179265995267,25.4,7.2,Medium,Low Controversy Level,USA,United States,66.7646656881949,0.312019243435194,0.647312557199093,2,7,0.28346456692913385,-0.335293313763899,2.5491623011091384,1,0.08120186218112589,0.4421087602450484,1.0,0.5289017341040462,0.765553795034871,0.8747672359944567,0.6715075031471524,Critical,3
NMS,WYNN,"Wynn Resorts, Limited","Wynn Resorts, Limited",Consumer Cyclical,Resorts & Casinos,88.95,9768043520,1829332992.0,0.013,Las Vegas,NV,United States,27800.0,"Wynn Resorts, Limited designs, develops, and operates integrated resorts. The company operates through four segments: Wynn Palace, Wynn Macau, Las Vegas Operations, and Encore Boston Harbor. The Wynn Palace segment operates private gaming salons and sky casinos; a luxury hotel tower with suites, and villas, including a health club, spa, salon, and pool; food and beverage outlets; retail space; meeting and convention space; and performance lake and floral art displays. The Wynn Macau segment operates casino space with private gaming salons, sky casinos, and a poker room; a luxury hotel tower, that include health clubs, spas, a salon, and a pool; food and beverage outlets; retail space; meeting and convention space; and Chinese zodiac-inspired ceiling attractions. The Las Vegas Operations segment operates casino space with private gaming salons, a sky casino, a poker room, and a race and sports book; a luxury hotel tower with suites, and villas, including swimming pools, private cabanas, full-service spas and salons, and a wedding chapel; food and beverage outlets; meeting and convention space; retail space; and theaters, nightclubs, a beach club. The Encore Boston Harbor segment operates casino space with gaming areas, and a poker room; a luxury hotel tower including a spa and salon; food and beverage outlets and a nightclub; retail space; meeting and convention space; and a waterfront park, floral displays, and water shuttle service. Wynn Resorts, Limited was incorporated in 2002 and is based in Las Vegas, Nevada.",0.000175739454118,25.7,3.4,Medium,Moderate Controversy Level,USA,United States,66.7646656881949,0.312019243435194,0.647312557199093,2,2,0.13229571984435798,-0.335293313763899,2.631028408849677,0,0.18727731794544666,0.4421087602450484,0.0,0.5375722543352601,0.765553795034871,0.7111734197728219,0.45774927759435297,High,2
NYQ,PNW,Pinnacle West Capital Corporati,Pinnacle West Capital Corporation,Utilities,Utilities - Regulated Electric,84.96,9659952128,1978172032.0,0.08,Phoenix,AZ,United States,6133.0,"Pinnacle West Capital Corporation, through its subsidiary, provides retail and wholesale electric services primarily in the state of Arizona. The company engages in the generation, transmission, and distribution of electricity using coal, nuclear, gas, oil, and solar generating facilities. Its transmission facilities include overhead lines and underground lines; and distribution facilities consist of overhead lines and underground primary cables. The company also owns and maintains transmission and distribution substations; and owns energy storage facilities. Pinnacle West Capital Corporation was incorporated in 1985 and is headquartered in Phoenix, Arizona.",0.0001737947532999,30.8,14.7,High,Low Controversy Level,USA,United States,66.7646656881949,0.312019243435194,0.647312557199093,3,10,0.47727272727272724,-0.335293313763899,3.188421597941898,1,0.2047807282880978,0.4421087602450484,1.0,0.684971098265896,0.765553795034871,0.684178959327518,0.6992694847290134,Critical,3
NMS,LKQ,LKQ Corporation,LKQ Corporation,Consumer Cyclical,Auto Parts,36.88,9587324928,1732000000.0,0.004,Chicago,IL,United States,49000.0,"LKQ Corporation engages in the distribution of replacement parts, components, and systems used in the repair and maintenance of vehicles and specialty vehicle aftermarket products and accessories. It operates through four segments: Wholesale-North America, Europe, Specialty, and Self Service. The company distributes bumper covers, automotive body panels, and lights, as well as mechanical automotive parts and accessories; salvage products, including mechanical and collision parts comprising engines; transmissions; door assemblies; sheet metal products, such as trunk lids, fenders, and hoods; lights and bumper assemblies; scrap metal and other materials to metals recyclers; and brake pads, discs and sensors, clutches, steering and suspension products, filters, and oil and automotive fluids, as well as electrical products, including spark plugs and batteries. In addition, the company distributes recreational vehicle appliances and air conditioners, towing hitches, truck bed covers, vehicle protection products, marine electronics, cargo management products, wheels, tires, and suspension products. It serves collision and mechanical repair shops, and new and used car dealerships, as well as retail customers. The company operates in the United States, Canada, the United Kingdom, Germany, Belgium, the Netherlands, Luxembourg, Italy, the Czech Republic, Austria, Poland, Slovakia, Taiwan, and other European countries. LKQ Corporation was incorporated in 1998 and is headquartered in Chicago, Illinois.",0.0001724880981385,11.1,3.8,Low,Moderate Controversy Level,USA,United States,66.7646656881949,0.312019243435194,0.647312557199093,1,2,0.34234234234234234,-0.335293313763899,1.1577786382917095,0,0.1806551893262379,0.4421087602450484,0.0,0.11560693641618497,0.765553795034871,0.721386331746859,0.3321809734160341,Low,0
NYQ,FRT,Federal Realty Investment Trust,Federal Realty Investment Trust,Real Estate,REIT - Retail,111.92,9579524096,739025984.0,0.058,North Bethesda,MD,United States,297.0,"Federal Realty is a recognized leader in the ownership, operation and redevelopment of high-quality retail-based properties located primarily in major coastal markets from Washington, D.C. to Boston as well as Northern and Southern California. Founded in 1962, Federal Realty's mission is to deliver long-term, sustainable growth through investing in communities where retail demand exceeds supply. Its expertise includes creating urban, mixed-use neighborhoods like Santana Row in San Jose, California, Pike & Rose in North Bethesda, Maryland and Assembly Row in Somerville, Massachusetts. These unique and vibrant environments that combine shopping, dining, living and working provide a destination experience valued by their respective communities. Federal Realty's 102 properties include approximately 3,500 tenants, in 27 million commercial square feet, and approximately 3,100 residential units.",0.0001723477513071,12.4,2.3,Low,Low Controversy Level,USA,United States,66.7646656881949,0.312019243435194,0.647312557199093,1,8,0.1854838709677419,-0.335293313763899,1.2944275598385635,0,0.07714641944567849,0.4421087602450484,0.0,0.1531791907514451,0.765553795034871,0.8810217022023059,0.35941618676215686,Low,0
NYQ,AES,The AES Corporation,The AES Corporation,Utilities,Utilities - Diversified,13.0,9243351040,3334000128.0,-0.042,Arlington,VA,United States,9600.0,"The AES Corporation, together with its subsidiaries, operates as a diversified power generation and utility company in the United States and internationally. The company owns and/or operates power plants to generate and sell power to customers, such as utilities, industrial users, and other intermediaries; owns and/or operates utilities to generate or purchase, distribute, transmit, and sell electricity to end-user customers in the residential, commercial, industrial, and governmental sectors; and generates and sells electricity on the wholesale market. It uses various fuels and technologies to generate electricity, such as coal, gas, hydro, wind, solar, and biomass, as well as renewables comprising energy storage and landfill gas. The company owns and/or operates a generation portfolio of approximately 34,596 megawatts and distributes power to 2.6 million customers. The company was formerly known as Applied Energy Services, Inc. and changed its name to The AES Corporation in April 2000. The AES Corporation was incorporated in 1981 and is headquartered in Arlington, Virginia.",0.0001662995729559,26.7,13.3,Medium,Moderate Controversy Level,USA,United States,66.7646656881949,0.312019243435194,0.647312557199093,2,10,0.4981273408239701,-0.335293313763899,2.888562804166745,1,0.36069171381378157,0.4421087602450484,1.0,0.5664739884393063,0.765553795034871,0.44372679318559494,0.6396751351668442,Critical,3
NYQ,GL,Globe Life Inc.,Globe Life Inc.,Financial Services,Insurance - Life,109.39,9182754816,1495667968.0,0.052,McKinney,TX,United States,3636.0,"Globe Life Inc., through its subsidiaries, provides various life and supplemental health insurance products, and annuities to lower middle- and middle-income families in the United States. The company operates in four segments: Life Insurance, Supplemental Health Insurance, Annuities, and Investments. It offers whole, term, and other life insurance products; Medicare supplement and supplemental health insurance products, such as accident, cancer, critical illness, heart, and intensive care plans; and single-premium and flexible-premium deferred annuities. The company sells its products through its direct to consumer division, exclusive agencies, and independent agents. The company was formerly known as Torchmark Corporation and changed its name to Globe Life Inc. in August 2019. Globe Life Inc. was founded in 1900 and is headquartered in McKinney, Texas.",0.0001652093702653,20.4,1.6,Medium,Moderate Controversy Level,USA,United States,66.7646656881949,0.312019243435194,0.647312557199093,2,5,0.07843137254901962,-0.335293313763899,2.221555558083192,0,0.16287791604693108,0.4421087602450484,0.0,0.384393063583815,0.765553795034871,0.7488031545813352,0.4155584938497707,Medium,1
NMS,HSIC,"Henry Schein, Inc.","Henry Schein, Inc.",Healthcare,Medical Distribution,69.82,8705227776,922000000.0,0.004,Melville,NY,United States,26000.0,"Henry Schein, Inc. provides health care products and services to dental practitioners, laboratories, physician practices, and ambulatory surgery centers, government, institutional health care clinics, and other alternate care clinics worldwide. It operates through two segments, Health Care Distribution, and Technology and Value-Added Services. The Health Care Distribution segment offers dental products, including infection-control products, handpieces, preventatives, impression materials, composites, anesthetics, teeth, dental implants, gypsum, acrylics, articulators, abrasives, dental chairs, delivery units and lights, X-ray supplies and equipment, personal protective equipment, and high-tech and digital restoration equipment, as well as equipment repair services. This segment also provides medical products, such as branded and generic pharmaceuticals, vaccines, surgical products, diagnostic tests, infection-control products, X-ray products, equipment, and vitamins. The Technology and Value-Added Services segment offers software, technology, and other value-added services that include practice management software systems for dental and medical practitioners; and value-added practice solutions comprising practice consultancy, education, revenue cycle management and financial services, e-services, practice technology, and network and hardware services, as well as consulting, and continuing education services. Henry Schein, Inc. was founded in 1932 and is headquartered in Melville, New York.",0.0001566180550071,13.9,2.0,Low,Moderate Controversy Level,USA,United States,66.7646656881949,0.312019243435194,0.647312557199093,1,6,0.14388489208633093,-0.335293313763899,1.5967416772622312,0,0.10591336880832927,0.4421087602450484,0.0,0.19653179190751446,0.765553795034871,0.8366561607735082,0.36798541296609794,Low,0
NYQ,TFX,Teleflex Incorporated,Teleflex Incorporated,Healthcare,Medical Instruments & Supplies,178.16,8274409984,644953984.0,0.024,Wayne,PA,United States,14500.0,"Teleflex Incorporated designs, develops, manufactures, and supplies single-use medical devices for common diagnostic and therapeutic procedures in critical care and surgical applications worldwide. The company provides vascular access products that comprise Arrow branded catheters, catheter navigation and tip positioning systems, and intraosseous access systems for the administration of intravenous therapies, the measurement of blood pressure, and the withdrawal of blood samples through a single puncture site. It also offers interventional products, which consists of various coronary catheters, structural heart support devices, and peripheral intervention and mechanical circulatory support platform that are used by interventional cardiologists and radiologists, and vascular surgeons; and Arrow branded pumps and catheters, Guideline, Turnpike, and Trapliner catheters, the Manta Vascular Closure, and Arrow Oncontrol devices. The company provides anesthesia products, such as airway and pain management products to support hospital, emergency medicine, and military channels; and surgical products, including metal and polymer ligation clips, and fascial closure surgical systems that are used in laparoscopic surgical procedures, percutaneous surgical systems, and other surgical instruments. It also offers interventional urology products comprising the UroLift System, an invasive technology for treating lower urinary tract symptoms due to benign prostatic hyperplasia; respiratory products, including oxygen and aerosol therapies, spirometry, and ventilation management products for use in various care settings; urology products, such as catheters, urine collectors, and catheterization accessories and products for operative endourology; and bladder management services. The company serves hospitals and healthcare providers, medical device manufacturers, and home care markets. Teleflex Incorporated was incorporated in 1943 and is headquartered in Wayne, Pennsylvania.",0.0001488670981819,29.6,4.8,Medium,Moderate Controversy Level,USA,United States,66.7646656881949,0.312019243435194,0.647312557199093,2,6,0.16216216216216214,-0.335293313763899,3.5772943396854533,0,0.07794561609191832,0.4421087602450484,0.0,0.6502890173410405,0.765553795034871,0.8797891491264993,0.5084258794314548,High,2
NMS,WBA,"Walgreens Boots Alliance, Inc.","Walgreens Boots Alliance, Inc.",Healthcare,Pharmaceutical Retailers,9.55,8246310400,2884000000.0,0.06,Deerfield,IL,United States,193000.0,"Walgreens Boots Alliance, Inc. operates as a healthcare, pharmacy, and retail company in the United States, Germany, the United Kingdom, and internationally. It operates through three segments: U.S. Retail Pharmacy, International, and U.S. Healthcare. The U.S. Retail Pharmacy segment engages in operation of the retail drugstores, health and wellness services, specialty, and home delivery pharmacy services, which offers health and wellness, beauty, personal care and consumables, and general merchandise. The International segment offers sale of prescription drugs and health and wellness, beauty, personal care, and other consumer products outside the United States; and operates pharmacy-led health and beauty retail businesses under the Boots brand stores in the United Kingdom, the Republic of Ireland, and Thailand, as well as the Benavides brand in Mexico and the Ahumada brand in Chile. The U.S. Healthcare segment provides VillageMD, a national provider of value-based care with primary, multi-specialty, and urgent care providers serving patients in traditional clinic settings, in patients' homes and online appointments; Shields, a specialty pharmacy integrator and accelerator for hospitals; and CareCentrix, a participant in the post-acute and home care management sectors. Walgreens Boots Alliance, Inc. was founded in 1909 and is headquartered in Deerfield, Illinois.",0.0001483615511352,16.3,1.8,Low,Significant Controversy Level,USA,United States,66.7646656881949,0.312019243435194,0.647312557199093,1,6,0.11042944785276074,-0.335293313763899,1.976641577789747,0,0.34973216627887305,0.4421087602450484,0.0,0.26589595375722547,0.765553795034871,0.4606290463258653,0.35119195007624693,Low,0
NMS,HAS,"Hasbro, Inc.","Hasbro, Inc.",Consumer Cyclical,Leisure,57.58,8032467456,772200000.0,-0.148,Pawtucket,RI,United States,5502.0,"Hasbro, Inc., together with its subsidiaries, operates as a toy and game company in the United States, Europe, Canada, Mexico, Latin America, Australia, China, and Hong Kong. The company operates through Consumer Products; Wizards of the Coast and Digital Gaming; Entertainment; and Corporate and Other segments. The Consumer Products segment engages in the sourcing, marketing, and sale of toy and game products. This segment also promotes its brands through the out-licensing of trademarks, characters, and other brand and intellectual property rights to third parties through the sale of branded consumer products, such as toys and apparel. Its toys and games include action figures, arts and crafts and creative play products, dolls, play sets, preschool toys, plush products, sports action blasters and accessories, vehicles and toy-related specialty products, games, and other consumer products; and licensed products, such as apparel, publishing products, home goods and electronics, and toy products. The Wizards of the Coast and Digital Gaming segment engages in the promotion of its brands through the development of trading cards, role-playing, and digital game experiences based on Hasbro and Wizards of the Coast games. The Entertainment segment engages in the development, production, and sale of entertainment content, including film, television, children's programming, digital content, and live entertainment. The company sells its products to retailers, distributors, wholesalers, discount stores, specialty hobby stores, drug stores, mail order houses, catalog stores, department stores, and other traditional retailers, as well as e-commerce retailers; and directly to customers through its e-commerce websites under the MAGIC: THE GATHERING, Hasbro Gaming, PLAY-DOH, NERF, TRANSFORMERS, DUNGEONS & DRAGONS, PEPPA PIG, and other brand names. Hasbro, Inc. was founded in 1923 and is headquartered in Pawtucket, Rhode Island.",0.0001445142461792,7.1,0.0,Negligible,Moderate Controversy Level,USA,United States,66.7646656881949,0.312019243435194,0.647312557199093,0,2,0.0,-0.335293313763899,0.8839127004114439,0,0.09613484327573478,0.4421087602450484,0.0,0.0,0.765553795034871,0.8517369944816572,0.31053395876465845,Low,0
NYQ,IVZ,Invesco Ltd,Invesco Ltd.,Financial Services,Asset Management,17.33,7788795392,1053000000.0,0.051,Atlanta,GA,United States,8524.0,"Invesco Ltd. is a publicly owned investment manager. The firm provides its services to retail clients, institutional clients, high-net worth clients, public entities, corporations, unions, non-profit organizations, endowments, foundations, pension funds, financial institutions, and sovereign wealth funds. It manages separate client-focused equity and fixed income portfolios. The firm also launches equity, fixed income, commodity, multi-asset, and balanced mutual funds for its clients. It launches equity, fixed income, multi-asset, and balanced exchange-traded funds. The firm also launches and manages private funds. It invests in the public equity and fixed income markets across the globe. The firm also invests in alternative markets, such as commodities and currencies. For the equity portion of its portfolio, it invests in growth and value stocks of large-cap, mid-cap, and small-cap companies. For the fixed income portion of its portfolio, the firm invests in convertibles, government bonds, municipal bonds, treasury securities, and cash. It also invests in short term and intermediate term bonds, investment grade and high yield bonds, taxable and tax-free bonds, senior secured loans, and structured securities such as asset-backed securities, mortgage-backed securities, and commercial mortgage-backed securities. The firm employs absolute return, global macro, and long/short strategies. It employs quantitative analysis to make its investments. The firm was formerly known as Invesco Plc, AMVESCAP plc, Amvesco plc, Invesco PLC, Invesco MIM, and H. Lotery & Co. Ltd. Invesco Ltd. was founded in 1935 and is based in Atlanta, Georgia with an additional office in Hamilton, Bermuda.",0.0001401302776369,22.8,0.7,Medium,Moderate Controversy Level,USA,United States,66.7646656881949,0.312019243435194,0.647312557199093,2,5,0.03070175438596491,-0.335293313763899,2.9272819290410754,0,0.13519420488071282,0.4421087602450484,0.0,0.45375722543352603,0.765553795034871,0.7914980826797016,0.4406372352145207,Medium,1
NMS,APA,APA Corporation,APA Corporation,Energy,Oil & Gas E&P,21.04,7783685632,5047000064.0,0.104,Houston,TX,United States,2271.0,"APA Corporation, an independent energy company, explores for, develops, and produces natural gas, crude oil, and natural gas liquids. It has oil and gas operations in the United States, Egypt, and North Sea. The company also has exploration and appraisal activities in Suriname, as well as holds interests in projects located in Uruguay and internationally. APA Corporation was incorporated in 1954 and is headquartered in Houston, Texas.",0.0001400383465935,38.8,22.0,High,Moderate Controversy Level,USA,United States,66.7646656881949,0.312019243435194,0.647312557199093,3,4,0.5670103092783506,-0.335293313763899,4.984785079254341,1,0.6484074900521368,0.4421087602450484,1.0,0.9161849710982659,0.765553795034871,0.0,0.7002157506459725,Critical,3
NYQ,MOS,Mosaic Company (The),The Mosaic Company,Basic Materials,Agricultural Inputs,24.07,7645714944,1908199936.0,-0.208,Tampa,FL,United States,14049.0,"The Mosaic Company, through its subsidiaries, produces and markets concentrated phosphate and potash crop nutrients in North America and internationally. The company operates through three segments: Phosphates, Potash, and Mosaic Fertilizantes. It owns and operates mines, which produce concentrated phosphate crop nutrients, such as diammonium phosphate, monoammonium phosphate, and ammoniated phosphate products; and phosphate-based animal feed ingredients primarily under the Biofos and Nexfos brand names, as well as produces a double sulfate of potash magnesia product under K-Mag brand name. The company also produces and sells potash for use in the manufacturing of mixed crop nutrients and animal feed ingredients, and for industrial use; and for use in the de-icing and as a water softener regenerant. In addition, it provides nitrogen-based crop nutrients, animal feed ingredients, and other ancillary services; and purchases and sells phosphates, potash, and nitrogen products. The company sells its products to wholesale distributors, retail chains, farmers, cooperatives, independent retailers, and national accounts. The company was incorporated in 2004 and is headquartered in Tampa, Florida.",0.0001375560794595,33.5,13.9,High,Moderate Controversy Level,USA,United States,66.7646656881949,0.312019243435194,0.647312557199093,3,0,0.41492537313432837,-0.335293313763899,4.381539234115605,1,0.24957769809316083,0.4421087602450484,1.0,0.7630057803468208,0.765553795034871,0.615091278367107,0.7157711212572496,Critical,3
NMS,PARA,Paramount Global,Paramount Global,Communication Services,Entertainment,10.66,7596251648,3124999936.0,-0.056,New York,NY,United States,21900.0,"Paramount Global operates as a media, streaming, and entertainment company worldwide. It operates through TV Media, Direct-to-Consumer, and Filmed Entertainment segments. The TV Media segment operates CBS Television Network, a domestic broadcast television network; CBS Stations, a television station; and international free-to-air networks comprising Network 10, Channel 5, Telefe, and Chilevisión; domestic premium and basic cable networks, such as Paramount+ with Showtime, MTV, Comedy Central, Paramount Network, The Smithsonian Channel, Nickelodeon, BET Media Group, and CBS Sports Network; and international extensions of these brands. This segment also offers domestic and international television studio operations, including CBS Studios, Paramount Television Studios, and Showtime/MTV Entertainment Studios; CBS Media Ventures, which produces and distributes first-run syndicated programming; and digital properties consisting of CBS News Streaming and CBS Sports HQ. The Direct-to-Consumer segment provides a portfolio of domestic and international pay and free streaming services, including Paramount+, Pluto TV, BET+, and Noggin. The Filmed Entertainment segment produces and acquires films, series, and short-form content for release and licensing around the world, including in theaters, on streaming services, on television, through digital home entertainment, and DVDs/Blu-rays; and operates a portfolio consisting of Paramount Pictures, Paramount Players, Paramount Animation, Nickelodeon Studio, Awesomeness, and Miramax. It also offers production, distribution, and advertising solutions. The company was formerly known as ViacomCBS Inc. and changed its name to Paramount Global in February 2022. The company was founded in 1914 and is headquartered in New York, New York. Paramount Global is a subsidiary of National Amusements, Inc.",0.0001366661722206,15.0,0.1,Low,Significant Controversy Level,USA,United States,66.7646656881949,0.312019243435194,0.647312557199093,1,1,0.006666666666666667,-0.335293313763899,1.974658120225561,0,0.41138709995511724,0.4421087602450484,0.0,0.22832369942196534,0.765553795034871,0.36554233831870353,0.3304116029749527,Low,0
NYQ,MHK,"Mohawk Industries, Inc.","Mohawk Industries, Inc.",Consumer Cyclical,"Furnishings, Fixtures & Appliances",119.16,7521534464,1549473024.0,-0.017,Calhoun,GA,United States,43300.0,"Mohawk Industries, Inc. designs, manufactures, sources, distributes, and markets flooring products for residential and commercial remodeling, and new construction channels in the United States, Europe, Latin America, and internationally. It operates through three segments: Global Ceramic, Flooring North America, and Flooring Rest of the World. The company provides ceramic, porcelain, and natural stone tiles products for floor and wall applications; natural stones, porcelain slabs, and quartz countertops, as well as installation materials; floor covering products comprising broadloom carpets, carpet tiles, rugs and mats, carpet pads, laminates, medium-density fiberboards, wood floorings, luxury vinyl tiles, and sheet vinyl; and roofing panels, insulation boards, mezzanine flooring products, medium-density fiberboard, and chipboards. It also licenses its intellectual property to flooring manufacturers. The company sells its products under the American Olean, Daltile, Decortiles, Eliane, EmilGroup, KAI, Kerama Marazzi, Marazzi, Ragno, Aladdin Commercial, Durkan, Foss, IVC, Karastan, Mohawk, Mohawk Group, Mohawk Home, Pergo, Portico, Quick-Step, Feltex, GH Commercial, Godfrey Hirst, Hycraft, IVC Commercial, IVC Home, Lentex, Leoline, and Moduleo, Redbook, Unilin, and Vitromex brands. It offers its products to company-owned service centers and stores, company-operated distributors, floor covering retailers, wholesalers, mass merchandisers, department stores, shop at home, buying groups, ceramic tile specialists, e-commerce retailers, residential builders, independent distributors, commercial contractors, and commercial end users. The company was incorporated in 1988 and is headquartered in Calhoun, Georgia.",0.0001353219156044,14.1,5.8,Low,Moderate Controversy Level,USA,United States,66.7646656881949,0.312019243435194,0.647312557199093,1,2,0.41134751773049644,-0.335293313763899,1.874617482308461,0,0.20600490915998282,0.4421087602450484,0.0,0.2023121387283237,0.765553795034871,0.6822909785582235,0.3542829987908122,Low,0
NYQ,CE,Celanese Corporation,Celanese Corporation,Basic Materials,Chemicals,68.25,7460544000,1851000064.0,-0.028,Irving,TX,United States,12400.0,"Celanese Corporation, a chemical and specialty materials company, manufactures and sells high performance engineered polymers in the United States and internationally. It operates through Engineered Materials and Acetyl Chain. The Engineered Materials segment develops, produces, and supplies specialty polymers for automotive and medical applications, as well as for use in industrial products and consumer electronics. The Acetyl Chain segment produces and supplies acetyl products, including acetic acid, vinyl acetate monomers, acetic anhydride, and acetate esters that are used as starting materials for colorants, paints, adhesives, coatings, and pharmaceuticals; and organic solvents and intermediates for pharmaceutical, agricultural, and chemical products. It also offers vinyl acetate-based emulsions for use in paints and coatings, adhesives, construction, glass fiber, textiles, and paper applications; and ethylene vinyl acetate resins and compounds, as well as low-density polyethylene for use in flexible packaging films, lamination film products, hot melt adhesives, automotive parts, and carpeting applications. In addition, it provides redispersible powders (RDP) for use in construction applications, including flooring, plasters, insulation, tiling, and waterproofing. Celanese Corporation was founded in 1918 and is headquartered in Irving, Texas.",0.0001342246200377,26.1,14.7,Medium,Moderate Controversy Level,USA,United States,66.7646656881949,0.312019243435194,0.647312557199093,2,0,0.5632183908045977,-0.335293313763899,3.4984044058985515,1,0.24810524058299233,0.4421087602450484,1.0,0.5491329479768786,0.765553795034871,0.6173621613114882,0.6518363598407051,Critical,3
NYQ,BWA,BorgWarner Inc.,BorgWarner Inc.,Consumer Cyclical,Auto Parts,31.88,6972155904,1882000000.0,-0.048,Auburn Hills,MI,United States,39900.0,"BorgWarner Inc., together with its subsidiaries, provides solutions for combustion, hybrid, and electric vehicles worldwide. It offers turbochargers, eBoosters, eTurbos, timing systems, emissions systems, thermal systems, gasoline ignition technology, smart remote actuators, powertrain sensors, cabin heaters, battery modules and systems, battery heaters, and battery charging. The company provides power electronics, control modules, software, friction, and mechanical products for automatic transmissions and torque-management products. It sells its products to original equipment manufacturers of light vehicles, which comprise passenger cars, sport-utility vehicles, vans, and light trucks; commercial vehicles, including medium-duty and heavy-duty trucks, and buses; and off-highway vehicles, such as agricultural and construction machinery, and marine applications, as well as to tier one vehicle systems suppliers and the aftermarket for light, commercial, and off-highway vehicles. The company was formerly known as Borg-Warner Automotive, Inc. BorgWarner Inc. was incorporated in 1987 and is headquartered in Auburn Hills, Michigan.",0.0001254379006488,12.6,2.7,Low,Moderate Controversy Level,USA,United States,66.7646656881949,0.312019243435194,0.647312557199093,1,2,0.2142857142857143,-0.335293313763899,1.8071885043148914,0,0.26993085437465286,0.4421087602450484,0.0,0.15895953757225434,0.765553795034871,0.5837018256020633,0.33141830314837534,Low,0
NMS,QRVO,"Qorvo, Inc.","Qorvo, Inc.",Technology,Semiconductors,70.85,6697217024,673129984.0,-0.052,Greensboro,NC,United States,8700.0,"Qorvo, Inc. engages in development and commercialization of technologies and products for wireless, wired, and power markets worldwide. It operates through three segments: High Performance Analog (HPA), Connectivity and Sensors Group (CSG), and Advanced Cellular Group (ACG). The HPA segment supplies radio frequency and power management solutions for defense and aerospace, and 5G and 6G infrastructure markets. The CSG segment supplies connectivity and sensor solutions featuring various technologies, such as UWB, Matter, Bluetooth Low Energy, Zigbee, Thread, Wi-Fi, cellular IoT, and MEMS-based sensors. It serves smart home, industrial automation, automotive, smartphones, wearables, gaming, and industrial and enterprise access points markets. The ACG segment supplies cellular RF solutions for smartphones, wearables, laptops, tablets, and various other devices. It also offers foundry services for defense primes and other defense and aerospace customers. The company sells its products directly to original equipment manufacturers and original design manufacturers, as well as through a network of sales representative firms and distributors. Qorvo, Inc. was founded in 1957 and is headquartered in Greensboro, North Carolina.",0.0001204914025514,28.5,12.3,Medium,None Controversy Level,USA,United States,66.7646656881949,0.312019243435194,0.647312557199093,2,9,0.43157894736842106,-0.335293313763899,4.255498947976156,0,0.10050891013204233,0.4421087602450484,0.0,0.6184971098265896,0.765553795034871,0.8449911333936617,0.49540850560383576,High,2
NYQ,FMC,FMC Corporation,FMC Corporation,Basic Materials,Agricultural Inputs,50.15,6260525568,703299968.0,0.085,Philadelphia,PA,United States,5800.0,"FMC Corporation, an agricultural sciences company, provides crop protection, plant health, and professional pest and turf management products. It develops, markets, and sells crop protection chemicals that includes insecticides, herbicides, and fungicides; and biologicals, crop nutrition, and seed treatment products, which are used in agriculture to enhance crop yield and quality by controlling a range of insects, weeds, and diseases, as well as in non-agricultural markets for pest control. The company markets its products through its own sales organization and through alliance partners, independent distributors, and sales representatives. It operates in North America, Latin America, Europe, the Middle East, Africa, and Asia. The company was founded in 1883 and is headquartered in Philadelphia, Pennsylvania.",0.0001126347710838,30.7,14.4,High,Low Controversy Level,USA,United States,66.7646656881949,0.312019243435194,0.647312557199093,3,0,0.4690553745928339,-0.335293313763899,4.903741653403626,1,0.11233880612114129,0.4421087602450484,1.0,0.6820809248554913,0.765553795034871,0.8267465940097201,0.712659196174112,Critical,3
